"simulation","method","lambda","rank","effective_rank","rmse","converged"
0,"PCA (oracle)",NA,0,0,0.777444540076908,NA
0,"PCA (oracle)",NA,1,1,0.486491208598885,NA
0,"PCA (oracle)",NA,2,2,0.35821849186621,NA
0,"PCA (oracle)",NA,3,3,0.178610564014966,NA
0,"PCA (oracle)",NA,4,4,0.219190154841213,NA
0,"PCA (oracle)",NA,5,5,0.252412554008751,NA
0,"PCA (oracle)",NA,6,6,0.281227434188526,NA
0,"PCA (oracle)",NA,7,7,0.307009450708721,NA
0,"PCA (oracle)",NA,8,8,0.330507420598157,NA
0,"PCA (oracle)",NA,9,9,0.352063350144905,NA
0,"PCA (oracle)",NA,10,10,0.372254203960148,NA
0,"PCA (oracle)",NA,11,11,0.391258212676094,NA
0,"PCA (oracle)",NA,12,12,0.409252217378324,NA
0,"PCA (oracle)",NA,13,13,0.426233306180712,NA
0,"PCA (oracle)",NA,14,14,0.442431764420721,NA
0,"PCA (oracle)",NA,15,15,0.457833078681667,NA
0,"PCA (oracle)",NA,16,16,0.472646458832831,NA
0,"PCA (oracle)",NA,17,17,0.486995566902803,NA
0,"PCA (oracle)",NA,18,18,0.500859299799571,NA
0,"PCA (oracle)",NA,19,19,0.514087720626473,NA
0,"PCA (oracle)",NA,20,20,0.527002046576832,NA
0,"PCA (oracle)",NA,21,21,0.539413000170125,NA
0,"PCA (oracle)",NA,22,22,0.551431590381797,NA
0,"PCA (oracle)",NA,23,23,0.563043461765286,NA
0,"PCA (oracle)",NA,24,24,0.574344328751025,NA
0,"PCA (oracle)",NA,25,25,0.585317492256448,NA
0,"PCA (oracle)",NA,26,26,0.595959533577036,NA
0,"PCA (oracle)",NA,27,27,0.606348611722011,NA
0,"PCA (oracle)",NA,28,28,0.616440792075749,NA
0,"PCA (oracle)",NA,29,29,0.626320289071456,NA
0,"PCA (oracle)",NA,30,30,0.636030650685989,NA
0,"ICA (oracle)",NA,0,0,0.777444540076908,NA
0,"ICA (oracle)",NA,1,1,0.486491208598885,TRUE
0,"ICA (oracle)",NA,2,2,0.358218491866211,TRUE
0,"ICA (oracle)",NA,3,3,0.178610564014966,TRUE
0,"ICA (oracle)",NA,4,4,0.219190154841213,TRUE
0,"ICA (oracle)",NA,5,5,0.252412554008752,TRUE
0,"ICA (oracle)",NA,6,6,0.281227434188526,TRUE
0,"ICA (oracle)",NA,7,7,0.307009450708721,TRUE
0,"ICA (oracle)",NA,8,8,0.330507420598157,TRUE
0,"ICA (oracle)",NA,9,9,0.352063350144905,FALSE
0,"ICA (oracle)",NA,10,10,0.372254203960148,FALSE
0,"ICA (oracle)",NA,11,11,0.391258212676094,FALSE
0,"ICA (oracle)",NA,12,12,0.409252217378324,FALSE
0,"ICA (oracle)",NA,13,13,0.426233306180713,FALSE
0,"ICA (oracle)",NA,14,14,0.442431764420721,FALSE
0,"ICA (oracle)",NA,15,15,0.457833078681667,FALSE
0,"ICA (oracle)",NA,16,16,0.472646458832831,FALSE
0,"ICA (oracle)",NA,17,17,0.486995566902803,FALSE
0,"ICA (oracle)",NA,18,18,0.500859299799571,FALSE
0,"ICA (oracle)",NA,19,19,0.514087720626474,FALSE
0,"ICA (oracle)",NA,20,20,0.527002046576833,FALSE
0,"ICA (oracle)",NA,21,21,0.539413000170125,FALSE
0,"ICA (oracle)",NA,22,22,0.551431590381797,FALSE
0,"ICA (oracle)",NA,23,23,0.563043461765286,FALSE
0,"ICA (oracle)",NA,24,24,0.574344328751025,FALSE
0,"ICA (oracle)",NA,25,25,0.585317492256448,FALSE
0,"ICA (oracle)",NA,26,26,0.595959533577037,FALSE
0,"ICA (oracle)",NA,27,27,0.606348611722011,FALSE
0,"ICA (oracle)",NA,28,28,0.616440792075749,FALSE
0,"ICA (oracle)",NA,29,29,0.626320289071456,FALSE
0,"ICA (oracle)",NA,30,30,0.636030650685989,FALSE
0,"SoftImpute (oracle)",1,0,0,0.777444540076908,NA
0,"SoftImpute (oracle)",1,1,1,0.486418788771875,NA
0,"SoftImpute (oracle)",1,2,2,0.35799093109036,NA
0,"SoftImpute (oracle)",1,3,3,0.177815321422642,NA
0,"SoftImpute (oracle)",1,4,4,0.217250266810473,NA
0,"SoftImpute (oracle)",1,5,5,0.24962105264666,NA
0,"SoftImpute (oracle)",1,6,6,0.277737076088456,NA
0,"SoftImpute (oracle)",1,7,7,0.302915950021292,NA
0,"SoftImpute (oracle)",1,8,8,0.325877371320045,NA
0,"SoftImpute (oracle)",1,9,9,0.346946743530105,NA
0,"SoftImpute (oracle)",1,10,10,0.366688979367062,NA
0,"SoftImpute (oracle)",1,11,11,0.385275104097391,NA
0,"SoftImpute (oracle)",1,12,12,0.402876601666864,NA
0,"SoftImpute (oracle)",1,13,13,0.419486982891733,NA
0,"SoftImpute (oracle)",1,14,14,0.435333059344681,NA
0,"SoftImpute (oracle)",1,15,15,0.450398197193524,NA
0,"SoftImpute (oracle)",1,16,16,0.464889276175245,NA
0,"SoftImpute (oracle)",1,17,17,0.478928241415559,NA
0,"SoftImpute (oracle)",1,18,18,0.492492898497995,NA
0,"SoftImpute (oracle)",1,19,19,0.505432694127673,NA
0,"SoftImpute (oracle)",1,20,20,0.518067201661408,NA
0,"SoftImpute (oracle)",1,21,21,0.53020690151577,NA
0,"SoftImpute (oracle)",1,22,22,0.541961907743501,NA
0,"SoftImpute (oracle)",1,23,23,0.553317362902547,NA
0,"SoftImpute (oracle)",1,24,24,0.564368277028144,NA
0,"SoftImpute (oracle)",1,25,25,0.575097581118931,NA
0,"SoftImpute (oracle)",1,26,26,0.585501498474784,NA
0,"SoftImpute (oracle)",1,27,27,0.595657670388616,NA
0,"SoftImpute (oracle)",1,28,28,0.6055219809751,NA
0,"SoftImpute (oracle)",1,29,29,0.615178174512103,NA
0,"SoftImpute (oracle)",1,30,30,0.624669461777837,NA
1,"PCA (oracle)",NA,0,0,0.804459994259563,NA
1,"PCA (oracle)",NA,1,1,0.494213333481468,NA
1,"PCA (oracle)",NA,2,2,0.344521799764849,NA
1,"PCA (oracle)",NA,3,3,0.176453373441628,NA
1,"PCA (oracle)",NA,4,4,0.217309679205143,NA
1,"PCA (oracle)",NA,5,5,0.250593868699614,NA
1,"PCA (oracle)",NA,6,6,0.279859197311776,NA
1,"PCA (oracle)",NA,7,7,0.305932186123545,NA
1,"PCA (oracle)",NA,8,8,0.329658419289742,NA
1,"PCA (oracle)",NA,9,9,0.351736080614181,NA
1,"PCA (oracle)",NA,10,10,0.372002108031809,NA
1,"PCA (oracle)",NA,11,11,0.391040032706297,NA
1,"PCA (oracle)",NA,12,12,0.408906661098736,NA
1,"PCA (oracle)",NA,13,13,0.425767878295829,NA
1,"PCA (oracle)",NA,14,14,0.4418618013941,NA
1,"PCA (oracle)",NA,15,15,0.457340201000101,NA
1,"PCA (oracle)",NA,16,16,0.472211347150652,NA
1,"PCA (oracle)",NA,17,17,0.486556093031787,NA
1,"PCA (oracle)",NA,18,18,0.500339619284292,NA
1,"PCA (oracle)",NA,19,19,0.513585071355176,NA
1,"PCA (oracle)",NA,20,20,0.526237918221853,NA
1,"PCA (oracle)",NA,21,21,0.538536029501225,NA
1,"PCA (oracle)",NA,22,22,0.55038360731432,NA
1,"PCA (oracle)",NA,23,23,0.561922711003726,NA
1,"PCA (oracle)",NA,24,24,0.57316348111272,NA
1,"PCA (oracle)",NA,25,25,0.584106730210938,NA
1,"PCA (oracle)",NA,26,26,0.594789402389585,NA
1,"PCA (oracle)",NA,27,27,0.605187721298847,NA
1,"PCA (oracle)",NA,28,28,0.615346644204648,NA
1,"PCA (oracle)",NA,29,29,0.625287193576179,NA
1,"PCA (oracle)",NA,30,30,0.635023417817031,NA
1,"ICA (oracle)",NA,0,0,0.804459994259563,NA
1,"ICA (oracle)",NA,1,1,0.494213333481468,TRUE
1,"ICA (oracle)",NA,2,2,0.344521799764849,TRUE
1,"ICA (oracle)",NA,3,3,0.176453373441628,TRUE
1,"ICA (oracle)",NA,4,4,0.217309679205143,TRUE
1,"ICA (oracle)",NA,5,5,0.250593868699614,TRUE
1,"ICA (oracle)",NA,6,6,0.279859197311776,TRUE
1,"ICA (oracle)",NA,7,7,0.305932186123545,TRUE
1,"ICA (oracle)",NA,8,8,0.329658419289742,FALSE
1,"ICA (oracle)",NA,9,9,0.351736080614181,FALSE
1,"ICA (oracle)",NA,10,10,0.372002108031809,FALSE
1,"ICA (oracle)",NA,11,11,0.391040032706296,FALSE
1,"ICA (oracle)",NA,12,12,0.408906661098736,FALSE
1,"ICA (oracle)",NA,13,13,0.425767878295829,FALSE
1,"ICA (oracle)",NA,14,14,0.441861801394099,FALSE
1,"ICA (oracle)",NA,15,15,0.4573402010001,FALSE
1,"ICA (oracle)",NA,16,16,0.472211347150652,FALSE
1,"ICA (oracle)",NA,17,17,0.486556093031787,FALSE
1,"ICA (oracle)",NA,18,18,0.500339619284292,FALSE
1,"ICA (oracle)",NA,19,19,0.513585071355176,FALSE
1,"ICA (oracle)",NA,20,20,0.526237918221852,FALSE
1,"ICA (oracle)",NA,21,21,0.538536029501225,FALSE
1,"ICA (oracle)",NA,22,22,0.55038360731432,FALSE
1,"ICA (oracle)",NA,23,23,0.561922711003726,FALSE
1,"ICA (oracle)",NA,24,24,0.57316348111272,FALSE
1,"ICA (oracle)",NA,25,25,0.584106730210937,FALSE
1,"ICA (oracle)",NA,26,26,0.594789402389585,FALSE
1,"ICA (oracle)",NA,27,27,0.605187721298847,FALSE
1,"ICA (oracle)",NA,28,28,0.615346644204647,FALSE
1,"ICA (oracle)",NA,29,29,0.625287193576178,FALSE
1,"ICA (oracle)",NA,30,30,0.635023417817031,FALSE
1,"SoftImpute (oracle)",1,0,0,0.804459994259563,NA
1,"SoftImpute (oracle)",1,1,1,0.494167822786323,NA
1,"SoftImpute (oracle)",1,2,2,0.344275193416964,NA
1,"SoftImpute (oracle)",1,3,3,0.175613757449413,NA
1,"SoftImpute (oracle)",1,4,4,0.21532687191671,NA
1,"SoftImpute (oracle)",1,5,5,0.247762691020882,NA
1,"SoftImpute (oracle)",1,6,6,0.276329566043152,NA
1,"SoftImpute (oracle)",1,7,7,0.301800713856071,NA
1,"SoftImpute (oracle)",1,8,8,0.324991780129986,NA
1,"SoftImpute (oracle)",1,9,9,0.346582942743332,NA
1,"SoftImpute (oracle)",1,10,10,0.366401992273581,NA
1,"SoftImpute (oracle)",1,11,11,0.385023565410836,NA
1,"SoftImpute (oracle)",1,12,12,0.402499502437578,NA
1,"SoftImpute (oracle)",1,13,13,0.418991573030916,NA
1,"SoftImpute (oracle)",1,14,14,0.434734450151095,NA
1,"SoftImpute (oracle)",1,15,15,0.449877369538736,NA
1,"SoftImpute (oracle)",1,16,16,0.464426894635182,NA
1,"SoftImpute (oracle)",1,17,17,0.4784622746293,NA
1,"SoftImpute (oracle)",1,18,18,0.491947618501696,NA
1,"SoftImpute (oracle)",1,19,19,0.504905026664961,NA
1,"SoftImpute (oracle)",1,20,20,0.517279267506912,NA
1,"SoftImpute (oracle)",1,21,21,0.529306898728831,NA
1,"SoftImpute (oracle)",1,22,22,0.540891757909172,NA
1,"SoftImpute (oracle)",1,23,23,0.552175022666238,NA
1,"SoftImpute (oracle)",1,24,24,0.563166352132197,NA
1,"SoftImpute (oracle)",1,25,25,0.573866152285143,NA
1,"SoftImpute (oracle)",1,26,26,0.584310918801457,NA
1,"SoftImpute (oracle)",1,27,27,0.594476610013299,NA
1,"SoftImpute (oracle)",1,28,28,0.604407786304972,NA
1,"SoftImpute (oracle)",1,29,29,0.614125161267219,NA
1,"SoftImpute (oracle)",1,30,30,0.623642516433995,NA
2,"PCA (oracle)",NA,0,0,0.732933969667366,NA
2,"PCA (oracle)",NA,1,1,0.468589795041747,NA
2,"PCA (oracle)",NA,2,2,0.327291875996829,NA
2,"PCA (oracle)",NA,3,3,0.175786365162496,NA
2,"PCA (oracle)",NA,4,4,0.215972236026674,NA
2,"PCA (oracle)",NA,5,5,0.249352066194744,NA
2,"PCA (oracle)",NA,6,6,0.278453305243874,NA
2,"PCA (oracle)",NA,7,7,0.304365798183579,NA
2,"PCA (oracle)",NA,8,8,0.327867621879625,NA
2,"PCA (oracle)",NA,9,9,0.349438372586512,NA
2,"PCA (oracle)",NA,10,10,0.369555519852536,NA
2,"PCA (oracle)",NA,11,11,0.388622651900494,NA
2,"PCA (oracle)",NA,12,12,0.406612403264118,NA
2,"PCA (oracle)",NA,13,13,0.423484078210777,NA
2,"PCA (oracle)",NA,14,14,0.43973462088228,NA
2,"PCA (oracle)",NA,15,15,0.45501626488803,NA
2,"PCA (oracle)",NA,16,16,0.469657472354155,NA
2,"PCA (oracle)",NA,17,17,0.483788077746276,NA
2,"PCA (oracle)",NA,18,18,0.497500800645338,NA
2,"PCA (oracle)",NA,19,19,0.510698970325909,NA
2,"PCA (oracle)",NA,20,20,0.523531329006554,NA
2,"PCA (oracle)",NA,21,21,0.535977563046476,NA
2,"PCA (oracle)",NA,22,22,0.548061754033617,NA
2,"PCA (oracle)",NA,23,23,0.559764648283577,NA
2,"PCA (oracle)",NA,24,24,0.571157274992448,NA
2,"PCA (oracle)",NA,25,25,0.582125495707774,NA
2,"PCA (oracle)",NA,26,26,0.592816680425834,NA
2,"PCA (oracle)",NA,27,27,0.603264596037682,NA
2,"PCA (oracle)",NA,28,28,0.613442824023298,NA
2,"PCA (oracle)",NA,29,29,0.623408367370216,NA
2,"PCA (oracle)",NA,30,30,0.633128226377814,NA
2,"ICA (oracle)",NA,0,0,0.732933969667366,NA
2,"ICA (oracle)",NA,1,1,0.468589795041747,TRUE
2,"ICA (oracle)",NA,2,2,0.327291875996829,TRUE
2,"ICA (oracle)",NA,3,3,0.175786365162496,TRUE
2,"ICA (oracle)",NA,4,4,0.215972236026674,TRUE
2,"ICA (oracle)",NA,5,5,0.249352066194744,FALSE
2,"ICA (oracle)",NA,6,6,0.278453305243873,TRUE
2,"ICA (oracle)",NA,7,7,0.304365798183579,FALSE
2,"ICA (oracle)",NA,8,8,0.327867621879625,FALSE
2,"ICA (oracle)",NA,9,9,0.349438372586512,FALSE
2,"ICA (oracle)",NA,10,10,0.369555519852536,FALSE
2,"ICA (oracle)",NA,11,11,0.388622651900494,FALSE
2,"ICA (oracle)",NA,12,12,0.406612403264118,FALSE
2,"ICA (oracle)",NA,13,13,0.423484078210777,FALSE
2,"ICA (oracle)",NA,14,14,0.43973462088228,FALSE
2,"ICA (oracle)",NA,15,15,0.45501626488803,FALSE
2,"ICA (oracle)",NA,16,16,0.469657472354156,FALSE
2,"ICA (oracle)",NA,17,17,0.483788077746276,FALSE
2,"ICA (oracle)",NA,18,18,0.497500800645338,FALSE
2,"ICA (oracle)",NA,19,19,0.510698970325909,FALSE
2,"ICA (oracle)",NA,20,20,0.523531329006554,FALSE
2,"ICA (oracle)",NA,21,21,0.535977563046476,FALSE
2,"ICA (oracle)",NA,22,22,0.548061754033616,FALSE
2,"ICA (oracle)",NA,23,23,0.559764648283577,FALSE
2,"ICA (oracle)",NA,24,24,0.571157274992448,FALSE
2,"ICA (oracle)",NA,25,25,0.582125495707774,FALSE
2,"ICA (oracle)",NA,26,26,0.592816680425834,FALSE
2,"ICA (oracle)",NA,27,27,0.603264596037682,FALSE
2,"ICA (oracle)",NA,28,28,0.613442824023297,FALSE
2,"ICA (oracle)",NA,29,29,0.623408367370216,FALSE
2,"ICA (oracle)",NA,30,30,0.633128226377814,FALSE
2,"SoftImpute (oracle)",1,0,0,0.732933969667366,NA
2,"SoftImpute (oracle)",1,1,1,0.468525681338456,NA
2,"SoftImpute (oracle)",1,2,2,0.327034653380039,NA
2,"SoftImpute (oracle)",1,3,3,0.174880949678881,NA
2,"SoftImpute (oracle)",1,4,4,0.213940132648535,NA
2,"SoftImpute (oracle)",1,5,5,0.246476099558961,NA
2,"SoftImpute (oracle)",1,6,6,0.274883621572956,NA
2,"SoftImpute (oracle)",1,7,7,0.300197791831625,NA
2,"SoftImpute (oracle)",1,8,8,0.323167474951757,NA
2,"SoftImpute (oracle)",1,9,9,0.344255225576622,NA
2,"SoftImpute (oracle)",1,10,10,0.363927076031773,NA
2,"SoftImpute (oracle)",1,11,11,0.382578744716097,NA
2,"SoftImpute (oracle)",1,12,12,0.400178301910664,NA
2,"SoftImpute (oracle)",1,13,13,0.416681583861362,NA
2,"SoftImpute (oracle)",1,14,14,0.432581367816147,NA
2,"SoftImpute (oracle)",1,15,15,0.447528730882026,NA
2,"SoftImpute (oracle)",1,16,16,0.46184949105132,NA
2,"SoftImpute (oracle)",1,17,17,0.475671761173574,NA
2,"SoftImpute (oracle)",1,18,18,0.489086900579271,NA
2,"SoftImpute (oracle)",1,19,19,0.501997521762913,NA
2,"SoftImpute (oracle)",1,20,20,0.514551187720975,NA
2,"SoftImpute (oracle)",1,21,21,0.526726937038134,NA
2,"SoftImpute (oracle)",1,22,22,0.53854818732541,NA
2,"SoftImpute (oracle)",1,23,23,0.549995195070442,NA
2,"SoftImpute (oracle)",1,24,24,0.561138361009334,NA
2,"SoftImpute (oracle)",1,25,25,0.571863392562338,NA
2,"SoftImpute (oracle)",1,26,26,0.582316951961488,NA
2,"SoftImpute (oracle)",1,27,27,0.592532410381813,NA
2,"SoftImpute (oracle)",1,28,28,0.602483119845303,NA
2,"SoftImpute (oracle)",1,29,29,0.612225692194387,NA
2,"SoftImpute (oracle)",1,30,30,0.621726967896222,NA
3,"PCA (oracle)",NA,0,0,0.785874378347808,NA
3,"PCA (oracle)",NA,1,1,0.514718536548664,NA
3,"PCA (oracle)",NA,2,2,0.354674085507424,NA
3,"PCA (oracle)",NA,3,3,0.17711957181939,NA
3,"PCA (oracle)",NA,4,4,0.216947378506248,NA
3,"PCA (oracle)",NA,5,5,0.249795041024798,NA
3,"PCA (oracle)",NA,6,6,0.278581352156585,NA
3,"PCA (oracle)",NA,7,7,0.304072705722998,NA
3,"PCA (oracle)",NA,8,8,0.327461303923871,NA
3,"PCA (oracle)",NA,9,9,0.349224006649946,NA
3,"PCA (oracle)",NA,10,10,0.369343304778643,NA
3,"PCA (oracle)",NA,11,11,0.388372464785022,NA
3,"PCA (oracle)",NA,12,12,0.406425543694047,NA
3,"PCA (oracle)",NA,13,13,0.423473259982926,NA
3,"PCA (oracle)",NA,14,14,0.439696184332813,NA
3,"PCA (oracle)",NA,15,15,0.455186846636712,NA
3,"PCA (oracle)",NA,16,16,0.470125237310084,NA
3,"PCA (oracle)",NA,17,17,0.484432944858564,NA
3,"PCA (oracle)",NA,18,18,0.498306359585702,NA
3,"PCA (oracle)",NA,19,19,0.511605711594849,NA
3,"PCA (oracle)",NA,20,20,0.524384928261826,NA
3,"PCA (oracle)",NA,21,21,0.536826756294824,NA
3,"PCA (oracle)",NA,22,22,0.548922622335761,NA
3,"PCA (oracle)",NA,23,23,0.560584472517883,NA
3,"PCA (oracle)",NA,24,24,0.571935647866903,NA
3,"PCA (oracle)",NA,25,25,0.582991402552476,NA
3,"PCA (oracle)",NA,26,26,0.593785536544476,NA
3,"PCA (oracle)",NA,27,27,0.604275119048396,NA
3,"PCA (oracle)",NA,28,28,0.614518863764366,NA
3,"PCA (oracle)",NA,29,29,0.624451365133664,NA
3,"PCA (oracle)",NA,30,30,0.634194718019488,NA
3,"ICA (oracle)",NA,0,0,0.785874378347808,NA
3,"ICA (oracle)",NA,1,1,0.514718536548664,TRUE
3,"ICA (oracle)",NA,2,2,0.354674085507425,TRUE
3,"ICA (oracle)",NA,3,3,0.17711957181939,TRUE
3,"ICA (oracle)",NA,4,4,0.216947378506248,TRUE
3,"ICA (oracle)",NA,5,5,0.249795041024798,TRUE
3,"ICA (oracle)",NA,6,6,0.278581352156585,TRUE
3,"ICA (oracle)",NA,7,7,0.304072705722998,TRUE
3,"ICA (oracle)",NA,8,8,0.327461303923871,FALSE
3,"ICA (oracle)",NA,9,9,0.349224006649946,FALSE
3,"ICA (oracle)",NA,10,10,0.369343304778643,FALSE
3,"ICA (oracle)",NA,11,11,0.388372464785023,FALSE
3,"ICA (oracle)",NA,12,12,0.406425543694048,FALSE
3,"ICA (oracle)",NA,13,13,0.423473259982926,FALSE
3,"ICA (oracle)",NA,14,14,0.439696184332814,FALSE
3,"ICA (oracle)",NA,15,15,0.455186846636712,FALSE
3,"ICA (oracle)",NA,16,16,0.470125237310085,FALSE
3,"ICA (oracle)",NA,17,17,0.484432944858564,FALSE
3,"ICA (oracle)",NA,18,18,0.498306359585703,FALSE
3,"ICA (oracle)",NA,19,19,0.511605711594849,FALSE
3,"ICA (oracle)",NA,20,20,0.524384928261827,FALSE
3,"ICA (oracle)",NA,21,21,0.536826756294824,FALSE
3,"ICA (oracle)",NA,22,22,0.548922622335762,FALSE
3,"ICA (oracle)",NA,23,23,0.560584472517884,FALSE
3,"ICA (oracle)",NA,24,24,0.571935647866904,FALSE
3,"ICA (oracle)",NA,25,25,0.582991402552476,FALSE
3,"ICA (oracle)",NA,26,26,0.593785536544476,FALSE
3,"ICA (oracle)",NA,27,27,0.604275119048397,FALSE
3,"ICA (oracle)",NA,28,28,0.614518863764366,FALSE
3,"ICA (oracle)",NA,29,29,0.624451365133664,FALSE
3,"ICA (oracle)",NA,30,30,0.634194718019488,FALSE
3,"SoftImpute (oracle)",1,0,0,0.785874378347808,NA
3,"SoftImpute (oracle)",1,1,1,0.514660237745653,NA
3,"SoftImpute (oracle)",1,2,2,0.354438631345241,NA
3,"SoftImpute (oracle)",1,3,3,0.176314435621686,NA
3,"SoftImpute (oracle)",1,4,4,0.215003111154334,NA
3,"SoftImpute (oracle)",1,5,5,0.246999989744693,NA
3,"SoftImpute (oracle)",1,6,6,0.27508627512439,NA
3,"SoftImpute (oracle)",1,7,7,0.299975121607261,NA
3,"SoftImpute (oracle)",1,8,8,0.322826963819015,NA
3,"SoftImpute (oracle)",1,9,9,0.344101792462892,NA
3,"SoftImpute (oracle)",1,10,10,0.363772449260749,NA
3,"SoftImpute (oracle)",1,11,11,0.382383426554471,NA
3,"SoftImpute (oracle)",1,12,12,0.400043671603594,NA
3,"SoftImpute (oracle)",1,13,13,0.416720386405675,NA
3,"SoftImpute (oracle)",1,14,14,0.432590803792901,NA
3,"SoftImpute (oracle)",1,15,15,0.44774500802963,NA
3,"SoftImpute (oracle)",1,16,16,0.462360765176842,NA
3,"SoftImpute (oracle)",1,17,17,0.476358455172805,NA
3,"SoftImpute (oracle)",1,18,18,0.489932792289888,NA
3,"SoftImpute (oracle)",1,19,19,0.50294336427624,NA
3,"SoftImpute (oracle)",1,20,20,0.515443115914826,NA
3,"SoftImpute (oracle)",1,21,21,0.527613629975855,NA
3,"SoftImpute (oracle)",1,22,22,0.539445749211896,NA
3,"SoftImpute (oracle)",1,23,23,0.550851086450602,NA
3,"SoftImpute (oracle)",1,24,24,0.561952217767572,NA
3,"SoftImpute (oracle)",1,25,25,0.572763949555791,NA
3,"SoftImpute (oracle)",1,26,26,0.583319638220642,NA
3,"SoftImpute (oracle)",1,27,27,0.593576123754385,NA
3,"SoftImpute (oracle)",1,28,28,0.603591689750965,NA
3,"SoftImpute (oracle)",1,29,29,0.613300817920519,NA
3,"SoftImpute (oracle)",1,30,30,0.622825079258959,NA
4,"PCA (oracle)",NA,0,0,0.7876708618578,NA
4,"PCA (oracle)",NA,1,1,0.466450519661417,NA
4,"PCA (oracle)",NA,2,2,0.331386371246747,NA
4,"PCA (oracle)",NA,3,3,0.177453865832659,NA
4,"PCA (oracle)",NA,4,4,0.218214626124373,NA
4,"PCA (oracle)",NA,5,5,0.251362995807068,NA
4,"PCA (oracle)",NA,6,6,0.28043481492433,NA
4,"PCA (oracle)",NA,7,7,0.306481375574325,NA
4,"PCA (oracle)",NA,8,8,0.330273270875877,NA
4,"PCA (oracle)",NA,9,9,0.352152283073993,NA
4,"PCA (oracle)",NA,10,10,0.372320312701928,NA
4,"PCA (oracle)",NA,11,11,0.391267675688606,NA
4,"PCA (oracle)",NA,12,12,0.409218758969337,NA
4,"PCA (oracle)",NA,13,13,0.426293593311229,NA
4,"PCA (oracle)",NA,14,14,0.442466064142888,NA
4,"PCA (oracle)",NA,15,15,0.457987758031585,NA
4,"PCA (oracle)",NA,16,16,0.472917626105159,NA
4,"PCA (oracle)",NA,17,17,0.487253937536187,NA
4,"PCA (oracle)",NA,18,18,0.501080565036541,NA
4,"PCA (oracle)",NA,19,19,0.514426776807113,NA
4,"PCA (oracle)",NA,20,20,0.52734710773651,NA
4,"PCA (oracle)",NA,21,21,0.539885224997977,NA
4,"PCA (oracle)",NA,22,22,0.551989040557549,NA
4,"PCA (oracle)",NA,23,23,0.563777224418818,NA
4,"PCA (oracle)",NA,24,24,0.575197695608811,NA
4,"PCA (oracle)",NA,25,25,0.586350488604305,NA
4,"PCA (oracle)",NA,26,26,0.597197553542151,NA
4,"PCA (oracle)",NA,27,27,0.607710990818758,NA
4,"PCA (oracle)",NA,28,28,0.617906543076939,NA
4,"PCA (oracle)",NA,29,29,0.627872140701906,NA
4,"PCA (oracle)",NA,30,30,0.637631885787024,NA
4,"ICA (oracle)",NA,0,0,0.7876708618578,NA
4,"ICA (oracle)",NA,1,1,0.466450519661417,TRUE
4,"ICA (oracle)",NA,2,2,0.331386371246747,TRUE
4,"ICA (oracle)",NA,3,3,0.177453865832659,TRUE
4,"ICA (oracle)",NA,4,4,0.218214626124373,TRUE
4,"ICA (oracle)",NA,5,5,0.251362995807067,TRUE
4,"ICA (oracle)",NA,6,6,0.28043481492433,TRUE
4,"ICA (oracle)",NA,7,7,0.306481375574325,TRUE
4,"ICA (oracle)",NA,8,8,0.330273270875877,FALSE
4,"ICA (oracle)",NA,9,9,0.352152283073993,TRUE
4,"ICA (oracle)",NA,10,10,0.372320312701928,FALSE
4,"ICA (oracle)",NA,11,11,0.391267675688607,FALSE
4,"ICA (oracle)",NA,12,12,0.409218758969337,FALSE
4,"ICA (oracle)",NA,13,13,0.426293593311228,TRUE
4,"ICA (oracle)",NA,14,14,0.442466064142887,TRUE
4,"ICA (oracle)",NA,15,15,0.457987758031585,FALSE
4,"ICA (oracle)",NA,16,16,0.47291762610516,FALSE
4,"ICA (oracle)",NA,17,17,0.487253937536187,FALSE
4,"ICA (oracle)",NA,18,18,0.50108056503654,FALSE
4,"ICA (oracle)",NA,19,19,0.514426776807113,FALSE
4,"ICA (oracle)",NA,20,20,0.52734710773651,FALSE
4,"ICA (oracle)",NA,21,21,0.539885224997976,FALSE
4,"ICA (oracle)",NA,22,22,0.551989040557549,FALSE
4,"ICA (oracle)",NA,23,23,0.563777224418817,FALSE
4,"ICA (oracle)",NA,24,24,0.575197695608812,FALSE
4,"ICA (oracle)",NA,25,25,0.586350488604305,FALSE
4,"ICA (oracle)",NA,26,26,0.597197553542151,FALSE
4,"ICA (oracle)",NA,27,27,0.607710990818758,FALSE
4,"ICA (oracle)",NA,28,28,0.617906543076939,FALSE
4,"ICA (oracle)",NA,29,29,0.627872140701906,FALSE
4,"ICA (oracle)",NA,30,30,0.637631885787024,FALSE
4,"SoftImpute (oracle)",1,0,0,0.7876708618578,NA
4,"SoftImpute (oracle)",1,1,1,0.466396398586304,NA
4,"SoftImpute (oracle)",1,2,2,0.331133140081636,NA
4,"SoftImpute (oracle)",1,3,3,0.176612150741141,NA
4,"SoftImpute (oracle)",1,4,4,0.216232885603669,NA
4,"SoftImpute (oracle)",1,5,5,0.248534580323732,NA
4,"SoftImpute (oracle)",1,6,6,0.276909197167814,NA
4,"SoftImpute (oracle)",1,7,7,0.302353950062605,NA
4,"SoftImpute (oracle)",1,8,8,0.325610294200513,NA
4,"SoftImpute (oracle)",1,9,9,0.34700346247306,NA
4,"SoftImpute (oracle)",1,10,10,0.366724706728328,NA
4,"SoftImpute (oracle)",1,11,11,0.385255845228783,NA
4,"SoftImpute (oracle)",1,12,12,0.402815808257618,NA
4,"SoftImpute (oracle)",1,13,13,0.419520741169301,NA
4,"SoftImpute (oracle)",1,14,14,0.435341872810935,NA
4,"SoftImpute (oracle)",1,15,15,0.450527920717294,NA
4,"SoftImpute (oracle)",1,16,16,0.465135977116412,NA
4,"SoftImpute (oracle)",1,17,17,0.479162914711229,NA
4,"SoftImpute (oracle)",1,18,18,0.492691226178726,NA
4,"SoftImpute (oracle)",1,19,19,0.505749130274304,NA
4,"SoftImpute (oracle)",1,20,20,0.518390200400812,NA
4,"SoftImpute (oracle)",1,21,21,0.53065729212064,NA
4,"SoftImpute (oracle)",1,22,22,0.542497823766968,NA
4,"SoftImpute (oracle)",1,23,23,0.554029652268664,NA
4,"SoftImpute (oracle)",1,24,24,0.5652003487589,NA
4,"SoftImpute (oracle)",1,25,25,0.576109304996768,NA
4,"SoftImpute (oracle)",1,26,26,0.586718193345876,NA
4,"SoftImpute (oracle)",1,27,27,0.596998848460807,NA
4,"SoftImpute (oracle)",1,28,28,0.60696668379387,NA
4,"SoftImpute (oracle)",1,29,29,0.61670916036467,NA
4,"SoftImpute (oracle)",1,30,30,0.626250089163304,NA
5,"PCA (oracle)",NA,0,0,0.806341485179964,NA
5,"PCA (oracle)",NA,1,1,0.523781720241018,NA
5,"PCA (oracle)",NA,2,2,0.37544727626572,NA
5,"PCA (oracle)",NA,3,3,0.176677377307789,NA
5,"PCA (oracle)",NA,4,4,0.217137441258081,NA
5,"PCA (oracle)",NA,5,5,0.250422063119155,NA
5,"PCA (oracle)",NA,6,6,0.279620471871186,NA
5,"PCA (oracle)",NA,7,7,0.305397148863062,NA
5,"PCA (oracle)",NA,8,8,0.328712705959128,NA
5,"PCA (oracle)",NA,9,9,0.35020477789938,NA
5,"PCA (oracle)",NA,10,10,0.370204617956718,NA
5,"PCA (oracle)",NA,11,11,0.389059065159249,NA
5,"PCA (oracle)",NA,12,12,0.406821834505196,NA
5,"PCA (oracle)",NA,13,13,0.423786403142768,NA
5,"PCA (oracle)",NA,14,14,0.439906250865179,NA
5,"PCA (oracle)",NA,15,15,0.45528923522194,NA
5,"PCA (oracle)",NA,16,16,0.470120679437876,NA
5,"PCA (oracle)",NA,17,17,0.484332674867268,NA
5,"PCA (oracle)",NA,18,18,0.498063171967531,NA
5,"PCA (oracle)",NA,19,19,0.511346016309983,NA
5,"PCA (oracle)",NA,20,20,0.524134429891024,NA
5,"PCA (oracle)",NA,21,21,0.536485485707454,NA
5,"PCA (oracle)",NA,22,22,0.548545097438709,NA
5,"PCA (oracle)",NA,23,23,0.560324457845306,NA
5,"PCA (oracle)",NA,24,24,0.571773156571785,NA
5,"PCA (oracle)",NA,25,25,0.582852198095488,NA
5,"PCA (oracle)",NA,26,26,0.593650471192519,NA
5,"PCA (oracle)",NA,27,27,0.60413172067074,NA
5,"PCA (oracle)",NA,28,28,0.614348179267744,NA
5,"PCA (oracle)",NA,29,29,0.624334767110807,NA
5,"PCA (oracle)",NA,30,30,0.634133416977116,NA
5,"ICA (oracle)",NA,0,0,0.806341485179964,NA
5,"ICA (oracle)",NA,1,1,0.523781720241018,TRUE
5,"ICA (oracle)",NA,2,2,0.37544727626572,TRUE
5,"ICA (oracle)",NA,3,3,0.176677377307789,TRUE
5,"ICA (oracle)",NA,4,4,0.217137441258081,TRUE
5,"ICA (oracle)",NA,5,5,0.250422063119155,TRUE
5,"ICA (oracle)",NA,6,6,0.279620471871185,TRUE
5,"ICA (oracle)",NA,7,7,0.305397148863062,TRUE
5,"ICA (oracle)",NA,8,8,0.328712705959128,FALSE
5,"ICA (oracle)",NA,9,9,0.350204777899379,FALSE
5,"ICA (oracle)",NA,10,10,0.370204617956718,FALSE
5,"ICA (oracle)",NA,11,11,0.389059065159249,FALSE
5,"ICA (oracle)",NA,12,12,0.406821834505196,FALSE
5,"ICA (oracle)",NA,13,13,0.423786403142768,FALSE
5,"ICA (oracle)",NA,14,14,0.439906250865179,TRUE
5,"ICA (oracle)",NA,15,15,0.45528923522194,FALSE
5,"ICA (oracle)",NA,16,16,0.470120679437876,FALSE
5,"ICA (oracle)",NA,17,17,0.484332674867268,FALSE
5,"ICA (oracle)",NA,18,18,0.498063171967531,FALSE
5,"ICA (oracle)",NA,19,19,0.511346016309983,FALSE
5,"ICA (oracle)",NA,20,20,0.524134429891024,FALSE
5,"ICA (oracle)",NA,21,21,0.536485485707454,FALSE
5,"ICA (oracle)",NA,22,22,0.548545097438708,FALSE
5,"ICA (oracle)",NA,23,23,0.560324457845306,FALSE
5,"ICA (oracle)",NA,24,24,0.571773156571785,FALSE
5,"ICA (oracle)",NA,25,25,0.582852198095488,FALSE
5,"ICA (oracle)",NA,26,26,0.593650471192519,FALSE
5,"ICA (oracle)",NA,27,27,0.60413172067074,FALSE
5,"ICA (oracle)",NA,28,28,0.614348179267744,FALSE
5,"ICA (oracle)",NA,29,29,0.624334767110807,FALSE
5,"ICA (oracle)",NA,30,30,0.634133416977116,FALSE
5,"SoftImpute (oracle)",1,0,0,0.806341485179964,NA
5,"SoftImpute (oracle)",1,1,1,0.523722584569334,NA
5,"SoftImpute (oracle)",1,2,2,0.375210536034659,NA
5,"SoftImpute (oracle)",1,3,3,0.175851955141472,NA
5,"SoftImpute (oracle)",1,4,4,0.215170093408125,NA
5,"SoftImpute (oracle)",1,5,5,0.24760414334425,NA
5,"SoftImpute (oracle)",1,6,6,0.276102984430725,NA
5,"SoftImpute (oracle)",1,7,7,0.301278094555874,NA
5,"SoftImpute (oracle)",1,8,8,0.324059158494675,NA
5,"SoftImpute (oracle)",1,9,9,0.345065894243357,NA
5,"SoftImpute (oracle)",1,10,10,0.364618617136151,NA
5,"SoftImpute (oracle)",1,11,11,0.383056332163391,NA
5,"SoftImpute (oracle)",1,12,12,0.40042785669515,NA
5,"SoftImpute (oracle)",1,13,13,0.417022197635734,NA
5,"SoftImpute (oracle)",1,14,14,0.432790273684123,NA
5,"SoftImpute (oracle)",1,15,15,0.447837466850233,NA
5,"SoftImpute (oracle)",1,16,16,0.462346873671906,NA
5,"SoftImpute (oracle)",1,17,17,0.476249366723006,NA
5,"SoftImpute (oracle)",1,18,18,0.489681368993042,NA
5,"SoftImpute (oracle)",1,19,19,0.502675670631303,NA
5,"SoftImpute (oracle)",1,20,20,0.515184775555909,NA
5,"SoftImpute (oracle)",1,21,21,0.527264898495333,NA
5,"SoftImpute (oracle)",1,22,22,0.539060992451118,NA
5,"SoftImpute (oracle)",1,23,23,0.550583704541065,NA
5,"SoftImpute (oracle)",1,24,24,0.561782273471193,NA
5,"SoftImpute (oracle)",1,25,25,0.572617370960658,NA
5,"SoftImpute (oracle)",1,26,26,0.583177315506933,NA
5,"SoftImpute (oracle)",1,27,27,0.593425607269037,NA
5,"SoftImpute (oracle)",1,28,28,0.60341406245012,NA
5,"SoftImpute (oracle)",1,29,29,0.613177257407754,NA
5,"SoftImpute (oracle)",1,30,30,0.622756793378183,NA
6,"PCA (oracle)",NA,0,0,0.734851118401117,NA
6,"PCA (oracle)",NA,1,1,0.496387138177824,NA
6,"PCA (oracle)",NA,2,2,0.33958973074446,NA
6,"PCA (oracle)",NA,3,3,0.176995418271805,NA
6,"PCA (oracle)",NA,4,4,0.217725239443811,NA
6,"PCA (oracle)",NA,5,5,0.251434082637055,NA
6,"PCA (oracle)",NA,6,6,0.280279321424144,NA
6,"PCA (oracle)",NA,7,7,0.306192640760533,NA
6,"PCA (oracle)",NA,8,8,0.329709068976233,NA
6,"PCA (oracle)",NA,9,9,0.351355668668304,NA
6,"PCA (oracle)",NA,10,10,0.371591924268433,NA
6,"PCA (oracle)",NA,11,11,0.390589415171892,NA
6,"PCA (oracle)",NA,12,12,0.408421943890034,NA
6,"PCA (oracle)",NA,13,13,0.425305412831483,NA
6,"PCA (oracle)",NA,14,14,0.441505810487839,NA
6,"PCA (oracle)",NA,15,15,0.457033001285704,NA
6,"PCA (oracle)",NA,16,16,0.471852070308264,NA
6,"PCA (oracle)",NA,17,17,0.486015028339252,NA
6,"PCA (oracle)",NA,18,18,0.499595208439638,NA
6,"PCA (oracle)",NA,19,19,0.51271029865164,NA
6,"PCA (oracle)",NA,20,20,0.525395976611565,NA
6,"PCA (oracle)",NA,21,21,0.537775085514545,NA
6,"PCA (oracle)",NA,22,22,0.54978010189276,NA
6,"PCA (oracle)",NA,23,23,0.561329547703401,NA
6,"PCA (oracle)",NA,24,24,0.572618957141713,NA
6,"PCA (oracle)",NA,25,25,0.583603548955927,NA
6,"PCA (oracle)",NA,26,26,0.594305385629475,NA
6,"PCA (oracle)",NA,27,27,0.604736760739362,NA
6,"PCA (oracle)",NA,28,28,0.614919967292412,NA
6,"PCA (oracle)",NA,29,29,0.624843304901968,NA
6,"PCA (oracle)",NA,30,30,0.634448615118475,NA
6,"ICA (oracle)",NA,0,0,0.734851118401117,NA
6,"ICA (oracle)",NA,1,1,0.496387138177824,TRUE
6,"ICA (oracle)",NA,2,2,0.33958973074446,TRUE
6,"ICA (oracle)",NA,3,3,0.176995418271804,TRUE
6,"ICA (oracle)",NA,4,4,0.217725239443811,TRUE
6,"ICA (oracle)",NA,5,5,0.251434082637054,TRUE
6,"ICA (oracle)",NA,6,6,0.280279321424144,TRUE
6,"ICA (oracle)",NA,7,7,0.306192640760533,TRUE
6,"ICA (oracle)",NA,8,8,0.329709068976233,TRUE
6,"ICA (oracle)",NA,9,9,0.351355668668304,FALSE
6,"ICA (oracle)",NA,10,10,0.371591924268433,FALSE
6,"ICA (oracle)",NA,11,11,0.390589415171892,FALSE
6,"ICA (oracle)",NA,12,12,0.408421943890034,FALSE
6,"ICA (oracle)",NA,13,13,0.425305412831483,FALSE
6,"ICA (oracle)",NA,14,14,0.441505810487839,FALSE
6,"ICA (oracle)",NA,15,15,0.457033001285704,FALSE
6,"ICA (oracle)",NA,16,16,0.471852070308264,FALSE
6,"ICA (oracle)",NA,17,17,0.486015028339252,FALSE
6,"ICA (oracle)",NA,18,18,0.499595208439638,FALSE
6,"ICA (oracle)",NA,19,19,0.51271029865164,FALSE
6,"ICA (oracle)",NA,20,20,0.525395976611565,FALSE
6,"ICA (oracle)",NA,21,21,0.537775085514545,FALSE
6,"ICA (oracle)",NA,22,22,0.54978010189276,FALSE
6,"ICA (oracle)",NA,23,23,0.561329547703401,FALSE
6,"ICA (oracle)",NA,24,24,0.572618957141713,FALSE
6,"ICA (oracle)",NA,25,25,0.583603548955927,FALSE
6,"ICA (oracle)",NA,26,26,0.594305385629475,FALSE
6,"ICA (oracle)",NA,27,27,0.604736760739362,FALSE
6,"ICA (oracle)",NA,28,28,0.614919967292412,FALSE
6,"ICA (oracle)",NA,29,29,0.624843304901968,FALSE
6,"ICA (oracle)",NA,30,30,0.634448615118476,FALSE
6,"SoftImpute (oracle)",1,0,0,0.734851118401117,NA
6,"SoftImpute (oracle)",1,1,1,0.496300167077667,NA
6,"SoftImpute (oracle)",1,2,2,0.339324565137565,NA
6,"SoftImpute (oracle)",1,3,3,0.176159070812373,NA
6,"SoftImpute (oracle)",1,4,4,0.215747251585057,NA
6,"SoftImpute (oracle)",1,5,5,0.248604690172933,NA
6,"SoftImpute (oracle)",1,6,6,0.276754121423084,NA
6,"SoftImpute (oracle)",1,7,7,0.302066156814876,NA
6,"SoftImpute (oracle)",1,8,8,0.325048019978876,NA
6,"SoftImpute (oracle)",1,9,9,0.34620939582271,NA
6,"SoftImpute (oracle)",1,10,10,0.365998329777931,NA
6,"SoftImpute (oracle)",1,11,11,0.384579217038526,NA
6,"SoftImpute (oracle)",1,12,12,0.402020824237677,NA
6,"SoftImpute (oracle)",1,13,13,0.418534782588407,NA
6,"SoftImpute (oracle)",1,14,14,0.4343835794386,NA
6,"SoftImpute (oracle)",1,15,15,0.44957495408318,NA
6,"SoftImpute (oracle)",1,16,16,0.464072361704555,NA
6,"SoftImpute (oracle)",1,17,17,0.47792624961009,NA
6,"SoftImpute (oracle)",1,18,18,0.491208582729695,NA
6,"SoftImpute (oracle)",1,19,19,0.504035766717021,NA
6,"SoftImpute (oracle)",1,20,20,0.51644257062919,NA
6,"SoftImpute (oracle)",1,21,21,0.528550836961085,NA
6,"SoftImpute (oracle)",1,22,22,0.540292609380902,NA
6,"SoftImpute (oracle)",1,23,23,0.551586071267096,NA
6,"SoftImpute (oracle)",1,24,24,0.562625814128793,NA
6,"SoftImpute (oracle)",1,25,25,0.573366760542066,NA
6,"SoftImpute (oracle)",1,26,26,0.583830557087771,NA
6,"SoftImpute (oracle)",1,27,27,0.594029144586391,NA
6,"SoftImpute (oracle)",1,28,28,0.603984472676757,NA
6,"SoftImpute (oracle)",1,29,29,0.613684606755759,NA
6,"SoftImpute (oracle)",1,30,30,0.623071289886997,NA
7,"PCA (oracle)",NA,0,0,0.804786302253003,NA
7,"PCA (oracle)",NA,1,1,0.50989044935684,NA
7,"PCA (oracle)",NA,2,2,0.373246543561659,NA
7,"PCA (oracle)",NA,3,3,0.176676112069397,NA
7,"PCA (oracle)",NA,4,4,0.217050193026256,NA
7,"PCA (oracle)",NA,5,5,0.250583091533947,NA
7,"PCA (oracle)",NA,6,6,0.279806110483181,NA
7,"PCA (oracle)",NA,7,7,0.305497383293288,NA
7,"PCA (oracle)",NA,8,8,0.329059522289081,NA
7,"PCA (oracle)",NA,9,9,0.35104042341172,NA
7,"PCA (oracle)",NA,10,10,0.371483308272113,NA
7,"PCA (oracle)",NA,11,11,0.390618643540503,NA
7,"PCA (oracle)",NA,12,12,0.408708074108132,NA
7,"PCA (oracle)",NA,13,13,0.425910572827426,NA
7,"PCA (oracle)",NA,14,14,0.442292984826985,NA
7,"PCA (oracle)",NA,15,15,0.457807061228836,NA
7,"PCA (oracle)",NA,16,16,0.472604877194374,NA
7,"PCA (oracle)",NA,17,17,0.48692506026689,NA
7,"PCA (oracle)",NA,18,18,0.500701162568319,NA
7,"PCA (oracle)",NA,19,19,0.513974196976874,NA
7,"PCA (oracle)",NA,20,20,0.526906995189904,NA
7,"PCA (oracle)",NA,21,21,0.539391490664881,NA
7,"PCA (oracle)",NA,22,22,0.551545545061452,NA
7,"PCA (oracle)",NA,23,23,0.563315861700081,NA
7,"PCA (oracle)",NA,24,24,0.574761600792166,NA
7,"PCA (oracle)",NA,25,25,0.585822217411733,NA
7,"PCA (oracle)",NA,26,26,0.596605667432069,NA
7,"PCA (oracle)",NA,27,27,0.607105816109997,NA
7,"PCA (oracle)",NA,28,28,0.61734713850589,NA
7,"PCA (oracle)",NA,29,29,0.627363726009222,NA
7,"PCA (oracle)",NA,30,30,0.637124518105931,NA
7,"ICA (oracle)",NA,0,0,0.804786302253003,NA
7,"ICA (oracle)",NA,1,1,0.50989044935684,TRUE
7,"ICA (oracle)",NA,2,2,0.373246543561659,TRUE
7,"ICA (oracle)",NA,3,3,0.176676112069397,TRUE
7,"ICA (oracle)",NA,4,4,0.217050193026256,TRUE
7,"ICA (oracle)",NA,5,5,0.250583091533947,TRUE
7,"ICA (oracle)",NA,6,6,0.279806110483181,FALSE
7,"ICA (oracle)",NA,7,7,0.305497383293288,FALSE
7,"ICA (oracle)",NA,8,8,0.329059522289081,FALSE
7,"ICA (oracle)",NA,9,9,0.35104042341172,FALSE
7,"ICA (oracle)",NA,10,10,0.371483308272113,FALSE
7,"ICA (oracle)",NA,11,11,0.390618643540503,FALSE
7,"ICA (oracle)",NA,12,12,0.408708074108132,FALSE
7,"ICA (oracle)",NA,13,13,0.425910572827426,FALSE
7,"ICA (oracle)",NA,14,14,0.442292984826985,FALSE
7,"ICA (oracle)",NA,15,15,0.457807061228836,FALSE
7,"ICA (oracle)",NA,16,16,0.472604877194374,FALSE
7,"ICA (oracle)",NA,17,17,0.486925060266891,FALSE
7,"ICA (oracle)",NA,18,18,0.500701162568319,FALSE
7,"ICA (oracle)",NA,19,19,0.513974196976874,FALSE
7,"ICA (oracle)",NA,20,20,0.526906995189904,FALSE
7,"ICA (oracle)",NA,21,21,0.539391490664881,FALSE
7,"ICA (oracle)",NA,22,22,0.551545545061452,FALSE
7,"ICA (oracle)",NA,23,23,0.563315861700081,FALSE
7,"ICA (oracle)",NA,24,24,0.574761600792166,FALSE
7,"ICA (oracle)",NA,25,25,0.585822217411732,FALSE
7,"ICA (oracle)",NA,26,26,0.596605667432069,FALSE
7,"ICA (oracle)",NA,27,27,0.607105816109997,FALSE
7,"ICA (oracle)",NA,28,28,0.61734713850589,FALSE
7,"ICA (oracle)",NA,29,29,0.627363726009221,FALSE
7,"ICA (oracle)",NA,30,30,0.637124518105931,FALSE
7,"SoftImpute (oracle)",1,0,0,0.804786302253003,NA
7,"SoftImpute (oracle)",1,1,1,0.509812787814629,NA
7,"SoftImpute (oracle)",1,2,2,0.372990217039509,NA
7,"SoftImpute (oracle)",1,3,3,0.175823420568418,NA
7,"SoftImpute (oracle)",1,4,4,0.215061300556421,NA
7,"SoftImpute (oracle)",1,5,5,0.24774471234928,NA
7,"SoftImpute (oracle)",1,6,6,0.276270243450803,NA
7,"SoftImpute (oracle)",1,7,7,0.301361971699592,NA
7,"SoftImpute (oracle)",1,8,8,0.324389764338123,NA
7,"SoftImpute (oracle)",1,9,9,0.345884568021048,NA
7,"SoftImpute (oracle)",1,10,10,0.365879882041595,NA
7,"SoftImpute (oracle)",1,11,11,0.384598631627714,NA
7,"SoftImpute (oracle)",1,12,12,0.402296794936668,NA
7,"SoftImpute (oracle)",1,13,13,0.419129303532063,NA
7,"SoftImpute (oracle)",1,14,14,0.435160072136495,NA
7,"SoftImpute (oracle)",1,15,15,0.450338800859273,NA
7,"SoftImpute (oracle)",1,16,16,0.464815394702918,NA
7,"SoftImpute (oracle)",1,17,17,0.478826450082724,NA
7,"SoftImpute (oracle)",1,18,18,0.492304541976311,NA
7,"SoftImpute (oracle)",1,19,19,0.505289602446806,NA
7,"SoftImpute (oracle)",1,20,20,0.517943254461682,NA
7,"SoftImpute (oracle)",1,21,21,0.530156981548977,NA
7,"SoftImpute (oracle)",1,22,22,0.542047756789259,NA
7,"SoftImpute (oracle)",1,23,23,0.553561873790138,NA
7,"SoftImpute (oracle)",1,24,24,0.56475788750378,NA
7,"SoftImpute (oracle)",1,25,25,0.575574976354536,NA
7,"SoftImpute (oracle)",1,26,26,0.586120480130067,NA
7,"SoftImpute (oracle)",1,27,27,0.596387953820312,NA
7,"SoftImpute (oracle)",1,28,28,0.606401524554244,NA
7,"SoftImpute (oracle)",1,29,29,0.616194944410189,NA
7,"SoftImpute (oracle)",1,30,30,0.625736987616808,NA
8,"PCA (oracle)",NA,0,0,0.810828138718337,NA
8,"PCA (oracle)",NA,1,1,0.48727749803604,NA
8,"PCA (oracle)",NA,2,2,0.34740724438448,NA
8,"PCA (oracle)",NA,3,3,0.176149004165686,NA
8,"PCA (oracle)",NA,4,4,0.216418071091452,NA
8,"PCA (oracle)",NA,5,5,0.249944501279267,NA
8,"PCA (oracle)",NA,6,6,0.279057965505904,NA
8,"PCA (oracle)",NA,7,7,0.304950049196514,NA
8,"PCA (oracle)",NA,8,8,0.3286796679922,NA
8,"PCA (oracle)",NA,9,9,0.35049608624551,NA
8,"PCA (oracle)",NA,10,10,0.370883388242944,NA
8,"PCA (oracle)",NA,11,11,0.390101748032011,NA
8,"PCA (oracle)",NA,12,12,0.408143358515095,NA
8,"PCA (oracle)",NA,13,13,0.425277388606614,NA
8,"PCA (oracle)",NA,14,14,0.441574764414711,NA
8,"PCA (oracle)",NA,15,15,0.457156030922446,NA
8,"PCA (oracle)",NA,16,16,0.472020426395929,NA
8,"PCA (oracle)",NA,17,17,0.486292788205485,NA
8,"PCA (oracle)",NA,18,18,0.500037361773092,NA
8,"PCA (oracle)",NA,19,19,0.513240591688429,NA
8,"PCA (oracle)",NA,20,20,0.526132058658195,NA
8,"PCA (oracle)",NA,21,21,0.538572159545122,NA
8,"PCA (oracle)",NA,22,22,0.550574180923581,NA
8,"PCA (oracle)",NA,23,23,0.562278665914791,NA
8,"PCA (oracle)",NA,24,24,0.573694055593323,NA
8,"PCA (oracle)",NA,25,25,0.584742457394824,NA
8,"PCA (oracle)",NA,26,26,0.59553032989072,NA
8,"PCA (oracle)",NA,27,27,0.60604754103961,NA
8,"PCA (oracle)",NA,28,28,0.616287527518447,NA
8,"PCA (oracle)",NA,29,29,0.6262501143598,NA
8,"PCA (oracle)",NA,30,30,0.636045709029876,NA
8,"ICA (oracle)",NA,0,0,0.810828138718337,NA
8,"ICA (oracle)",NA,1,1,0.48727749803604,TRUE
8,"ICA (oracle)",NA,2,2,0.34740724438448,TRUE
8,"ICA (oracle)",NA,3,3,0.176149004165686,TRUE
8,"ICA (oracle)",NA,4,4,0.216418071091452,TRUE
8,"ICA (oracle)",NA,5,5,0.249944501279267,TRUE
8,"ICA (oracle)",NA,6,6,0.279057965505905,FALSE
8,"ICA (oracle)",NA,7,7,0.304950049196514,FALSE
8,"ICA (oracle)",NA,8,8,0.3286796679922,TRUE
8,"ICA (oracle)",NA,9,9,0.35049608624551,FALSE
8,"ICA (oracle)",NA,10,10,0.370883388242943,FALSE
8,"ICA (oracle)",NA,11,11,0.390101748032011,FALSE
8,"ICA (oracle)",NA,12,12,0.408143358515095,FALSE
8,"ICA (oracle)",NA,13,13,0.425277388606614,FALSE
8,"ICA (oracle)",NA,14,14,0.441574764414711,FALSE
8,"ICA (oracle)",NA,15,15,0.457156030922446,FALSE
8,"ICA (oracle)",NA,16,16,0.472020426395929,FALSE
8,"ICA (oracle)",NA,17,17,0.486292788205485,FALSE
8,"ICA (oracle)",NA,18,18,0.500037361773092,FALSE
8,"ICA (oracle)",NA,19,19,0.513240591688429,FALSE
8,"ICA (oracle)",NA,20,20,0.526132058658195,FALSE
8,"ICA (oracle)",NA,21,21,0.538572159545122,FALSE
8,"ICA (oracle)",NA,22,22,0.550574180923581,FALSE
8,"ICA (oracle)",NA,23,23,0.562278665914791,FALSE
8,"ICA (oracle)",NA,24,24,0.573694055593323,FALSE
8,"ICA (oracle)",NA,25,25,0.584742457394824,FALSE
8,"ICA (oracle)",NA,26,26,0.59553032989072,FALSE
8,"ICA (oracle)",NA,27,27,0.60604754103961,FALSE
8,"ICA (oracle)",NA,28,28,0.616287527518447,FALSE
8,"ICA (oracle)",NA,29,29,0.6262501143598,FALSE
8,"ICA (oracle)",NA,30,30,0.636045709029876,FALSE
8,"SoftImpute (oracle)",1,0,0,0.810828138718337,NA
8,"SoftImpute (oracle)",1,1,1,0.4872252979918,NA
8,"SoftImpute (oracle)",1,2,2,0.347184165041478,NA
8,"SoftImpute (oracle)",1,3,3,0.17540583757414,NA
8,"SoftImpute (oracle)",1,4,4,0.21451860281174,NA
8,"SoftImpute (oracle)",1,5,5,0.247183127795481,NA
8,"SoftImpute (oracle)",1,6,6,0.275591356621151,NA
8,"SoftImpute (oracle)",1,7,7,0.300876801383873,NA
8,"SoftImpute (oracle)",1,8,8,0.324066760691771,NA
8,"SoftImpute (oracle)",1,9,9,0.345394083846703,NA
8,"SoftImpute (oracle)",1,10,10,0.365330956141278,NA
8,"SoftImpute (oracle)",1,11,11,0.384129877814112,NA
8,"SoftImpute (oracle)",1,12,12,0.401778177068264,NA
8,"SoftImpute (oracle)",1,13,13,0.418540495725906,NA
8,"SoftImpute (oracle)",1,14,14,0.434484762838722,NA
8,"SoftImpute (oracle)",1,15,15,0.449728984139071,NA
8,"SoftImpute (oracle)",1,16,16,0.464270639524341,NA
8,"SoftImpute (oracle)",1,17,17,0.47823279005601,NA
8,"SoftImpute (oracle)",1,18,18,0.491678333258538,NA
8,"SoftImpute (oracle)",1,19,19,0.504592755199944,NA
8,"SoftImpute (oracle)",1,20,20,0.51720423258115,NA
8,"SoftImpute (oracle)",1,21,21,0.529372799700929,NA
8,"SoftImpute (oracle)",1,22,22,0.541111086112592,NA
8,"SoftImpute (oracle)",1,23,23,0.552558754985432,NA
8,"SoftImpute (oracle)",1,24,24,0.563723765168851,NA
8,"SoftImpute (oracle)",1,25,25,0.574527991780538,NA
8,"SoftImpute (oracle)",1,26,26,0.585077272204327,NA
8,"SoftImpute (oracle)",1,27,27,0.595361171794461,NA
8,"SoftImpute (oracle)",1,28,28,0.605372848478452,NA
8,"SoftImpute (oracle)",1,29,29,0.615111862126517,NA
8,"SoftImpute (oracle)",1,30,30,0.624688121970446,NA
9,"PCA (oracle)",NA,0,0,0.76044190194313,NA
9,"PCA (oracle)",NA,1,1,0.467179818034845,NA
9,"PCA (oracle)",NA,2,2,0.332432852881062,NA
9,"PCA (oracle)",NA,3,3,0.175953704245393,NA
9,"PCA (oracle)",NA,4,4,0.216780011559392,NA
9,"PCA (oracle)",NA,5,5,0.250490565060568,NA
9,"PCA (oracle)",NA,6,6,0.279797815791973,NA
9,"PCA (oracle)",NA,7,7,0.306118111843023,NA
9,"PCA (oracle)",NA,8,8,0.329870944980115,NA
9,"PCA (oracle)",NA,9,9,0.35177941388375,NA
9,"PCA (oracle)",NA,10,10,0.372087606334281,NA
9,"PCA (oracle)",NA,11,11,0.391167019013843,NA
9,"PCA (oracle)",NA,12,12,0.409300092827756,NA
9,"PCA (oracle)",NA,13,13,0.42640417517968,NA
9,"PCA (oracle)",NA,14,14,0.442666450937743,NA
9,"PCA (oracle)",NA,15,15,0.458334809603659,NA
9,"PCA (oracle)",NA,16,16,0.473339197772579,NA
9,"PCA (oracle)",NA,17,17,0.48773795771357,NA
9,"PCA (oracle)",NA,18,18,0.501621310035352,NA
9,"PCA (oracle)",NA,19,19,0.514997160073675,NA
9,"PCA (oracle)",NA,20,20,0.527862989474488,NA
9,"PCA (oracle)",NA,21,21,0.540304199985662,NA
9,"PCA (oracle)",NA,22,22,0.552326586948403,NA
9,"PCA (oracle)",NA,23,23,0.564053852437476,NA
9,"PCA (oracle)",NA,24,24,0.575500100752225,NA
9,"PCA (oracle)",NA,25,25,0.586648423412953,NA
9,"PCA (oracle)",NA,26,26,0.597463468800456,NA
9,"PCA (oracle)",NA,27,27,0.608008214128979,NA
9,"PCA (oracle)",NA,28,28,0.618343754083401,NA
9,"PCA (oracle)",NA,29,29,0.628355684920782,NA
9,"PCA (oracle)",NA,30,30,0.638066754944567,NA
9,"ICA (oracle)",NA,0,0,0.76044190194313,NA
9,"ICA (oracle)",NA,1,1,0.467179818034845,TRUE
9,"ICA (oracle)",NA,2,2,0.332432852881062,TRUE
9,"ICA (oracle)",NA,3,3,0.175953704245393,TRUE
9,"ICA (oracle)",NA,4,4,0.216780011559392,TRUE
9,"ICA (oracle)",NA,5,5,0.250490565060568,TRUE
9,"ICA (oracle)",NA,6,6,0.279797815791973,TRUE
9,"ICA (oracle)",NA,7,7,0.306118111843023,TRUE
9,"ICA (oracle)",NA,8,8,0.329870944980115,FALSE
9,"ICA (oracle)",NA,9,9,0.35177941388375,FALSE
9,"ICA (oracle)",NA,10,10,0.372087606334282,FALSE
9,"ICA (oracle)",NA,11,11,0.391167019013844,FALSE
9,"ICA (oracle)",NA,12,12,0.409300092827756,FALSE
9,"ICA (oracle)",NA,13,13,0.42640417517968,FALSE
9,"ICA (oracle)",NA,14,14,0.442666450937743,FALSE
9,"ICA (oracle)",NA,15,15,0.458334809603659,FALSE
9,"ICA (oracle)",NA,16,16,0.473339197772579,FALSE
9,"ICA (oracle)",NA,17,17,0.48773795771357,FALSE
9,"ICA (oracle)",NA,18,18,0.501621310035352,FALSE
9,"ICA (oracle)",NA,19,19,0.514997160073675,FALSE
9,"ICA (oracle)",NA,20,20,0.527862989474489,FALSE
9,"ICA (oracle)",NA,21,21,0.540304199985662,FALSE
9,"ICA (oracle)",NA,22,22,0.552326586948403,FALSE
9,"ICA (oracle)",NA,23,23,0.564053852437476,FALSE
9,"ICA (oracle)",NA,24,24,0.575500100752225,FALSE
9,"ICA (oracle)",NA,25,25,0.586648423412953,FALSE
9,"ICA (oracle)",NA,26,26,0.597463468800456,FALSE
9,"ICA (oracle)",NA,27,27,0.608008214128979,FALSE
9,"ICA (oracle)",NA,28,28,0.618343754083402,FALSE
9,"ICA (oracle)",NA,29,29,0.628355684920782,FALSE
9,"ICA (oracle)",NA,30,30,0.638066754944567,FALSE
9,"SoftImpute (oracle)",1,0,0,0.76044190194313,NA
9,"SoftImpute (oracle)",1,1,1,0.467134345471711,NA
9,"SoftImpute (oracle)",1,2,2,0.332176596392404,NA
9,"SoftImpute (oracle)",1,3,3,0.175084699361101,NA
9,"SoftImpute (oracle)",1,4,4,0.214772520180602,NA
9,"SoftImpute (oracle)",1,5,5,0.247634613228956,NA
9,"SoftImpute (oracle)",1,6,6,0.276245685077625,NA
9,"SoftImpute (oracle)",1,7,7,0.301964889931242,NA
9,"SoftImpute (oracle)",1,8,8,0.325184059245962,NA
9,"SoftImpute (oracle)",1,9,9,0.34660795342192,NA
9,"SoftImpute (oracle)",1,10,10,0.36647002400112,NA
9,"SoftImpute (oracle)",1,11,11,0.385133812463759,NA
9,"SoftImpute (oracle)",1,12,12,0.402876145996464,NA
9,"SoftImpute (oracle)",1,13,13,0.419611090185826,NA
9,"SoftImpute (oracle)",1,14,14,0.43552252951261,NA
9,"SoftImpute (oracle)",1,15,15,0.45085554639077,NA
9,"SoftImpute (oracle)",1,16,16,0.465538574825561,NA
9,"SoftImpute (oracle)",1,17,17,0.47962839572345,NA
9,"SoftImpute (oracle)",1,18,18,0.493213838989433,NA
9,"SoftImpute (oracle)",1,19,19,0.506301813502479,NA
9,"SoftImpute (oracle)",1,20,20,0.518888973179999,NA
9,"SoftImpute (oracle)",1,21,21,0.531059803633513,NA
9,"SoftImpute (oracle)",1,22,22,0.542819474665672,NA
9,"SoftImpute (oracle)",1,23,23,0.554290868647265,NA
9,"SoftImpute (oracle)",1,24,24,0.565487601779222,NA
9,"SoftImpute (oracle)",1,25,25,0.576392397327182,NA
9,"SoftImpute (oracle)",1,26,26,0.586969617680086,NA
9,"SoftImpute (oracle)",1,27,27,0.597281770911327,NA
9,"SoftImpute (oracle)",1,28,28,0.607389525373535,NA
9,"SoftImpute (oracle)",1,29,29,0.617178472293707,NA
9,"SoftImpute (oracle)",1,30,30,0.626671072987344,NA
10,"PCA (oracle)",NA,0,0,0.714462216142844,NA
10,"PCA (oracle)",NA,1,1,0.451516928132883,NA
10,"PCA (oracle)",NA,2,2,0.343488994493816,NA
10,"PCA (oracle)",NA,3,3,0.174904958282107,NA
10,"PCA (oracle)",NA,4,4,0.215313021354908,NA
10,"PCA (oracle)",NA,5,5,0.248501263439973,NA
10,"PCA (oracle)",NA,6,6,0.277488908592679,NA
10,"PCA (oracle)",NA,7,7,0.303167107602126,NA
10,"PCA (oracle)",NA,8,8,0.326623308112261,NA
10,"PCA (oracle)",NA,9,9,0.348329638236261,NA
10,"PCA (oracle)",NA,10,10,0.36860937006336,NA
10,"PCA (oracle)",NA,11,11,0.387593094168906,NA
10,"PCA (oracle)",NA,12,12,0.405487959169536,NA
10,"PCA (oracle)",NA,13,13,0.422420871339274,NA
10,"PCA (oracle)",NA,14,14,0.438505268976471,NA
10,"PCA (oracle)",NA,15,15,0.453726347769686,NA
10,"PCA (oracle)",NA,16,16,0.468409626926624,NA
10,"PCA (oracle)",NA,17,17,0.482503180888218,NA
10,"PCA (oracle)",NA,18,18,0.496109508184653,NA
10,"PCA (oracle)",NA,19,19,0.509272180677092,NA
10,"PCA (oracle)",NA,20,20,0.522051384439782,NA
10,"PCA (oracle)",NA,21,21,0.534318019001973,NA
10,"PCA (oracle)",NA,22,22,0.546123126689697,NA
10,"PCA (oracle)",NA,23,23,0.557724678427226,NA
10,"PCA (oracle)",NA,24,24,0.568919028531025,NA
10,"PCA (oracle)",NA,25,25,0.579820128024783,NA
10,"PCA (oracle)",NA,26,26,0.590442306459185,NA
10,"PCA (oracle)",NA,27,27,0.600830216408491,NA
10,"PCA (oracle)",NA,28,28,0.610982796512181,NA
10,"PCA (oracle)",NA,29,29,0.620715891741533,NA
10,"PCA (oracle)",NA,30,30,0.630286785053025,NA
10,"ICA (oracle)",NA,0,0,0.714462216142844,NA
10,"ICA (oracle)",NA,1,1,0.451516928132883,TRUE
10,"ICA (oracle)",NA,2,2,0.343488994493816,TRUE
10,"ICA (oracle)",NA,3,3,0.174904958282107,TRUE
10,"ICA (oracle)",NA,4,4,0.215313021354908,TRUE
10,"ICA (oracle)",NA,5,5,0.248501263439973,TRUE
10,"ICA (oracle)",NA,6,6,0.277488908592679,TRUE
10,"ICA (oracle)",NA,7,7,0.303167107602126,FALSE
10,"ICA (oracle)",NA,8,8,0.326623308112261,FALSE
10,"ICA (oracle)",NA,9,9,0.348329638236261,FALSE
10,"ICA (oracle)",NA,10,10,0.36860937006336,FALSE
10,"ICA (oracle)",NA,11,11,0.387593094168906,FALSE
10,"ICA (oracle)",NA,12,12,0.405487959169536,FALSE
10,"ICA (oracle)",NA,13,13,0.422420871339274,FALSE
10,"ICA (oracle)",NA,14,14,0.438505268976471,FALSE
10,"ICA (oracle)",NA,15,15,0.453726347769686,FALSE
10,"ICA (oracle)",NA,16,16,0.468409626926624,FALSE
10,"ICA (oracle)",NA,17,17,0.482503180888218,FALSE
10,"ICA (oracle)",NA,18,18,0.496109508184653,FALSE
10,"ICA (oracle)",NA,19,19,0.509272180677092,FALSE
10,"ICA (oracle)",NA,20,20,0.522051384439781,FALSE
10,"ICA (oracle)",NA,21,21,0.534318019001973,FALSE
10,"ICA (oracle)",NA,22,22,0.546123126689697,FALSE
10,"ICA (oracle)",NA,23,23,0.557724678427226,FALSE
10,"ICA (oracle)",NA,24,24,0.568919028531025,FALSE
10,"ICA (oracle)",NA,25,25,0.579820128024783,FALSE
10,"ICA (oracle)",NA,26,26,0.590442306459185,FALSE
10,"ICA (oracle)",NA,27,27,0.600830216408491,FALSE
10,"ICA (oracle)",NA,28,28,0.610982796512181,FALSE
10,"ICA (oracle)",NA,29,29,0.620715891741533,FALSE
10,"ICA (oracle)",NA,30,30,0.630286785053025,FALSE
10,"SoftImpute (oracle)",1,0,0,0.714462216142844,NA
10,"SoftImpute (oracle)",1,1,1,0.451442014545001,NA
10,"SoftImpute (oracle)",1,2,2,0.343193822332808,NA
10,"SoftImpute (oracle)",1,3,3,0.173975793706885,NA
10,"SoftImpute (oracle)",1,4,4,0.213257968384348,NA
10,"SoftImpute (oracle)",1,5,5,0.24560595931079,NA
10,"SoftImpute (oracle)",1,6,6,0.273901964224479,NA
10,"SoftImpute (oracle)",1,7,7,0.298983955884446,NA
10,"SoftImpute (oracle)",1,8,8,0.321908905070135,NA
10,"SoftImpute (oracle)",1,9,9,0.343132315191664,NA
10,"SoftImpute (oracle)",1,10,10,0.362966761764316,NA
10,"SoftImpute (oracle)",1,11,11,0.381535819929062,NA
10,"SoftImpute (oracle)",1,12,12,0.39904121639496,NA
10,"SoftImpute (oracle)",1,13,13,0.415605933888824,NA
10,"SoftImpute (oracle)",1,14,14,0.431340365098731,NA
10,"SoftImpute (oracle)",1,15,15,0.446227600389312,NA
10,"SoftImpute (oracle)",1,16,16,0.460590563141791,NA
10,"SoftImpute (oracle)",1,17,17,0.474376102791779,NA
10,"SoftImpute (oracle)",1,18,18,0.487685310904987,NA
10,"SoftImpute (oracle)",1,19,19,0.50056069660096,NA
10,"SoftImpute (oracle)",1,20,20,0.513061492284114,NA
10,"SoftImpute (oracle)",1,21,21,0.52505819922844,NA
10,"SoftImpute (oracle)",1,22,22,0.536601123762205,NA
10,"SoftImpute (oracle)",1,23,23,0.547947099214249,NA
10,"SoftImpute (oracle)",1,24,24,0.558892504429802,NA
10,"SoftImpute (oracle)",1,25,25,0.569550613204907,NA
10,"SoftImpute (oracle)",1,26,26,0.579935361948403,NA
10,"SoftImpute (oracle)",1,27,27,0.59009098051776,NA
10,"SoftImpute (oracle)",1,28,28,0.600016123950785,NA
10,"SoftImpute (oracle)",1,29,29,0.60952680970668,NA
10,"SoftImpute (oracle)",1,30,30,0.618879466443508,NA
11,"PCA (oracle)",NA,0,0,0.860808969767653,NA
11,"PCA (oracle)",NA,1,1,0.562007868812442,NA
11,"PCA (oracle)",NA,2,2,0.401555254661548,NA
11,"PCA (oracle)",NA,3,3,0.176288998940308,NA
11,"PCA (oracle)",NA,4,4,0.216585337649972,NA
11,"PCA (oracle)",NA,5,5,0.249832410919612,NA
11,"PCA (oracle)",NA,6,6,0.278870949036322,NA
11,"PCA (oracle)",NA,7,7,0.304789975139397,NA
11,"PCA (oracle)",NA,8,8,0.328459574376109,NA
11,"PCA (oracle)",NA,9,9,0.350204720705278,NA
11,"PCA (oracle)",NA,10,10,0.370438785262432,NA
11,"PCA (oracle)",NA,11,11,0.38956543647334,NA
11,"PCA (oracle)",NA,12,12,0.407424319630457,NA
11,"PCA (oracle)",NA,13,13,0.42442992434387,NA
11,"PCA (oracle)",NA,14,14,0.440566409951636,NA
11,"PCA (oracle)",NA,15,15,0.456126132276668,NA
11,"PCA (oracle)",NA,16,16,0.471050159734226,NA
11,"PCA (oracle)",NA,17,17,0.485234576641078,NA
11,"PCA (oracle)",NA,18,18,0.499023671186575,NA
11,"PCA (oracle)",NA,19,19,0.512179655930481,NA
11,"PCA (oracle)",NA,20,20,0.524879479862301,NA
11,"PCA (oracle)",NA,21,21,0.537313840839087,NA
11,"PCA (oracle)",NA,22,22,0.549316289292376,NA
11,"PCA (oracle)",NA,23,23,0.560946109257782,NA
11,"PCA (oracle)",NA,24,24,0.572210620264366,NA
11,"PCA (oracle)",NA,25,25,0.583204145264215,NA
11,"PCA (oracle)",NA,26,26,0.593896880152834,NA
11,"PCA (oracle)",NA,27,27,0.604384993018569,NA
11,"PCA (oracle)",NA,28,28,0.614616965183068,NA
11,"PCA (oracle)",NA,29,29,0.624592335835316,NA
11,"PCA (oracle)",NA,30,30,0.634349803870284,NA
11,"ICA (oracle)",NA,0,0,0.860808969767653,NA
11,"ICA (oracle)",NA,1,1,0.562007868812442,TRUE
11,"ICA (oracle)",NA,2,2,0.401555254661547,TRUE
11,"ICA (oracle)",NA,3,3,0.176288998940309,TRUE
11,"ICA (oracle)",NA,4,4,0.216585337649972,TRUE
11,"ICA (oracle)",NA,5,5,0.249832410919612,TRUE
11,"ICA (oracle)",NA,6,6,0.278870949036322,TRUE
11,"ICA (oracle)",NA,7,7,0.304789975139397,FALSE
11,"ICA (oracle)",NA,8,8,0.328459574376109,FALSE
11,"ICA (oracle)",NA,9,9,0.350204720705278,FALSE
11,"ICA (oracle)",NA,10,10,0.370438785262432,FALSE
11,"ICA (oracle)",NA,11,11,0.38956543647334,FALSE
11,"ICA (oracle)",NA,12,12,0.407424319630457,FALSE
11,"ICA (oracle)",NA,13,13,0.42442992434387,FALSE
11,"ICA (oracle)",NA,14,14,0.440566409951636,FALSE
11,"ICA (oracle)",NA,15,15,0.456126132276669,FALSE
11,"ICA (oracle)",NA,16,16,0.471050159734226,FALSE
11,"ICA (oracle)",NA,17,17,0.485234576641078,FALSE
11,"ICA (oracle)",NA,18,18,0.499023671186575,FALSE
11,"ICA (oracle)",NA,19,19,0.512179655930481,FALSE
11,"ICA (oracle)",NA,20,20,0.524879479862301,FALSE
11,"ICA (oracle)",NA,21,21,0.537313840839087,FALSE
11,"ICA (oracle)",NA,22,22,0.549316289292376,FALSE
11,"ICA (oracle)",NA,23,23,0.560946109257783,FALSE
11,"ICA (oracle)",NA,24,24,0.572210620264366,FALSE
11,"ICA (oracle)",NA,25,25,0.583204145264215,FALSE
11,"ICA (oracle)",NA,26,26,0.593896880152834,FALSE
11,"ICA (oracle)",NA,27,27,0.604384993018569,FALSE
11,"ICA (oracle)",NA,28,28,0.614616965183068,FALSE
11,"ICA (oracle)",NA,29,29,0.624592335835316,FALSE
11,"ICA (oracle)",NA,30,30,0.634349803870283,FALSE
11,"SoftImpute (oracle)",1,0,0,0.860808969767653,NA
11,"SoftImpute (oracle)",1,1,1,0.561977611436193,NA
11,"SoftImpute (oracle)",1,2,2,0.401379370055367,NA
11,"SoftImpute (oracle)",1,3,3,0.175572654505475,NA
11,"SoftImpute (oracle)",1,4,4,0.214707841626602,NA
11,"SoftImpute (oracle)",1,5,5,0.247092249220981,NA
11,"SoftImpute (oracle)",1,6,6,0.275423719845005,NA
11,"SoftImpute (oracle)",1,7,7,0.300734259344257,NA
11,"SoftImpute (oracle)",1,8,8,0.323863150694218,NA
11,"SoftImpute (oracle)",1,9,9,0.345118406935089,NA
11,"SoftImpute (oracle)",1,10,10,0.364901676102239,NA
11,"SoftImpute (oracle)",1,11,11,0.38360836545401,NA
11,"SoftImpute (oracle)",1,12,12,0.401073787596496,NA
11,"SoftImpute (oracle)",1,13,13,0.417707387670642,NA
11,"SoftImpute (oracle)",1,14,14,0.433490607265472,NA
11,"SoftImpute (oracle)",1,15,15,0.448712765300987,NA
11,"SoftImpute (oracle)",1,16,16,0.463313377161707,NA
11,"SoftImpute (oracle)",1,17,17,0.477187355836033,NA
11,"SoftImpute (oracle)",1,18,18,0.490676882467323,NA
11,"SoftImpute (oracle)",1,19,19,0.503543802296353,NA
11,"SoftImpute (oracle)",1,20,20,0.515963753004571,NA
11,"SoftImpute (oracle)",1,21,21,0.528126244831707,NA
11,"SoftImpute (oracle)",1,22,22,0.539864633916249,NA
11,"SoftImpute (oracle)",1,23,23,0.551237514378809,NA
11,"SoftImpute (oracle)",1,24,24,0.562251716104776,NA
11,"SoftImpute (oracle)",1,25,25,0.573000914421472,NA
11,"SoftImpute (oracle)",1,26,26,0.58345501064026,NA
11,"SoftImpute (oracle)",1,27,27,0.593709619671595,NA
11,"SoftImpute (oracle)",1,28,28,0.603713053513732,NA
11,"SoftImpute (oracle)",1,29,29,0.613464586844013,NA
11,"SoftImpute (oracle)",1,30,30,0.623002587199441,NA
12,"PCA (oracle)",NA,0,0,0.780785439818883,NA
12,"PCA (oracle)",NA,1,1,0.518469248742723,NA
12,"PCA (oracle)",NA,2,2,0.363662979996116,NA
12,"PCA (oracle)",NA,3,3,0.173307690693416,NA
12,"PCA (oracle)",NA,4,4,0.214927307297602,NA
12,"PCA (oracle)",NA,5,5,0.248737066883193,NA
12,"PCA (oracle)",NA,6,6,0.278032952501742,NA
12,"PCA (oracle)",NA,7,7,0.304230117565128,NA
12,"PCA (oracle)",NA,8,8,0.328067111747615,NA
12,"PCA (oracle)",NA,9,9,0.35015897618069,NA
12,"PCA (oracle)",NA,10,10,0.370727837115654,NA
12,"PCA (oracle)",NA,11,11,0.38994620300159,NA
12,"PCA (oracle)",NA,12,12,0.40812424871461,NA
12,"PCA (oracle)",NA,13,13,0.425449224047547,NA
12,"PCA (oracle)",NA,14,14,0.44189115640691,NA
12,"PCA (oracle)",NA,15,15,0.457579276050177,NA
12,"PCA (oracle)",NA,16,16,0.472588118318052,NA
12,"PCA (oracle)",NA,17,17,0.48699072014781,NA
12,"PCA (oracle)",NA,18,18,0.500768417607048,NA
12,"PCA (oracle)",NA,19,19,0.51403159676653,NA
12,"PCA (oracle)",NA,20,20,0.526848104447723,NA
12,"PCA (oracle)",NA,21,21,0.539261806914552,NA
12,"PCA (oracle)",NA,22,22,0.55125295832327,NA
12,"PCA (oracle)",NA,23,23,0.562901268616424,NA
12,"PCA (oracle)",NA,24,24,0.574230799526657,NA
12,"PCA (oracle)",NA,25,25,0.585240413902537,NA
12,"PCA (oracle)",NA,26,26,0.595921014348873,NA
12,"PCA (oracle)",NA,27,27,0.606352476738732,NA
12,"PCA (oracle)",NA,28,28,0.61657226337403,NA
12,"PCA (oracle)",NA,29,29,0.626497104767173,NA
12,"PCA (oracle)",NA,30,30,0.636231658469746,NA
12,"ICA (oracle)",NA,0,0,0.780785439818883,NA
12,"ICA (oracle)",NA,1,1,0.518469248742723,TRUE
12,"ICA (oracle)",NA,2,2,0.363662979996116,TRUE
12,"ICA (oracle)",NA,3,3,0.173307690693416,TRUE
12,"ICA (oracle)",NA,4,4,0.214927307297602,TRUE
12,"ICA (oracle)",NA,5,5,0.248737066883193,TRUE
12,"ICA (oracle)",NA,6,6,0.278032952501742,TRUE
12,"ICA (oracle)",NA,7,7,0.304230117565128,FALSE
12,"ICA (oracle)",NA,8,8,0.328067111747615,FALSE
12,"ICA (oracle)",NA,9,9,0.350158976180689,TRUE
12,"ICA (oracle)",NA,10,10,0.370727837115654,FALSE
12,"ICA (oracle)",NA,11,11,0.38994620300159,FALSE
12,"ICA (oracle)",NA,12,12,0.40812424871461,FALSE
12,"ICA (oracle)",NA,13,13,0.425449224047547,FALSE
12,"ICA (oracle)",NA,14,14,0.441891156406909,FALSE
12,"ICA (oracle)",NA,15,15,0.457579276050177,FALSE
12,"ICA (oracle)",NA,16,16,0.472588118318052,FALSE
12,"ICA (oracle)",NA,17,17,0.486990720147809,FALSE
12,"ICA (oracle)",NA,18,18,0.500768417607048,FALSE
12,"ICA (oracle)",NA,19,19,0.514031596766531,FALSE
12,"ICA (oracle)",NA,20,20,0.526848104447723,FALSE
12,"ICA (oracle)",NA,21,21,0.539261806914552,FALSE
12,"ICA (oracle)",NA,22,22,0.551252958323269,FALSE
12,"ICA (oracle)",NA,23,23,0.562901268616423,FALSE
12,"ICA (oracle)",NA,24,24,0.574230799526656,FALSE
12,"ICA (oracle)",NA,25,25,0.585240413902536,FALSE
12,"ICA (oracle)",NA,26,26,0.595921014348873,FALSE
12,"ICA (oracle)",NA,27,27,0.606352476738732,FALSE
12,"ICA (oracle)",NA,28,28,0.61657226337403,FALSE
12,"ICA (oracle)",NA,29,29,0.626497104767173,FALSE
12,"ICA (oracle)",NA,30,30,0.636231658469746,FALSE
12,"SoftImpute (oracle)",1,0,0,0.780785439818883,NA
12,"SoftImpute (oracle)",1,1,1,0.518422805340681,NA
12,"SoftImpute (oracle)",1,2,2,0.363480474819668,NA
12,"SoftImpute (oracle)",1,3,3,0.172625027068145,NA
12,"SoftImpute (oracle)",1,4,4,0.213058950822479,NA
12,"SoftImpute (oracle)",1,5,5,0.245999110095237,NA
12,"SoftImpute (oracle)",1,6,6,0.274585499135461,NA
12,"SoftImpute (oracle)",1,7,7,0.300172457264484,NA
12,"SoftImpute (oracle)",1,8,8,0.323467977648454,NA
12,"SoftImpute (oracle)",1,9,9,0.345068680353404,NA
12,"SoftImpute (oracle)",1,10,10,0.365185767550369,NA
12,"SoftImpute (oracle)",1,11,11,0.383984162080645,NA
12,"SoftImpute (oracle)",1,12,12,0.401768023514215,NA
12,"SoftImpute (oracle)",1,13,13,0.418720375521404,NA
12,"SoftImpute (oracle)",1,14,14,0.43480851978198,NA
12,"SoftImpute (oracle)",1,15,15,0.450159088315373,NA
12,"SoftImpute (oracle)",1,16,16,0.464844632741978,NA
12,"SoftImpute (oracle)",1,17,17,0.47893654974004,NA
12,"SoftImpute (oracle)",1,18,18,0.492415023614831,NA
12,"SoftImpute (oracle)",1,19,19,0.50538915206351,NA
12,"SoftImpute (oracle)",1,20,20,0.517925769078855,NA
12,"SoftImpute (oracle)",1,21,21,0.530067915964004,NA
12,"SoftImpute (oracle)",1,22,22,0.541795277213126,NA
12,"SoftImpute (oracle)",1,23,23,0.553186826973161,NA
12,"SoftImpute (oracle)",1,24,24,0.564266100607344,NA
12,"SoftImpute (oracle)",1,25,25,0.57503155080565,NA
12,"SoftImpute (oracle)",1,26,26,0.585473733585251,NA
12,"SoftImpute (oracle)",1,27,27,0.595672002566032,NA
12,"SoftImpute (oracle)",1,28,28,0.605663441155155,NA
12,"SoftImpute (oracle)",1,29,29,0.615364717475345,NA
12,"SoftImpute (oracle)",1,30,30,0.624879997912094,NA
13,"PCA (oracle)",NA,0,0,0.808874684148119,NA
13,"PCA (oracle)",NA,1,1,0.515707299138653,NA
13,"PCA (oracle)",NA,2,2,0.372501865774408,NA
13,"PCA (oracle)",NA,3,3,0.175293334707683,NA
13,"PCA (oracle)",NA,4,4,0.215036733165867,NA
13,"PCA (oracle)",NA,5,5,0.248166817319932,NA
13,"PCA (oracle)",NA,6,6,0.276828938581312,NA
13,"PCA (oracle)",NA,7,7,0.302564159276727,NA
13,"PCA (oracle)",NA,8,8,0.325996140479561,NA
13,"PCA (oracle)",NA,9,9,0.347742781573527,NA
13,"PCA (oracle)",NA,10,10,0.368044041440071,NA
13,"PCA (oracle)",NA,11,11,0.387166362351425,NA
13,"PCA (oracle)",NA,12,12,0.405096542249655,NA
13,"PCA (oracle)",NA,13,13,0.422142640411734,NA
13,"PCA (oracle)",NA,14,14,0.438246616761609,NA
13,"PCA (oracle)",NA,15,15,0.453694373318704,NA
13,"PCA (oracle)",NA,16,16,0.468481378739264,NA
13,"PCA (oracle)",NA,17,17,0.482543477243825,NA
13,"PCA (oracle)",NA,18,18,0.496181905558709,NA
13,"PCA (oracle)",NA,19,19,0.509416185800397,NA
13,"PCA (oracle)",NA,20,20,0.522247001838804,NA
13,"PCA (oracle)",NA,21,21,0.534681002257505,NA
13,"PCA (oracle)",NA,22,22,0.546761891072129,NA
13,"PCA (oracle)",NA,23,23,0.558496180454923,NA
13,"PCA (oracle)",NA,24,24,0.569808355377393,NA
13,"PCA (oracle)",NA,25,25,0.58079126360741,NA
13,"PCA (oracle)",NA,26,26,0.59147198953073,NA
13,"PCA (oracle)",NA,27,27,0.601923515032718,NA
13,"PCA (oracle)",NA,28,28,0.612027940296974,NA
13,"PCA (oracle)",NA,29,29,0.621950161766426,NA
13,"PCA (oracle)",NA,30,30,0.631666680029898,NA
13,"ICA (oracle)",NA,0,0,0.808874684148119,NA
13,"ICA (oracle)",NA,1,1,0.515707299138653,TRUE
13,"ICA (oracle)",NA,2,2,0.372501865774408,TRUE
13,"ICA (oracle)",NA,3,3,0.175293334707683,TRUE
13,"ICA (oracle)",NA,4,4,0.215036733165867,TRUE
13,"ICA (oracle)",NA,5,5,0.248166817319932,TRUE
13,"ICA (oracle)",NA,6,6,0.276828938581311,TRUE
13,"ICA (oracle)",NA,7,7,0.302564159276727,TRUE
13,"ICA (oracle)",NA,8,8,0.325996140479561,FALSE
13,"ICA (oracle)",NA,9,9,0.347742781573527,FALSE
13,"ICA (oracle)",NA,10,10,0.368044041440071,FALSE
13,"ICA (oracle)",NA,11,11,0.387166362351425,FALSE
13,"ICA (oracle)",NA,12,12,0.405096542249655,FALSE
13,"ICA (oracle)",NA,13,13,0.422142640411734,FALSE
13,"ICA (oracle)",NA,14,14,0.438246616761609,TRUE
13,"ICA (oracle)",NA,15,15,0.453694373318704,FALSE
13,"ICA (oracle)",NA,16,16,0.468481378739264,FALSE
13,"ICA (oracle)",NA,17,17,0.482543477243825,FALSE
13,"ICA (oracle)",NA,18,18,0.496181905558709,FALSE
13,"ICA (oracle)",NA,19,19,0.509416185800396,FALSE
13,"ICA (oracle)",NA,20,20,0.522247001838805,FALSE
13,"ICA (oracle)",NA,21,21,0.534681002257505,FALSE
13,"ICA (oracle)",NA,22,22,0.54676189107213,FALSE
13,"ICA (oracle)",NA,23,23,0.558496180454923,FALSE
13,"ICA (oracle)",NA,24,24,0.569808355377393,FALSE
13,"ICA (oracle)",NA,25,25,0.58079126360741,FALSE
13,"ICA (oracle)",NA,26,26,0.59147198953073,FALSE
13,"ICA (oracle)",NA,27,27,0.601923515032718,FALSE
13,"ICA (oracle)",NA,28,28,0.612027940296974,FALSE
13,"ICA (oracle)",NA,29,29,0.621950161766427,FALSE
13,"ICA (oracle)",NA,30,30,0.631666680029899,FALSE
13,"SoftImpute (oracle)",1,0,0,0.808874684148119,NA
13,"SoftImpute (oracle)",1,1,1,0.515651184797641,NA
13,"SoftImpute (oracle)",1,2,2,0.372295304357558,NA
13,"SoftImpute (oracle)",1,3,3,0.174540607370645,NA
13,"SoftImpute (oracle)",1,4,4,0.213132485231213,NA
13,"SoftImpute (oracle)",1,5,5,0.245402578928036,NA
13,"SoftImpute (oracle)",1,6,6,0.273361168923567,NA
13,"SoftImpute (oracle)",1,7,7,0.298489607598271,NA
13,"SoftImpute (oracle)",1,8,8,0.321382509085823,NA
13,"SoftImpute (oracle)",1,9,9,0.342639682649266,NA
13,"SoftImpute (oracle)",1,10,10,0.362490313871177,NA
13,"SoftImpute (oracle)",1,11,11,0.381193095916166,NA
13,"SoftImpute (oracle)",1,12,12,0.398729952033068,NA
13,"SoftImpute (oracle)",1,13,13,0.415404279553065,NA
13,"SoftImpute (oracle)",1,14,14,0.431155404053818,NA
13,"SoftImpute (oracle)",1,15,15,0.446266201217135,NA
13,"SoftImpute (oracle)",1,16,16,0.460730409089566,NA
13,"SoftImpute (oracle)",1,17,17,0.474482603489467,NA
13,"SoftImpute (oracle)",1,18,18,0.487822026172709,NA
13,"SoftImpute (oracle)",1,19,19,0.500767193487337,NA
13,"SoftImpute (oracle)",1,20,20,0.513317963355525,NA
13,"SoftImpute (oracle)",1,21,21,0.525480255144341,NA
13,"SoftImpute (oracle)",1,22,22,0.537297048987141,NA
13,"SoftImpute (oracle)",1,23,23,0.548774302475388,NA
13,"SoftImpute (oracle)",1,24,24,0.55983619859411,NA
13,"SoftImpute (oracle)",1,25,25,0.570574944687883,NA
13,"SoftImpute (oracle)",1,26,26,0.581017192226957,NA
13,"SoftImpute (oracle)",1,27,27,0.591235422725407,NA
13,"SoftImpute (oracle)",1,28,28,0.601111722491389,NA
13,"SoftImpute (oracle)",1,29,29,0.610810328256849,NA
13,"SoftImpute (oracle)",1,30,30,0.620307563479779,NA
14,"PCA (oracle)",NA,0,0,0.798181277563721,NA
14,"PCA (oracle)",NA,1,1,0.508851319840815,NA
14,"PCA (oracle)",NA,2,2,0.35537168469453,NA
14,"PCA (oracle)",NA,3,3,0.175517100373403,NA
14,"PCA (oracle)",NA,4,4,0.216692988025148,NA
14,"PCA (oracle)",NA,5,5,0.250424542825297,NA
14,"PCA (oracle)",NA,6,6,0.279432372022727,NA
14,"PCA (oracle)",NA,7,7,0.305327484907075,NA
14,"PCA (oracle)",NA,8,8,0.328929603636905,NA
14,"PCA (oracle)",NA,9,9,0.350853400491566,NA
14,"PCA (oracle)",NA,10,10,0.371249029222267,NA
14,"PCA (oracle)",NA,11,11,0.390363333266026,NA
14,"PCA (oracle)",NA,12,12,0.40830919778589,NA
14,"PCA (oracle)",NA,13,13,0.425471396258781,NA
14,"PCA (oracle)",NA,14,14,0.441812819769032,NA
14,"PCA (oracle)",NA,15,15,0.457253430515948,NA
14,"PCA (oracle)",NA,16,16,0.472104966997339,NA
14,"PCA (oracle)",NA,17,17,0.486408445711712,NA
14,"PCA (oracle)",NA,18,18,0.50001782911766,NA
14,"PCA (oracle)",NA,19,19,0.51315971693862,NA
14,"PCA (oracle)",NA,20,20,0.525937120680625,NA
14,"PCA (oracle)",NA,21,21,0.53832989751755,NA
14,"PCA (oracle)",NA,22,22,0.550361969572936,NA
14,"PCA (oracle)",NA,23,23,0.562069859876622,NA
14,"PCA (oracle)",NA,24,24,0.57335630078311,NA
14,"PCA (oracle)",NA,25,25,0.584293191351298,NA
14,"PCA (oracle)",NA,26,26,0.594987582195481,NA
14,"PCA (oracle)",NA,27,27,0.605375371498807,NA
14,"PCA (oracle)",NA,28,28,0.615529297058596,NA
14,"PCA (oracle)",NA,29,29,0.625426128522779,NA
14,"PCA (oracle)",NA,30,30,0.63509554312868,NA
14,"ICA (oracle)",NA,0,0,0.798181277563721,NA
14,"ICA (oracle)",NA,1,1,0.508851319840815,TRUE
14,"ICA (oracle)",NA,2,2,0.35537168469453,TRUE
14,"ICA (oracle)",NA,3,3,0.175517100373403,TRUE
14,"ICA (oracle)",NA,4,4,0.216692988025148,TRUE
14,"ICA (oracle)",NA,5,5,0.250424542825297,FALSE
14,"ICA (oracle)",NA,6,6,0.279432372022727,TRUE
14,"ICA (oracle)",NA,7,7,0.305327484907075,FALSE
14,"ICA (oracle)",NA,8,8,0.328929603636905,FALSE
14,"ICA (oracle)",NA,9,9,0.350853400491566,FALSE
14,"ICA (oracle)",NA,10,10,0.371249029222267,FALSE
14,"ICA (oracle)",NA,11,11,0.390363333266026,FALSE
14,"ICA (oracle)",NA,12,12,0.40830919778589,FALSE
14,"ICA (oracle)",NA,13,13,0.425471396258781,FALSE
14,"ICA (oracle)",NA,14,14,0.441812819769032,FALSE
14,"ICA (oracle)",NA,15,15,0.457253430515949,FALSE
14,"ICA (oracle)",NA,16,16,0.472104966997339,FALSE
14,"ICA (oracle)",NA,17,17,0.486408445711712,FALSE
14,"ICA (oracle)",NA,18,18,0.50001782911766,FALSE
14,"ICA (oracle)",NA,19,19,0.513159716938621,FALSE
14,"ICA (oracle)",NA,20,20,0.525937120680625,FALSE
14,"ICA (oracle)",NA,21,21,0.53832989751755,FALSE
14,"ICA (oracle)",NA,22,22,0.550361969572936,FALSE
14,"ICA (oracle)",NA,23,23,0.562069859876622,FALSE
14,"ICA (oracle)",NA,24,24,0.573356300783111,FALSE
14,"ICA (oracle)",NA,25,25,0.584293191351298,FALSE
14,"ICA (oracle)",NA,26,26,0.594987582195481,FALSE
14,"ICA (oracle)",NA,27,27,0.605375371498807,FALSE
14,"ICA (oracle)",NA,28,28,0.615529297058596,FALSE
14,"ICA (oracle)",NA,29,29,0.62542612852278,FALSE
14,"ICA (oracle)",NA,30,30,0.63509554312868,FALSE
14,"SoftImpute (oracle)",1,0,0,0.798181277563721,NA
14,"SoftImpute (oracle)",1,1,1,0.508786202991471,NA
14,"SoftImpute (oracle)",1,2,2,0.35516516392938,NA
14,"SoftImpute (oracle)",1,3,3,0.174719847707682,NA
14,"SoftImpute (oracle)",1,4,4,0.214740074975038,NA
14,"SoftImpute (oracle)",1,5,5,0.247615698516985,NA
14,"SoftImpute (oracle)",1,6,6,0.275924077232594,NA
14,"SoftImpute (oracle)",1,7,7,0.301216205069095,NA
14,"SoftImpute (oracle)",1,8,8,0.324282040999569,NA
14,"SoftImpute (oracle)",1,9,9,0.345718541398261,NA
14,"SoftImpute (oracle)",1,10,10,0.365665576337851,NA
14,"SoftImpute (oracle)",1,11,11,0.384362351281151,NA
14,"SoftImpute (oracle)",1,12,12,0.401916511097,NA
14,"SoftImpute (oracle)",1,13,13,0.418708039619678,NA
14,"SoftImpute (oracle)",1,14,14,0.434697225485494,NA
14,"SoftImpute (oracle)",1,15,15,0.4498020550923,NA
14,"SoftImpute (oracle)",1,16,16,0.464331655347639,NA
14,"SoftImpute (oracle)",1,17,17,0.478325537471937,NA
14,"SoftImpute (oracle)",1,18,18,0.491636868030434,NA
14,"SoftImpute (oracle)",1,19,19,0.504490665484093,NA
14,"SoftImpute (oracle)",1,20,20,0.5169888648933,NA
14,"SoftImpute (oracle)",1,21,21,0.529110678900666,NA
14,"SoftImpute (oracle)",1,22,22,0.540879363036274,NA
14,"SoftImpute (oracle)",1,23,23,0.552330823094618,NA
14,"SoftImpute (oracle)",1,24,24,0.563367552472494,NA
14,"SoftImpute (oracle)",1,25,25,0.574060862166548,NA
14,"SoftImpute (oracle)",1,26,26,0.584517180366001,NA
14,"SoftImpute (oracle)",1,27,27,0.59467223711614,NA
14,"SoftImpute (oracle)",1,28,28,0.60459830404702,NA
14,"SoftImpute (oracle)",1,29,29,0.614271946843411,NA
14,"SoftImpute (oracle)",1,30,30,0.623722534720326,NA
15,"PCA (oracle)",NA,0,0,0.727845553973033,NA
15,"PCA (oracle)",NA,1,1,0.483416048063575,NA
15,"PCA (oracle)",NA,2,2,0.3600229828838,NA
15,"PCA (oracle)",NA,3,3,0.173450213677051,NA
15,"PCA (oracle)",NA,4,4,0.214493603130931,NA
15,"PCA (oracle)",NA,5,5,0.248364033359255,NA
15,"PCA (oracle)",NA,6,6,0.277898948335604,NA
15,"PCA (oracle)",NA,7,7,0.304185502842565,NA
15,"PCA (oracle)",NA,8,8,0.328138888012888,NA
15,"PCA (oracle)",NA,9,9,0.349988583231817,NA
15,"PCA (oracle)",NA,10,10,0.370493694074321,NA
15,"PCA (oracle)",NA,11,11,0.389462228507109,NA
15,"PCA (oracle)",NA,12,12,0.407426470362043,NA
15,"PCA (oracle)",NA,13,13,0.424482900073596,NA
15,"PCA (oracle)",NA,14,14,0.440692872161619,NA
15,"PCA (oracle)",NA,15,15,0.456187355477766,NA
15,"PCA (oracle)",NA,16,16,0.471125673405679,NA
15,"PCA (oracle)",NA,17,17,0.485445854583215,NA
15,"PCA (oracle)",NA,18,18,0.499262491507411,NA
15,"PCA (oracle)",NA,19,19,0.512616116252257,NA
15,"PCA (oracle)",NA,20,20,0.525378189430933,NA
15,"PCA (oracle)",NA,21,21,0.537812984813162,NA
15,"PCA (oracle)",NA,22,22,0.5498364531681,NA
15,"PCA (oracle)",NA,23,23,0.5615945340125,NA
15,"PCA (oracle)",NA,24,24,0.572946279188873,NA
15,"PCA (oracle)",NA,25,25,0.58400539719239,NA
15,"PCA (oracle)",NA,26,26,0.594822312433456,NA
15,"PCA (oracle)",NA,27,27,0.605332486906952,NA
15,"PCA (oracle)",NA,28,28,0.615504449855042,NA
15,"PCA (oracle)",NA,29,29,0.625471816671708,NA
15,"PCA (oracle)",NA,30,30,0.635201245448157,NA
15,"ICA (oracle)",NA,0,0,0.727845553973033,NA
15,"ICA (oracle)",NA,1,1,0.483416048063575,TRUE
15,"ICA (oracle)",NA,2,2,0.3600229828838,TRUE
15,"ICA (oracle)",NA,3,3,0.173450213677051,TRUE
15,"ICA (oracle)",NA,4,4,0.214493603130931,TRUE
15,"ICA (oracle)",NA,5,5,0.248364033359255,TRUE
15,"ICA (oracle)",NA,6,6,0.277898948335604,FALSE
15,"ICA (oracle)",NA,7,7,0.304185502842565,TRUE
15,"ICA (oracle)",NA,8,8,0.328138888012889,FALSE
15,"ICA (oracle)",NA,9,9,0.349988583231816,FALSE
15,"ICA (oracle)",NA,10,10,0.370493694074322,FALSE
15,"ICA (oracle)",NA,11,11,0.389462228507109,FALSE
15,"ICA (oracle)",NA,12,12,0.407426470362043,FALSE
15,"ICA (oracle)",NA,13,13,0.424482900073596,FALSE
15,"ICA (oracle)",NA,14,14,0.440692872161618,FALSE
15,"ICA (oracle)",NA,15,15,0.456187355477766,FALSE
15,"ICA (oracle)",NA,16,16,0.471125673405679,FALSE
15,"ICA (oracle)",NA,17,17,0.485445854583215,FALSE
15,"ICA (oracle)",NA,18,18,0.499262491507411,FALSE
15,"ICA (oracle)",NA,19,19,0.512616116252257,FALSE
15,"ICA (oracle)",NA,20,20,0.525378189430933,FALSE
15,"ICA (oracle)",NA,21,21,0.537812984813162,FALSE
15,"ICA (oracle)",NA,22,22,0.5498364531681,FALSE
15,"ICA (oracle)",NA,23,23,0.561594534012501,FALSE
15,"ICA (oracle)",NA,24,24,0.572946279188873,FALSE
15,"ICA (oracle)",NA,25,25,0.584005397192389,FALSE
15,"ICA (oracle)",NA,26,26,0.594822312433456,FALSE
15,"ICA (oracle)",NA,27,27,0.605332486906951,FALSE
15,"ICA (oracle)",NA,28,28,0.615504449855042,FALSE
15,"ICA (oracle)",NA,29,29,0.625471816671708,FALSE
15,"ICA (oracle)",NA,30,30,0.635201245448157,FALSE
15,"SoftImpute (oracle)",1,0,0,0.727845553973033,NA
15,"SoftImpute (oracle)",1,1,1,0.483355011117905,NA
15,"SoftImpute (oracle)",1,2,2,0.359783462488987,NA
15,"SoftImpute (oracle)",1,3,3,0.172603461048738,NA
15,"SoftImpute (oracle)",1,4,4,0.212497457498959,NA
15,"SoftImpute (oracle)",1,5,5,0.24551457398831,NA
15,"SoftImpute (oracle)",1,6,6,0.274350119106952,NA
15,"SoftImpute (oracle)",1,7,7,0.30003465016046,NA
15,"SoftImpute (oracle)",1,8,8,0.323452799641354,NA
15,"SoftImpute (oracle)",1,9,9,0.344817665301798,NA
15,"SoftImpute (oracle)",1,10,10,0.364875620468199,NA
15,"SoftImpute (oracle)",1,11,11,0.383428647685594,NA
15,"SoftImpute (oracle)",1,12,12,0.401002430859644,NA
15,"SoftImpute (oracle)",1,13,13,0.417689640097689,NA
15,"SoftImpute (oracle)",1,14,14,0.433548726160989,NA
15,"SoftImpute (oracle)",1,15,15,0.448708144146143,NA
15,"SoftImpute (oracle)",1,16,16,0.463325090775704,NA
15,"SoftImpute (oracle)",1,17,17,0.477336358930197,NA
15,"SoftImpute (oracle)",1,18,18,0.490855088933159,NA
15,"SoftImpute (oracle)",1,19,19,0.503920742417298,NA
15,"SoftImpute (oracle)",1,20,20,0.516404251159186,NA
15,"SoftImpute (oracle)",1,21,21,0.528568544159865,NA
15,"SoftImpute (oracle)",1,22,22,0.54032916658113,NA
15,"SoftImpute (oracle)",1,23,23,0.551831191643272,NA
15,"SoftImpute (oracle)",1,24,24,0.562933529351836,NA
15,"SoftImpute (oracle)",1,25,25,0.573749214025024,NA
15,"SoftImpute (oracle)",1,26,26,0.584328194864938,NA
15,"SoftImpute (oracle)",1,27,27,0.594605755152205,NA
15,"SoftImpute (oracle)",1,28,28,0.604550202164044,NA
15,"SoftImpute (oracle)",1,29,29,0.614294582455203,NA
15,"SoftImpute (oracle)",1,30,30,0.623805396257833,NA
16,"PCA (oracle)",NA,0,0,0.79926446222534,NA
16,"PCA (oracle)",NA,1,1,0.544339958542583,NA
16,"PCA (oracle)",NA,2,2,0.368530508985371,NA
16,"PCA (oracle)",NA,3,3,0.173539066219112,NA
16,"PCA (oracle)",NA,4,4,0.214749013016025,NA
16,"PCA (oracle)",NA,5,5,0.248994596616288,NA
16,"PCA (oracle)",NA,6,6,0.278876528896255,NA
16,"PCA (oracle)",NA,7,7,0.305367488426155,NA
16,"PCA (oracle)",NA,8,8,0.329124301997445,NA
16,"PCA (oracle)",NA,9,9,0.351009967513727,NA
16,"PCA (oracle)",NA,10,10,0.371439171471045,NA
16,"PCA (oracle)",NA,11,11,0.390396930041873,NA
16,"PCA (oracle)",NA,12,12,0.408433216061661,NA
16,"PCA (oracle)",NA,13,13,0.425651958641265,NA
16,"PCA (oracle)",NA,14,14,0.442057490424242,NA
16,"PCA (oracle)",NA,15,15,0.457683036212225,NA
16,"PCA (oracle)",NA,16,16,0.47237918653707,NA
16,"PCA (oracle)",NA,17,17,0.486652733661342,NA
16,"PCA (oracle)",NA,18,18,0.500422388150248,NA
16,"PCA (oracle)",NA,19,19,0.513700830334814,NA
16,"PCA (oracle)",NA,20,20,0.526628740573501,NA
16,"PCA (oracle)",NA,21,21,0.539039880838171,NA
16,"PCA (oracle)",NA,22,22,0.551170237238063,NA
16,"PCA (oracle)",NA,23,23,0.562835351491179,NA
16,"PCA (oracle)",NA,24,24,0.57411886061345,NA
16,"PCA (oracle)",NA,25,25,0.585186772889363,NA
16,"PCA (oracle)",NA,26,26,0.595912139612315,NA
16,"PCA (oracle)",NA,27,27,0.606368433146935,NA
16,"PCA (oracle)",NA,28,28,0.616569077082039,NA
16,"PCA (oracle)",NA,29,29,0.626573939872176,NA
16,"PCA (oracle)",NA,30,30,0.636345149637766,NA
16,"ICA (oracle)",NA,0,0,0.79926446222534,NA
16,"ICA (oracle)",NA,1,1,0.544339958542583,TRUE
16,"ICA (oracle)",NA,2,2,0.368530508985371,TRUE
16,"ICA (oracle)",NA,3,3,0.173539066219112,TRUE
16,"ICA (oracle)",NA,4,4,0.214749013016025,TRUE
16,"ICA (oracle)",NA,5,5,0.248994596616288,TRUE
16,"ICA (oracle)",NA,6,6,0.278876528896256,FALSE
16,"ICA (oracle)",NA,7,7,0.305367488426155,FALSE
16,"ICA (oracle)",NA,8,8,0.329124301997446,FALSE
16,"ICA (oracle)",NA,9,9,0.351009967513727,FALSE
16,"ICA (oracle)",NA,10,10,0.371439171471045,FALSE
16,"ICA (oracle)",NA,11,11,0.390396930041874,FALSE
16,"ICA (oracle)",NA,12,12,0.408433216061661,FALSE
16,"ICA (oracle)",NA,13,13,0.425651958641265,FALSE
16,"ICA (oracle)",NA,14,14,0.442057490424243,FALSE
16,"ICA (oracle)",NA,15,15,0.457683036212225,FALSE
16,"ICA (oracle)",NA,16,16,0.47237918653707,FALSE
16,"ICA (oracle)",NA,17,17,0.486652733661342,FALSE
16,"ICA (oracle)",NA,18,18,0.500422388150248,FALSE
16,"ICA (oracle)",NA,19,19,0.513700830334815,FALSE
16,"ICA (oracle)",NA,20,20,0.526628740573501,FALSE
16,"ICA (oracle)",NA,21,21,0.539039880838171,FALSE
16,"ICA (oracle)",NA,22,22,0.551170237238063,FALSE
16,"ICA (oracle)",NA,23,23,0.562835351491179,FALSE
16,"ICA (oracle)",NA,24,24,0.57411886061345,FALSE
16,"ICA (oracle)",NA,25,25,0.585186772889364,FALSE
16,"ICA (oracle)",NA,26,26,0.595912139612316,FALSE
16,"ICA (oracle)",NA,27,27,0.606368433146935,FALSE
16,"ICA (oracle)",NA,28,28,0.616569077082039,FALSE
16,"ICA (oracle)",NA,29,29,0.626573939872177,FALSE
16,"ICA (oracle)",NA,30,30,0.636345149637766,FALSE
16,"SoftImpute (oracle)",1,0,0,0.79926446222534,NA
16,"SoftImpute (oracle)",1,1,1,0.544262067441355,NA
16,"SoftImpute (oracle)",1,2,2,0.368276876908024,NA
16,"SoftImpute (oracle)",1,3,3,0.172664356385398,NA
16,"SoftImpute (oracle)",1,4,4,0.212728939704697,NA
16,"SoftImpute (oracle)",1,5,5,0.246122309849148,NA
16,"SoftImpute (oracle)",1,6,6,0.275305880705477,NA
16,"SoftImpute (oracle)",1,7,7,0.301196191972611,NA
16,"SoftImpute (oracle)",1,8,8,0.324420385114794,NA
16,"SoftImpute (oracle)",1,9,9,0.345822432547458,NA
16,"SoftImpute (oracle)",1,10,10,0.365805836161656,NA
16,"SoftImpute (oracle)",1,11,11,0.384349011925805,NA
16,"SoftImpute (oracle)",1,12,12,0.401995382931644,NA
16,"SoftImpute (oracle)",1,13,13,0.418845126413061,NA
16,"SoftImpute (oracle)",1,14,14,0.434899870763922,NA
16,"SoftImpute (oracle)",1,15,15,0.450190592928318,NA
16,"SoftImpute (oracle)",1,16,16,0.464566522196798,NA
16,"SoftImpute (oracle)",1,17,17,0.478531717555614,NA
16,"SoftImpute (oracle)",1,18,18,0.492003974598297,NA
16,"SoftImpute (oracle)",1,19,19,0.504994977674211,NA
16,"SoftImpute (oracle)",1,20,20,0.517644256602381,NA
16,"SoftImpute (oracle)",1,21,21,0.529785258193721,NA
16,"SoftImpute (oracle)",1,22,22,0.541652811540452,NA
16,"SoftImpute (oracle)",1,23,23,0.553062353349992,NA
16,"SoftImpute (oracle)",1,24,24,0.564096858159423,NA
16,"SoftImpute (oracle)",1,25,25,0.574921542296666,NA
16,"SoftImpute (oracle)",1,26,26,0.585409391417549,NA
16,"SoftImpute (oracle)",1,27,27,0.595633384055404,NA
16,"SoftImpute (oracle)",1,28,28,0.605606624422274,NA
16,"SoftImpute (oracle)",1,29,29,0.615388585268322,NA
16,"SoftImpute (oracle)",1,30,30,0.624941248073199,NA
17,"PCA (oracle)",NA,0,0,0.777083779267591,NA
17,"PCA (oracle)",NA,1,1,0.519488321806592,NA
17,"PCA (oracle)",NA,2,2,0.372572628337035,NA
17,"PCA (oracle)",NA,3,3,0.173103524897586,NA
17,"PCA (oracle)",NA,4,4,0.214375524924313,NA
17,"PCA (oracle)",NA,5,5,0.248435182845705,NA
17,"PCA (oracle)",NA,6,6,0.277772145027771,NA
17,"PCA (oracle)",NA,7,7,0.304060338771323,NA
17,"PCA (oracle)",NA,8,8,0.328075185551524,NA
17,"PCA (oracle)",NA,9,9,0.349988587313067,NA
17,"PCA (oracle)",NA,10,10,0.370406639935045,NA
17,"PCA (oracle)",NA,11,11,0.389545787399014,NA
17,"PCA (oracle)",NA,12,12,0.40756798933784,NA
17,"PCA (oracle)",NA,13,13,0.424610787836516,NA
17,"PCA (oracle)",NA,14,14,0.440838223611693,NA
17,"PCA (oracle)",NA,15,15,0.456335032079852,NA
17,"PCA (oracle)",NA,16,16,0.471195584698248,NA
17,"PCA (oracle)",NA,17,17,0.485481865559123,NA
17,"PCA (oracle)",NA,18,18,0.499248614082042,NA
17,"PCA (oracle)",NA,19,19,0.512507721334596,NA
17,"PCA (oracle)",NA,20,20,0.525318773490217,NA
17,"PCA (oracle)",NA,21,21,0.537697550397691,NA
17,"PCA (oracle)",NA,22,22,0.5497284632132,NA
17,"PCA (oracle)",NA,23,23,0.561373644403576,NA
17,"PCA (oracle)",NA,24,24,0.572708986992816,NA
17,"PCA (oracle)",NA,25,25,0.583714035288322,NA
17,"PCA (oracle)",NA,26,26,0.594439839874216,NA
17,"PCA (oracle)",NA,27,27,0.604914364474722,NA
17,"PCA (oracle)",NA,28,28,0.615088077618511,NA
17,"PCA (oracle)",NA,29,29,0.625029577427044,NA
17,"PCA (oracle)",NA,30,30,0.634770500427751,NA
17,"ICA (oracle)",NA,0,0,0.777083779267591,NA
17,"ICA (oracle)",NA,1,1,0.519488321806592,TRUE
17,"ICA (oracle)",NA,2,2,0.372572628337035,TRUE
17,"ICA (oracle)",NA,3,3,0.173103524897586,TRUE
17,"ICA (oracle)",NA,4,4,0.214375524924313,TRUE
17,"ICA (oracle)",NA,5,5,0.248435182845705,TRUE
17,"ICA (oracle)",NA,6,6,0.277772145027771,FALSE
17,"ICA (oracle)",NA,7,7,0.304060338771323,FALSE
17,"ICA (oracle)",NA,8,8,0.328075185551524,FALSE
17,"ICA (oracle)",NA,9,9,0.349988587313068,FALSE
17,"ICA (oracle)",NA,10,10,0.370406639935045,TRUE
17,"ICA (oracle)",NA,11,11,0.389545787399014,FALSE
17,"ICA (oracle)",NA,12,12,0.40756798933784,FALSE
17,"ICA (oracle)",NA,13,13,0.424610787836516,FALSE
17,"ICA (oracle)",NA,14,14,0.440838223611693,FALSE
17,"ICA (oracle)",NA,15,15,0.456335032079852,FALSE
17,"ICA (oracle)",NA,16,16,0.471195584698248,FALSE
17,"ICA (oracle)",NA,17,17,0.485481865559123,FALSE
17,"ICA (oracle)",NA,18,18,0.499248614082042,FALSE
17,"ICA (oracle)",NA,19,19,0.512507721334596,FALSE
17,"ICA (oracle)",NA,20,20,0.525318773490217,FALSE
17,"ICA (oracle)",NA,21,21,0.537697550397691,FALSE
17,"ICA (oracle)",NA,22,22,0.549728463213199,FALSE
17,"ICA (oracle)",NA,23,23,0.561373644403576,FALSE
17,"ICA (oracle)",NA,24,24,0.572708986992816,FALSE
17,"ICA (oracle)",NA,25,25,0.583714035288321,FALSE
17,"ICA (oracle)",NA,26,26,0.594439839874215,FALSE
17,"ICA (oracle)",NA,27,27,0.604914364474722,FALSE
17,"ICA (oracle)",NA,28,28,0.615088077618511,FALSE
17,"ICA (oracle)",NA,29,29,0.625029577427043,FALSE
17,"ICA (oracle)",NA,30,30,0.634770500427751,FALSE
17,"SoftImpute (oracle)",1,0,0,0.777083779267591,NA
17,"SoftImpute (oracle)",1,1,1,0.5194289599458,NA
17,"SoftImpute (oracle)",1,2,2,0.372372583376726,NA
17,"SoftImpute (oracle)",1,3,3,0.172323281344232,NA
17,"SoftImpute (oracle)",1,4,4,0.212430704059281,NA
17,"SoftImpute (oracle)",1,5,5,0.245628773525415,NA
17,"SoftImpute (oracle)",1,6,6,0.274262956329748,NA
17,"SoftImpute (oracle)",1,7,7,0.299945671800945,NA
17,"SoftImpute (oracle)",1,8,8,0.323422375674738,NA
17,"SoftImpute (oracle)",1,9,9,0.344848633892761,NA
17,"SoftImpute (oracle)",1,10,10,0.364818123202312,NA
17,"SoftImpute (oracle)",1,11,11,0.383539771125006,NA
17,"SoftImpute (oracle)",1,12,12,0.401170143118361,NA
17,"SoftImpute (oracle)",1,13,13,0.417842731135325,NA
17,"SoftImpute (oracle)",1,14,14,0.433718324163765,NA
17,"SoftImpute (oracle)",1,15,15,0.448879256248132,NA
17,"SoftImpute (oracle)",1,16,16,0.463417909552563,NA
17,"SoftImpute (oracle)",1,17,17,0.477394695627888,NA
17,"SoftImpute (oracle)",1,18,18,0.490863046168277,NA
17,"SoftImpute (oracle)",1,19,19,0.503833840860573,NA
17,"SoftImpute (oracle)",1,20,20,0.516365685345578,NA
17,"SoftImpute (oracle)",1,21,21,0.528473608872463,NA
17,"SoftImpute (oracle)",1,22,22,0.540241206333085,NA
17,"SoftImpute (oracle)",1,23,23,0.551630167698591,NA
17,"SoftImpute (oracle)",1,24,24,0.562715738544758,NA
17,"SoftImpute (oracle)",1,25,25,0.573477099701316,NA
17,"SoftImpute (oracle)",1,26,26,0.583964816093491,NA
17,"SoftImpute (oracle)",1,27,27,0.594206462052369,NA
17,"SoftImpute (oracle)",1,28,28,0.604152330490099,NA
17,"SoftImpute (oracle)",1,29,29,0.613870594725609,NA
17,"SoftImpute (oracle)",1,30,30,0.623392581953145,NA
18,"PCA (oracle)",NA,0,0,0.767798667143483,NA
18,"PCA (oracle)",NA,1,1,0.468483197409243,NA
18,"PCA (oracle)",NA,2,2,0.346657470002951,NA
18,"PCA (oracle)",NA,3,3,0.17847839712817,NA
18,"PCA (oracle)",NA,4,4,0.218894669470378,NA
18,"PCA (oracle)",NA,5,5,0.252166379985538,NA
18,"PCA (oracle)",NA,6,6,0.280711907385868,NA
18,"PCA (oracle)",NA,7,7,0.306508759468041,NA
18,"PCA (oracle)",NA,8,8,0.329951378332595,NA
18,"PCA (oracle)",NA,9,9,0.351698054282069,NA
18,"PCA (oracle)",NA,10,10,0.372068983496209,NA
18,"PCA (oracle)",NA,11,11,0.391034311836093,NA
18,"PCA (oracle)",NA,12,12,0.408910129876378,NA
18,"PCA (oracle)",NA,13,13,0.425752678378389,NA
18,"PCA (oracle)",NA,14,14,0.441947908392986,NA
18,"PCA (oracle)",NA,15,15,0.457270078612461,NA
18,"PCA (oracle)",NA,16,16,0.472059012007184,NA
18,"PCA (oracle)",NA,17,17,0.486322859543842,NA
18,"PCA (oracle)",NA,18,18,0.499971634347921,NA
18,"PCA (oracle)",NA,19,19,0.513182707595594,NA
18,"PCA (oracle)",NA,20,20,0.52595840324084,NA
18,"PCA (oracle)",NA,21,21,0.538409850188154,NA
18,"PCA (oracle)",NA,22,22,0.550434439160688,NA
18,"PCA (oracle)",NA,23,23,0.562043457634461,NA
18,"PCA (oracle)",NA,24,24,0.573376701934348,NA
18,"PCA (oracle)",NA,25,25,0.584417539911532,NA
18,"PCA (oracle)",NA,26,26,0.595203905526783,NA
18,"PCA (oracle)",NA,27,27,0.605691410935728,NA
18,"PCA (oracle)",NA,28,28,0.615931497192684,NA
18,"PCA (oracle)",NA,29,29,0.625947459102833,NA
18,"PCA (oracle)",NA,30,30,0.635748609610471,NA
18,"ICA (oracle)",NA,0,0,0.767798667143483,NA
18,"ICA (oracle)",NA,1,1,0.468483197409243,TRUE
18,"ICA (oracle)",NA,2,2,0.346657470002951,TRUE
18,"ICA (oracle)",NA,3,3,0.17847839712817,TRUE
18,"ICA (oracle)",NA,4,4,0.218894669470378,TRUE
18,"ICA (oracle)",NA,5,5,0.252166379985537,TRUE
18,"ICA (oracle)",NA,6,6,0.280711907385869,FALSE
18,"ICA (oracle)",NA,7,7,0.306508759468041,FALSE
18,"ICA (oracle)",NA,8,8,0.329951378332595,FALSE
18,"ICA (oracle)",NA,9,9,0.351698054282069,FALSE
18,"ICA (oracle)",NA,10,10,0.372068983496209,FALSE
18,"ICA (oracle)",NA,11,11,0.391034311836092,TRUE
18,"ICA (oracle)",NA,12,12,0.408910129876378,FALSE
18,"ICA (oracle)",NA,13,13,0.425752678378389,FALSE
18,"ICA (oracle)",NA,14,14,0.441947908392985,FALSE
18,"ICA (oracle)",NA,15,15,0.457270078612461,FALSE
18,"ICA (oracle)",NA,16,16,0.472059012007184,FALSE
18,"ICA (oracle)",NA,17,17,0.486322859543842,FALSE
18,"ICA (oracle)",NA,18,18,0.499971634347921,FALSE
18,"ICA (oracle)",NA,19,19,0.513182707595594,FALSE
18,"ICA (oracle)",NA,20,20,0.52595840324084,FALSE
18,"ICA (oracle)",NA,21,21,0.538409850188154,FALSE
18,"ICA (oracle)",NA,22,22,0.550434439160688,FALSE
18,"ICA (oracle)",NA,23,23,0.562043457634461,FALSE
18,"ICA (oracle)",NA,24,24,0.573376701934349,FALSE
18,"ICA (oracle)",NA,25,25,0.584417539911533,FALSE
18,"ICA (oracle)",NA,26,26,0.595203905526783,FALSE
18,"ICA (oracle)",NA,27,27,0.605691410935728,FALSE
18,"ICA (oracle)",NA,28,28,0.615931497192684,FALSE
18,"ICA (oracle)",NA,29,29,0.625947459102833,FALSE
18,"ICA (oracle)",NA,30,30,0.635748609610471,FALSE
18,"SoftImpute (oracle)",1,0,0,0.767798667143483,NA
18,"SoftImpute (oracle)",1,1,1,0.468417626481148,NA
18,"SoftImpute (oracle)",1,2,2,0.346379856112995,NA
18,"SoftImpute (oracle)",1,3,3,0.177570337449271,NA
18,"SoftImpute (oracle)",1,4,4,0.216863578567359,NA
18,"SoftImpute (oracle)",1,5,5,0.249294884217279,NA
18,"SoftImpute (oracle)",1,6,6,0.277150976855797,NA
18,"SoftImpute (oracle)",1,7,7,0.302350264678546,NA
18,"SoftImpute (oracle)",1,8,8,0.325260986666774,NA
18,"SoftImpute (oracle)",1,9,9,0.346523918223789,NA
18,"SoftImpute (oracle)",1,10,10,0.366448643058036,NA
18,"SoftImpute (oracle)",1,11,11,0.384998840104612,NA
18,"SoftImpute (oracle)",1,12,12,0.40248476343393,NA
18,"SoftImpute (oracle)",1,13,13,0.418958937006322,NA
18,"SoftImpute (oracle)",1,14,14,0.43480347041578,NA
18,"SoftImpute (oracle)",1,15,15,0.449791163493781,NA
18,"SoftImpute (oracle)",1,16,16,0.464259185007646,NA
18,"SoftImpute (oracle)",1,17,17,0.478214306555373,NA
18,"SoftImpute (oracle)",1,18,18,0.491565617720599,NA
18,"SoftImpute (oracle)",1,19,19,0.504489066443436,NA
18,"SoftImpute (oracle)",1,20,20,0.516986157527388,NA
18,"SoftImpute (oracle)",1,21,21,0.529167056359657,NA
18,"SoftImpute (oracle)",1,22,22,0.540928791494801,NA
18,"SoftImpute (oracle)",1,23,23,0.552282089235231,NA
18,"SoftImpute (oracle)",1,24,24,0.563365950009748,NA
18,"SoftImpute (oracle)",1,25,25,0.574163377075613,NA
18,"SoftImpute (oracle)",1,26,26,0.58471185644142,NA
18,"SoftImpute (oracle)",1,27,27,0.594966777729757,NA
18,"SoftImpute (oracle)",1,28,28,0.604979173267835,NA
18,"SoftImpute (oracle)",1,29,29,0.614772024141361,NA
18,"SoftImpute (oracle)",1,30,30,0.62435438669177,NA
19,"PCA (oracle)",NA,0,0,0.796737139688262,NA
19,"PCA (oracle)",NA,1,1,0.498699317445383,NA
19,"PCA (oracle)",NA,2,2,0.371855823441705,NA
19,"PCA (oracle)",NA,3,3,0.178493220540617,NA
19,"PCA (oracle)",NA,4,4,0.218810170042021,NA
19,"PCA (oracle)",NA,5,5,0.252192230018335,NA
19,"PCA (oracle)",NA,6,6,0.281283548868539,NA
19,"PCA (oracle)",NA,7,7,0.307188435056997,NA
19,"PCA (oracle)",NA,8,8,0.331068992883712,NA
19,"PCA (oracle)",NA,9,9,0.353012595270164,NA
19,"PCA (oracle)",NA,10,10,0.373296651470661,NA
19,"PCA (oracle)",NA,11,11,0.39231448003458,NA
19,"PCA (oracle)",NA,12,12,0.410295188232509,NA
19,"PCA (oracle)",NA,13,13,0.427213684389019,NA
19,"PCA (oracle)",NA,14,14,0.443414490621494,NA
19,"PCA (oracle)",NA,15,15,0.458927035502095,NA
19,"PCA (oracle)",NA,16,16,0.47373357067865,NA
19,"PCA (oracle)",NA,17,17,0.488066688335375,NA
19,"PCA (oracle)",NA,18,18,0.501833187823696,NA
19,"PCA (oracle)",NA,19,19,0.515134891034718,NA
19,"PCA (oracle)",NA,20,20,0.52785743403835,NA
19,"PCA (oracle)",NA,21,21,0.540192014377408,NA
19,"PCA (oracle)",NA,22,22,0.552096611585452,NA
19,"PCA (oracle)",NA,23,23,0.563690319179986,NA
19,"PCA (oracle)",NA,24,24,0.575017444068443,NA
19,"PCA (oracle)",NA,25,25,0.586061155422741,NA
19,"PCA (oracle)",NA,26,26,0.596815686946785,NA
19,"PCA (oracle)",NA,27,27,0.607258682390888,NA
19,"PCA (oracle)",NA,28,28,0.617489505369624,NA
19,"PCA (oracle)",NA,29,29,0.627311201998926,NA
19,"PCA (oracle)",NA,30,30,0.636934716281139,NA
19,"ICA (oracle)",NA,0,0,0.796737139688262,NA
19,"ICA (oracle)",NA,1,1,0.498699317445383,TRUE
19,"ICA (oracle)",NA,2,2,0.371855823441705,TRUE
19,"ICA (oracle)",NA,3,3,0.178493220540617,TRUE
19,"ICA (oracle)",NA,4,4,0.218810170042021,TRUE
19,"ICA (oracle)",NA,5,5,0.252192230018335,FALSE
19,"ICA (oracle)",NA,6,6,0.281283548868539,FALSE
19,"ICA (oracle)",NA,7,7,0.307188435056997,FALSE
19,"ICA (oracle)",NA,8,8,0.331068992883712,FALSE
19,"ICA (oracle)",NA,9,9,0.353012595270165,FALSE
19,"ICA (oracle)",NA,10,10,0.373296651470661,FALSE
19,"ICA (oracle)",NA,11,11,0.39231448003458,FALSE
19,"ICA (oracle)",NA,12,12,0.41029518823251,FALSE
19,"ICA (oracle)",NA,13,13,0.42721368438902,FALSE
19,"ICA (oracle)",NA,14,14,0.443414490621495,FALSE
19,"ICA (oracle)",NA,15,15,0.458927035502096,FALSE
19,"ICA (oracle)",NA,16,16,0.47373357067865,FALSE
19,"ICA (oracle)",NA,17,17,0.488066688335375,FALSE
19,"ICA (oracle)",NA,18,18,0.501833187823696,FALSE
19,"ICA (oracle)",NA,19,19,0.515134891034718,FALSE
19,"ICA (oracle)",NA,20,20,0.527857434038351,FALSE
19,"ICA (oracle)",NA,21,21,0.540192014377409,FALSE
19,"ICA (oracle)",NA,22,22,0.552096611585452,FALSE
19,"ICA (oracle)",NA,23,23,0.563690319179986,FALSE
19,"ICA (oracle)",NA,24,24,0.575017444068443,FALSE
19,"ICA (oracle)",NA,25,25,0.586061155422741,FALSE
19,"ICA (oracle)",NA,26,26,0.596815686946785,FALSE
19,"ICA (oracle)",NA,27,27,0.607258682390888,FALSE
19,"ICA (oracle)",NA,28,28,0.617489505369624,FALSE
19,"ICA (oracle)",NA,29,29,0.627311201998926,FALSE
19,"ICA (oracle)",NA,30,30,0.636934716281138,FALSE
19,"SoftImpute (oracle)",1,0,0,0.796737139688262,NA
19,"SoftImpute (oracle)",1,1,1,0.498630387578304,NA
19,"SoftImpute (oracle)",1,2,2,0.371626270311796,NA
19,"SoftImpute (oracle)",1,3,3,0.177709067404948,NA
19,"SoftImpute (oracle)",1,4,4,0.216881462057103,NA
19,"SoftImpute (oracle)",1,5,5,0.249408963480371,NA
19,"SoftImpute (oracle)",1,6,6,0.277798880882222,NA
19,"SoftImpute (oracle)",1,7,7,0.303099574584382,NA
19,"SoftImpute (oracle)",1,8,8,0.32644168430543,NA
19,"SoftImpute (oracle)",1,9,9,0.347897197972861,NA
19,"SoftImpute (oracle)",1,10,10,0.367732431040733,NA
19,"SoftImpute (oracle)",1,11,11,0.386332457395933,NA
19,"SoftImpute (oracle)",1,12,12,0.403920802951088,NA
19,"SoftImpute (oracle)",1,13,13,0.420468861401617,NA
19,"SoftImpute (oracle)",1,14,14,0.436317330808559,NA
19,"SoftImpute (oracle)",1,15,15,0.451493434244017,NA
19,"SoftImpute (oracle)",1,16,16,0.465977741832657,NA
19,"SoftImpute (oracle)",1,17,17,0.480000801406061,NA
19,"SoftImpute (oracle)",1,18,18,0.493468502656426,NA
19,"SoftImpute (oracle)",1,19,19,0.506481419368037,NA
19,"SoftImpute (oracle)",1,20,20,0.518924640403867,NA
19,"SoftImpute (oracle)",1,21,21,0.530988156263535,NA
19,"SoftImpute (oracle)",1,22,22,0.542629442707244,NA
19,"SoftImpute (oracle)",1,23,23,0.553966760840083,NA
19,"SoftImpute (oracle)",1,24,24,0.565043851030873,NA
19,"SoftImpute (oracle)",1,25,25,0.575843519758416,NA
19,"SoftImpute (oracle)",1,26,26,0.586359649858413,NA
19,"SoftImpute (oracle)",1,27,27,0.596569610575371,NA
19,"SoftImpute (oracle)",1,28,28,0.60657223709521,NA
19,"SoftImpute (oracle)",1,29,29,0.616170790066229,NA
19,"SoftImpute (oracle)",1,30,30,0.625575451341298,NA
20,"PCA (oracle)",NA,0,0,0.872386880196409,NA
20,"PCA (oracle)",NA,1,1,0.599138698148358,NA
20,"PCA (oracle)",NA,2,2,0.40986740908739,NA
20,"PCA (oracle)",NA,3,3,0.176238090612075,NA
20,"PCA (oracle)",NA,4,4,0.216626011187221,NA
20,"PCA (oracle)",NA,5,5,0.25023308384297,NA
20,"PCA (oracle)",NA,6,6,0.27931088493591,NA
20,"PCA (oracle)",NA,7,7,0.305195979813673,NA
20,"PCA (oracle)",NA,8,8,0.328849032377065,NA
20,"PCA (oracle)",NA,9,9,0.350674730085869,NA
20,"PCA (oracle)",NA,10,10,0.371120605451238,NA
20,"PCA (oracle)",NA,11,11,0.390335298154822,NA
20,"PCA (oracle)",NA,12,12,0.408536052938956,NA
20,"PCA (oracle)",NA,13,13,0.425711705106027,NA
20,"PCA (oracle)",NA,14,14,0.44214542470271,NA
20,"PCA (oracle)",NA,15,15,0.457748521173546,NA
20,"PCA (oracle)",NA,16,16,0.472709430686733,NA
20,"PCA (oracle)",NA,17,17,0.487106847060593,NA
20,"PCA (oracle)",NA,18,18,0.500948062993396,NA
20,"PCA (oracle)",NA,19,19,0.514370024557922,NA
20,"PCA (oracle)",NA,20,20,0.527409554384972,NA
20,"PCA (oracle)",NA,21,21,0.540025347427847,NA
20,"PCA (oracle)",NA,22,22,0.552141108094381,NA
20,"PCA (oracle)",NA,23,23,0.563850707548215,NA
20,"PCA (oracle)",NA,24,24,0.575234533187702,NA
20,"PCA (oracle)",NA,25,25,0.586300660857316,NA
20,"PCA (oracle)",NA,26,26,0.597052523481241,NA
20,"PCA (oracle)",NA,27,27,0.607378758639325,NA
20,"PCA (oracle)",NA,28,28,0.617520212170375,NA
20,"PCA (oracle)",NA,29,29,0.627428745261348,NA
20,"PCA (oracle)",NA,30,30,0.637094761201295,NA
20,"ICA (oracle)",NA,0,0,0.872386880196409,NA
20,"ICA (oracle)",NA,1,1,0.599138698148358,TRUE
20,"ICA (oracle)",NA,2,2,0.40986740908739,TRUE
20,"ICA (oracle)",NA,3,3,0.176238090612075,TRUE
20,"ICA (oracle)",NA,4,4,0.216626011187221,TRUE
20,"ICA (oracle)",NA,5,5,0.250233083842969,TRUE
20,"ICA (oracle)",NA,6,6,0.27931088493591,FALSE
20,"ICA (oracle)",NA,7,7,0.305195979813673,FALSE
20,"ICA (oracle)",NA,8,8,0.328849032377065,FALSE
20,"ICA (oracle)",NA,9,9,0.350674730085869,FALSE
20,"ICA (oracle)",NA,10,10,0.371120605451238,FALSE
20,"ICA (oracle)",NA,11,11,0.390335298154822,FALSE
20,"ICA (oracle)",NA,12,12,0.408536052938956,FALSE
20,"ICA (oracle)",NA,13,13,0.425711705106027,FALSE
20,"ICA (oracle)",NA,14,14,0.44214542470271,FALSE
20,"ICA (oracle)",NA,15,15,0.457748521173546,FALSE
20,"ICA (oracle)",NA,16,16,0.472709430686733,FALSE
20,"ICA (oracle)",NA,17,17,0.487106847060592,FALSE
20,"ICA (oracle)",NA,18,18,0.500948062993396,FALSE
20,"ICA (oracle)",NA,19,19,0.514370024557922,FALSE
20,"ICA (oracle)",NA,20,20,0.527409554384971,FALSE
20,"ICA (oracle)",NA,21,21,0.540025347427847,FALSE
20,"ICA (oracle)",NA,22,22,0.552141108094381,FALSE
20,"ICA (oracle)",NA,23,23,0.563850707548215,FALSE
20,"ICA (oracle)",NA,24,24,0.575234533187702,FALSE
20,"ICA (oracle)",NA,25,25,0.586300660857316,FALSE
20,"ICA (oracle)",NA,26,26,0.597052523481241,FALSE
20,"ICA (oracle)",NA,27,27,0.607378758639325,FALSE
20,"ICA (oracle)",NA,28,28,0.617520212170375,FALSE
20,"ICA (oracle)",NA,29,29,0.627428745261347,FALSE
20,"ICA (oracle)",NA,30,30,0.637094761201295,FALSE
20,"SoftImpute (oracle)",1,0,0,0.872386880196409,NA
20,"SoftImpute (oracle)",1,1,1,0.599085145273424,NA
20,"SoftImpute (oracle)",1,2,2,0.409658382204611,NA
20,"SoftImpute (oracle)",1,3,3,0.175475253201807,NA
20,"SoftImpute (oracle)",1,4,4,0.214709570887575,NA
20,"SoftImpute (oracle)",1,5,5,0.247456648636373,NA
20,"SoftImpute (oracle)",1,6,6,0.275831154286777,NA
20,"SoftImpute (oracle)",1,7,7,0.301110858794722,NA
20,"SoftImpute (oracle)",1,8,8,0.324225507437594,NA
20,"SoftImpute (oracle)",1,9,9,0.345562771747797,NA
20,"SoftImpute (oracle)",1,10,10,0.365558593352533,NA
20,"SoftImpute (oracle)",1,11,11,0.384354367818624,NA
20,"SoftImpute (oracle)",1,12,12,0.402161760645262,NA
20,"SoftImpute (oracle)",1,13,13,0.418965993904642,NA
20,"SoftImpute (oracle)",1,14,14,0.43504659959502,NA
20,"SoftImpute (oracle)",1,15,15,0.450312945233699,NA
20,"SoftImpute (oracle)",1,16,16,0.464951180068295,NA
20,"SoftImpute (oracle)",1,17,17,0.479038367994503,NA
20,"SoftImpute (oracle)",1,18,18,0.492580602788251,NA
20,"SoftImpute (oracle)",1,19,19,0.505713502111625,NA
20,"SoftImpute (oracle)",1,20,20,0.51847297580209,NA
20,"SoftImpute (oracle)",1,21,21,0.530817099932649,NA
20,"SoftImpute (oracle)",1,22,22,0.542669126549718,NA
20,"SoftImpute (oracle)",1,23,23,0.554122158979873,NA
20,"SoftImpute (oracle)",1,24,24,0.565255922169347,NA
20,"SoftImpute (oracle)",1,25,25,0.576078058611595,NA
20,"SoftImpute (oracle)",1,26,26,0.586591625604695,NA
20,"SoftImpute (oracle)",1,27,27,0.596685201302885,NA
20,"SoftImpute (oracle)",1,28,28,0.606598749355181,NA
20,"SoftImpute (oracle)",1,29,29,0.616283992283214,NA
20,"SoftImpute (oracle)",1,30,30,0.625731121316593,NA
21,"PCA (oracle)",NA,0,0,0.853843363264895,NA
21,"PCA (oracle)",NA,1,1,0.516988396211942,NA
21,"PCA (oracle)",NA,2,2,0.375883955564619,NA
21,"PCA (oracle)",NA,3,3,0.176756258236187,NA
21,"PCA (oracle)",NA,4,4,0.217257429927933,NA
21,"PCA (oracle)",NA,5,5,0.251178730305294,NA
21,"PCA (oracle)",NA,6,6,0.280446665110487,NA
21,"PCA (oracle)",NA,7,7,0.306575133158072,NA
21,"PCA (oracle)",NA,8,8,0.330157822781856,NA
21,"PCA (oracle)",NA,9,9,0.351855168638971,NA
21,"PCA (oracle)",NA,10,10,0.372084700057043,NA
21,"PCA (oracle)",NA,11,11,0.390996389854894,NA
21,"PCA (oracle)",NA,12,12,0.408903013932133,NA
21,"PCA (oracle)",NA,13,13,0.425969734428367,NA
21,"PCA (oracle)",NA,14,14,0.442159721060676,NA
21,"PCA (oracle)",NA,15,15,0.457666898201224,NA
21,"PCA (oracle)",NA,16,16,0.472510751919311,NA
21,"PCA (oracle)",NA,17,17,0.486673004111497,NA
21,"PCA (oracle)",NA,18,18,0.500324045306211,NA
21,"PCA (oracle)",NA,19,19,0.513525590749585,NA
21,"PCA (oracle)",NA,20,20,0.526297855803091,NA
21,"PCA (oracle)",NA,21,21,0.538668418533858,NA
21,"PCA (oracle)",NA,22,22,0.550704230427184,NA
21,"PCA (oracle)",NA,23,23,0.562346722709165,NA
21,"PCA (oracle)",NA,24,24,0.57369226580129,NA
21,"PCA (oracle)",NA,25,25,0.584721875484191,NA
21,"PCA (oracle)",NA,26,26,0.595565683853196,NA
21,"PCA (oracle)",NA,27,27,0.605972958861936,NA
21,"PCA (oracle)",NA,28,28,0.616164077119325,NA
21,"PCA (oracle)",NA,29,29,0.626178648559567,NA
21,"PCA (oracle)",NA,30,30,0.635902241150357,NA
21,"ICA (oracle)",NA,0,0,0.853843363264895,NA
21,"ICA (oracle)",NA,1,1,0.516988396211942,TRUE
21,"ICA (oracle)",NA,2,2,0.375883955564619,TRUE
21,"ICA (oracle)",NA,3,3,0.176756258236187,TRUE
21,"ICA (oracle)",NA,4,4,0.217257429927933,TRUE
21,"ICA (oracle)",NA,5,5,0.251178730305294,TRUE
21,"ICA (oracle)",NA,6,6,0.280446665110487,TRUE
21,"ICA (oracle)",NA,7,7,0.306575133158072,TRUE
21,"ICA (oracle)",NA,8,8,0.330157822781856,FALSE
21,"ICA (oracle)",NA,9,9,0.351855168638971,FALSE
21,"ICA (oracle)",NA,10,10,0.372084700057044,TRUE
21,"ICA (oracle)",NA,11,11,0.390996389854894,FALSE
21,"ICA (oracle)",NA,12,12,0.408903013932133,TRUE
21,"ICA (oracle)",NA,13,13,0.425969734428367,FALSE
21,"ICA (oracle)",NA,14,14,0.442159721060676,FALSE
21,"ICA (oracle)",NA,15,15,0.457666898201224,FALSE
21,"ICA (oracle)",NA,16,16,0.472510751919311,FALSE
21,"ICA (oracle)",NA,17,17,0.486673004111497,FALSE
21,"ICA (oracle)",NA,18,18,0.500324045306211,FALSE
21,"ICA (oracle)",NA,19,19,0.513525590749585,FALSE
21,"ICA (oracle)",NA,20,20,0.526297855803092,FALSE
21,"ICA (oracle)",NA,21,21,0.538668418533858,FALSE
21,"ICA (oracle)",NA,22,22,0.550704230427185,FALSE
21,"ICA (oracle)",NA,23,23,0.562346722709165,FALSE
21,"ICA (oracle)",NA,24,24,0.57369226580129,FALSE
21,"ICA (oracle)",NA,25,25,0.584721875484191,FALSE
21,"ICA (oracle)",NA,26,26,0.595565683853196,FALSE
21,"ICA (oracle)",NA,27,27,0.605972958861936,FALSE
21,"ICA (oracle)",NA,28,28,0.616164077119326,FALSE
21,"ICA (oracle)",NA,29,29,0.626178648559567,FALSE
21,"ICA (oracle)",NA,30,30,0.635902241150357,FALSE
21,"SoftImpute (oracle)",1,0,0,0.853843363264895,NA
21,"SoftImpute (oracle)",1,1,1,0.516931424168668,NA
21,"SoftImpute (oracle)",1,2,2,0.375650865835692,NA
21,"SoftImpute (oracle)",1,3,3,0.175889650326594,NA
21,"SoftImpute (oracle)",1,4,4,0.215256224813023,NA
21,"SoftImpute (oracle)",1,5,5,0.248327342494255,NA
21,"SoftImpute (oracle)",1,6,6,0.276899261400258,NA
21,"SoftImpute (oracle)",1,7,7,0.302427381116741,NA
21,"SoftImpute (oracle)",1,8,8,0.325476855711644,NA
21,"SoftImpute (oracle)",1,9,9,0.346690114224881,NA
21,"SoftImpute (oracle)",1,10,10,0.366473461393943,NA
21,"SoftImpute (oracle)",1,11,11,0.384969757593738,NA
21,"SoftImpute (oracle)",1,12,12,0.40248600382595,NA
21,"SoftImpute (oracle)",1,13,13,0.419183368637587,NA
21,"SoftImpute (oracle)",1,14,14,0.435022427071689,NA
21,"SoftImpute (oracle)",1,15,15,0.450194409250842,NA
21,"SoftImpute (oracle)",1,16,16,0.46471704120898,NA
21,"SoftImpute (oracle)",1,17,17,0.478570681765154,NA
21,"SoftImpute (oracle)",1,18,18,0.49192410909266,NA
21,"SoftImpute (oracle)",1,19,19,0.50483792028558,NA
21,"SoftImpute (oracle)",1,20,20,0.517331465298385,NA
21,"SoftImpute (oracle)",1,21,21,0.529431552259101,NA
21,"SoftImpute (oracle)",1,22,22,0.541204369075422,NA
21,"SoftImpute (oracle)",1,23,23,0.552590956441148,NA
21,"SoftImpute (oracle)",1,24,24,0.563686991556935,NA
21,"SoftImpute (oracle)",1,25,25,0.574473126514095,NA
21,"SoftImpute (oracle)",1,26,26,0.585078835929133,NA
21,"SoftImpute (oracle)",1,27,27,0.595253636780017,NA
21,"SoftImpute (oracle)",1,28,28,0.605217099109714,NA
21,"SoftImpute (oracle)",1,29,29,0.615008485817281,NA
21,"SoftImpute (oracle)",1,30,30,0.624513394409122,NA
22,"PCA (oracle)",NA,0,0,0.774842696323258,NA
22,"PCA (oracle)",NA,1,1,0.457712078593078,NA
22,"PCA (oracle)",NA,2,2,0.341828817705499,NA
22,"PCA (oracle)",NA,3,3,0.175067982252799,NA
22,"PCA (oracle)",NA,4,4,0.21511345649612,NA
22,"PCA (oracle)",NA,5,5,0.248653496144129,NA
22,"PCA (oracle)",NA,6,6,0.277678810011343,NA
22,"PCA (oracle)",NA,7,7,0.303826073853295,NA
22,"PCA (oracle)",NA,8,8,0.327485650416125,NA
22,"PCA (oracle)",NA,9,9,0.349287640836887,NA
22,"PCA (oracle)",NA,10,10,0.36973269676354,NA
22,"PCA (oracle)",NA,11,11,0.388887887939012,NA
22,"PCA (oracle)",NA,12,12,0.406991986155846,NA
22,"PCA (oracle)",NA,13,13,0.424215440389096,NA
22,"PCA (oracle)",NA,14,14,0.440535370010612,NA
22,"PCA (oracle)",NA,15,15,0.455929977270256,NA
22,"PCA (oracle)",NA,16,16,0.47072253534057,NA
22,"PCA (oracle)",NA,17,17,0.484892822609206,NA
22,"PCA (oracle)",NA,18,18,0.498598540975504,NA
22,"PCA (oracle)",NA,19,19,0.511838166351985,NA
22,"PCA (oracle)",NA,20,20,0.524598485838517,NA
22,"PCA (oracle)",NA,21,21,0.536951352866612,NA
22,"PCA (oracle)",NA,22,22,0.548955217516408,NA
22,"PCA (oracle)",NA,23,23,0.560677719360979,NA
22,"PCA (oracle)",NA,24,24,0.572089529673058,NA
22,"PCA (oracle)",NA,25,25,0.58317467932124,NA
22,"PCA (oracle)",NA,26,26,0.593975851800069,NA
22,"PCA (oracle)",NA,27,27,0.604474426027485,NA
22,"PCA (oracle)",NA,28,28,0.614732293840598,NA
22,"PCA (oracle)",NA,29,29,0.624768047738899,NA
22,"PCA (oracle)",NA,30,30,0.634506035644174,NA
22,"ICA (oracle)",NA,0,0,0.774842696323258,NA
22,"ICA (oracle)",NA,1,1,0.457712078593078,TRUE
22,"ICA (oracle)",NA,2,2,0.341828817705499,TRUE
22,"ICA (oracle)",NA,3,3,0.175067982252798,TRUE
22,"ICA (oracle)",NA,4,4,0.21511345649612,TRUE
22,"ICA (oracle)",NA,5,5,0.248653496144129,TRUE
22,"ICA (oracle)",NA,6,6,0.277678810011343,FALSE
22,"ICA (oracle)",NA,7,7,0.303826073853295,FALSE
22,"ICA (oracle)",NA,8,8,0.327485650416125,FALSE
22,"ICA (oracle)",NA,9,9,0.349287640836887,FALSE
22,"ICA (oracle)",NA,10,10,0.36973269676354,FALSE
22,"ICA (oracle)",NA,11,11,0.388887887939012,FALSE
22,"ICA (oracle)",NA,12,12,0.406991986155846,FALSE
22,"ICA (oracle)",NA,13,13,0.424215440389095,FALSE
22,"ICA (oracle)",NA,14,14,0.440535370010612,FALSE
22,"ICA (oracle)",NA,15,15,0.455929977270256,FALSE
22,"ICA (oracle)",NA,16,16,0.47072253534057,FALSE
22,"ICA (oracle)",NA,17,17,0.484892822609206,FALSE
22,"ICA (oracle)",NA,18,18,0.498598540975503,FALSE
22,"ICA (oracle)",NA,19,19,0.511838166351984,FALSE
22,"ICA (oracle)",NA,20,20,0.524598485838517,FALSE
22,"ICA (oracle)",NA,21,21,0.536951352866612,FALSE
22,"ICA (oracle)",NA,22,22,0.548955217516408,FALSE
22,"ICA (oracle)",NA,23,23,0.560677719360979,FALSE
22,"ICA (oracle)",NA,24,24,0.572089529673057,FALSE
22,"ICA (oracle)",NA,25,25,0.58317467932124,FALSE
22,"ICA (oracle)",NA,26,26,0.593975851800069,FALSE
22,"ICA (oracle)",NA,27,27,0.604474426027485,FALSE
22,"ICA (oracle)",NA,28,28,0.614732293840598,FALSE
22,"ICA (oracle)",NA,29,29,0.624768047738899,FALSE
22,"ICA (oracle)",NA,30,30,0.634506035644174,FALSE
22,"SoftImpute (oracle)",1,0,0,0.774842696323258,NA
22,"SoftImpute (oracle)",1,1,1,0.457652702677779,NA
22,"SoftImpute (oracle)",1,2,2,0.341565894354958,NA
22,"SoftImpute (oracle)",1,3,3,0.174253149457378,NA
22,"SoftImpute (oracle)",1,4,4,0.213155203468413,NA
22,"SoftImpute (oracle)",1,5,5,0.245839670545576,NA
22,"SoftImpute (oracle)",1,6,6,0.274164818658547,NA
22,"SoftImpute (oracle)",1,7,7,0.299707625440899,NA
22,"SoftImpute (oracle)",1,8,8,0.322830705384916,NA
22,"SoftImpute (oracle)",1,9,9,0.344145953408343,NA
22,"SoftImpute (oracle)",1,10,10,0.364142311395731,NA
22,"SoftImpute (oracle)",1,11,11,0.382879933858948,NA
22,"SoftImpute (oracle)",1,12,12,0.400591953204931,NA
22,"SoftImpute (oracle)",1,13,13,0.417444705309948,NA
22,"SoftImpute (oracle)",1,14,14,0.43341259666662,NA
22,"SoftImpute (oracle)",1,15,15,0.448471671179822,NA
22,"SoftImpute (oracle)",1,16,16,0.462942550851227,NA
22,"SoftImpute (oracle)",1,17,17,0.476803669452612,NA
22,"SoftImpute (oracle)",1,18,18,0.490211153608099,NA
22,"SoftImpute (oracle)",1,19,19,0.503162518843362,NA
22,"SoftImpute (oracle)",1,20,20,0.515643755281502,NA
22,"SoftImpute (oracle)",1,21,21,0.527725827289696,NA
22,"SoftImpute (oracle)",1,22,22,0.539466435384785,NA
22,"SoftImpute (oracle)",1,23,23,0.550932533629158,NA
22,"SoftImpute (oracle)",1,24,24,0.562094400149624,NA
22,"SoftImpute (oracle)",1,25,25,0.572935688141395,NA
22,"SoftImpute (oracle)",1,26,26,0.583498615932084,NA
22,"SoftImpute (oracle)",1,27,27,0.593764276703448,NA
22,"SoftImpute (oracle)",1,28,28,0.603794127380709,NA
22,"SoftImpute (oracle)",1,29,29,0.61360645670228,NA
22,"SoftImpute (oracle)",1,30,30,0.623125546100714,NA
23,"PCA (oracle)",NA,0,0,0.864055425255499,NA
23,"PCA (oracle)",NA,1,1,0.53385513482414,NA
23,"PCA (oracle)",NA,2,2,0.370065814741567,NA
23,"PCA (oracle)",NA,3,3,0.175313734761332,NA
23,"PCA (oracle)",NA,4,4,0.216188976328025,NA
23,"PCA (oracle)",NA,5,5,0.24939819817494,NA
23,"PCA (oracle)",NA,6,6,0.278347163255776,NA
23,"PCA (oracle)",NA,7,7,0.304186903607415,NA
23,"PCA (oracle)",NA,8,8,0.327665283342114,NA
23,"PCA (oracle)",NA,9,9,0.349382409754178,NA
23,"PCA (oracle)",NA,10,10,0.369707274627167,NA
23,"PCA (oracle)",NA,11,11,0.388906200836675,NA
23,"PCA (oracle)",NA,12,12,0.406870603460285,NA
23,"PCA (oracle)",NA,13,13,0.423807515670936,NA
23,"PCA (oracle)",NA,14,14,0.439943296439935,NA
23,"PCA (oracle)",NA,15,15,0.455422495978637,NA
23,"PCA (oracle)",NA,16,16,0.470288753664924,NA
23,"PCA (oracle)",NA,17,17,0.484452431393671,NA
23,"PCA (oracle)",NA,18,18,0.498100115135854,NA
23,"PCA (oracle)",NA,19,19,0.511312981261808,NA
23,"PCA (oracle)",NA,20,20,0.524130612463498,NA
23,"PCA (oracle)",NA,21,21,0.536514823279077,NA
23,"PCA (oracle)",NA,22,22,0.548317312506022,NA
23,"PCA (oracle)",NA,23,23,0.559812228133971,NA
23,"PCA (oracle)",NA,24,24,0.571028376891319,NA
23,"PCA (oracle)",NA,25,25,0.581939701109984,NA
23,"PCA (oracle)",NA,26,26,0.592647673350601,NA
23,"PCA (oracle)",NA,27,27,0.603100912460509,NA
23,"PCA (oracle)",NA,28,28,0.613255617863882,NA
23,"PCA (oracle)",NA,29,29,0.623196145920602,NA
23,"PCA (oracle)",NA,30,30,0.632969347883003,NA
23,"ICA (oracle)",NA,0,0,0.864055425255499,NA
23,"ICA (oracle)",NA,1,1,0.53385513482414,TRUE
23,"ICA (oracle)",NA,2,2,0.370065814741567,TRUE
23,"ICA (oracle)",NA,3,3,0.175313734761332,TRUE
23,"ICA (oracle)",NA,4,4,0.216188976328025,TRUE
23,"ICA (oracle)",NA,5,5,0.24939819817494,TRUE
23,"ICA (oracle)",NA,6,6,0.278347163255776,TRUE
23,"ICA (oracle)",NA,7,7,0.304186903607415,TRUE
23,"ICA (oracle)",NA,8,8,0.327665283342114,FALSE
23,"ICA (oracle)",NA,9,9,0.349382409754178,FALSE
23,"ICA (oracle)",NA,10,10,0.369707274627167,FALSE
23,"ICA (oracle)",NA,11,11,0.388906200836676,FALSE
23,"ICA (oracle)",NA,12,12,0.406870603460285,FALSE
23,"ICA (oracle)",NA,13,13,0.423807515670936,FALSE
23,"ICA (oracle)",NA,14,14,0.439943296439935,FALSE
23,"ICA (oracle)",NA,15,15,0.455422495978637,FALSE
23,"ICA (oracle)",NA,16,16,0.470288753664924,FALSE
23,"ICA (oracle)",NA,17,17,0.484452431393671,FALSE
23,"ICA (oracle)",NA,18,18,0.498100115135854,FALSE
23,"ICA (oracle)",NA,19,19,0.511312981261808,FALSE
23,"ICA (oracle)",NA,20,20,0.524130612463498,FALSE
23,"ICA (oracle)",NA,21,21,0.536514823279077,FALSE
23,"ICA (oracle)",NA,22,22,0.548317312506022,FALSE
23,"ICA (oracle)",NA,23,23,0.559812228133972,FALSE
23,"ICA (oracle)",NA,24,24,0.571028376891318,FALSE
23,"ICA (oracle)",NA,25,25,0.581939701109984,FALSE
23,"ICA (oracle)",NA,26,26,0.592647673350601,FALSE
23,"ICA (oracle)",NA,27,27,0.60310091246051,FALSE
23,"ICA (oracle)",NA,28,28,0.613255617863882,FALSE
23,"ICA (oracle)",NA,29,29,0.623196145920602,FALSE
23,"ICA (oracle)",NA,30,30,0.632969347883002,FALSE
23,"SoftImpute (oracle)",1,0,0,0.864055425255499,NA
23,"SoftImpute (oracle)",1,1,1,0.533806906313066,NA
23,"SoftImpute (oracle)",1,2,2,0.369876817843516,NA
23,"SoftImpute (oracle)",1,3,3,0.174593528407856,NA
23,"SoftImpute (oracle)",1,4,4,0.214301034927447,NA
23,"SoftImpute (oracle)",1,5,5,0.24664880211604,NA
23,"SoftImpute (oracle)",1,6,6,0.274891877941105,NA
23,"SoftImpute (oracle)",1,7,7,0.300123962433777,NA
23,"SoftImpute (oracle)",1,8,8,0.32306277848046,NA
23,"SoftImpute (oracle)",1,9,9,0.344290293193013,NA
23,"SoftImpute (oracle)",1,10,10,0.364164181866775,NA
23,"SoftImpute (oracle)",1,11,11,0.382943078450806,NA
23,"SoftImpute (oracle)",1,12,12,0.400513854519226,NA
23,"SoftImpute (oracle)",1,13,13,0.41707914542975,NA
23,"SoftImpute (oracle)",1,14,14,0.432861805663845,NA
23,"SoftImpute (oracle)",1,15,15,0.448003793727438,NA
23,"SoftImpute (oracle)",1,16,16,0.462546895549508,NA
23,"SoftImpute (oracle)",1,17,17,0.476400278500679,NA
23,"SoftImpute (oracle)",1,18,18,0.489748833126302,NA
23,"SoftImpute (oracle)",1,19,19,0.502672543708821,NA
23,"SoftImpute (oracle)",1,20,20,0.515210066756675,NA
23,"SoftImpute (oracle)",1,21,21,0.52732259746012,NA
23,"SoftImpute (oracle)",1,22,22,0.5388615730749,NA
23,"SoftImpute (oracle)",1,23,23,0.550099913655965,NA
23,"SoftImpute (oracle)",1,24,24,0.56106588824297,NA
23,"SoftImpute (oracle)",1,25,25,0.571733095282687,NA
23,"SoftImpute (oracle)",1,26,26,0.582202399918045,NA
23,"SoftImpute (oracle)",1,27,27,0.592422223696991,NA
23,"SoftImpute (oracle)",1,28,28,0.602348576002605,NA
23,"SoftImpute (oracle)",1,29,29,0.612065346465774,NA
23,"SoftImpute (oracle)",1,30,30,0.621619041170719,NA
24,"PCA (oracle)",NA,0,0,0.756939834930038,NA
24,"PCA (oracle)",NA,1,1,0.482858065166567,NA
24,"PCA (oracle)",NA,2,2,0.334753695990488,NA
24,"PCA (oracle)",NA,3,3,0.171698933461956,NA
24,"PCA (oracle)",NA,4,4,0.213486352343807,NA
24,"PCA (oracle)",NA,5,5,0.247562796710252,NA
24,"PCA (oracle)",NA,6,6,0.277156413353542,NA
24,"PCA (oracle)",NA,7,7,0.303794496854428,NA
24,"PCA (oracle)",NA,8,8,0.327352481001774,NA
24,"PCA (oracle)",NA,9,9,0.349042637003049,NA
24,"PCA (oracle)",NA,10,10,0.369413221524134,NA
24,"PCA (oracle)",NA,11,11,0.388692441690439,NA
24,"PCA (oracle)",NA,12,12,0.406817732972125,NA
24,"PCA (oracle)",NA,13,13,0.423956732377385,NA
24,"PCA (oracle)",NA,14,14,0.440128333127837,NA
24,"PCA (oracle)",NA,15,15,0.455620143223618,NA
24,"PCA (oracle)",NA,16,16,0.470554872241128,NA
24,"PCA (oracle)",NA,17,17,0.484933127194581,NA
24,"PCA (oracle)",NA,18,18,0.498739219751347,NA
24,"PCA (oracle)",NA,19,19,0.512111038893414,NA
24,"PCA (oracle)",NA,20,20,0.524933741265763,NA
24,"PCA (oracle)",NA,21,21,0.537373259647829,NA
24,"PCA (oracle)",NA,22,22,0.549420596522805,NA
24,"PCA (oracle)",NA,23,23,0.561141439231299,NA
24,"PCA (oracle)",NA,24,24,0.572454727273304,NA
24,"PCA (oracle)",NA,25,25,0.58343558181449,NA
24,"PCA (oracle)",NA,26,26,0.59415527731222,NA
24,"PCA (oracle)",NA,27,27,0.604601171520146,NA
24,"PCA (oracle)",NA,28,28,0.614856770254306,NA
24,"PCA (oracle)",NA,29,29,0.624823799341388,NA
24,"PCA (oracle)",NA,30,30,0.634565407825426,NA
24,"ICA (oracle)",NA,0,0,0.756939834930038,NA
24,"ICA (oracle)",NA,1,1,0.482858065166567,TRUE
24,"ICA (oracle)",NA,2,2,0.334753695990488,TRUE
24,"ICA (oracle)",NA,3,3,0.171698933461956,TRUE
24,"ICA (oracle)",NA,4,4,0.213486352343807,TRUE
24,"ICA (oracle)",NA,5,5,0.247562796710252,TRUE
24,"ICA (oracle)",NA,6,6,0.277156413353542,TRUE
24,"ICA (oracle)",NA,7,7,0.303794496854427,TRUE
24,"ICA (oracle)",NA,8,8,0.327352481001774,TRUE
24,"ICA (oracle)",NA,9,9,0.34904263700305,FALSE
24,"ICA (oracle)",NA,10,10,0.369413221524135,FALSE
24,"ICA (oracle)",NA,11,11,0.388692441690439,FALSE
24,"ICA (oracle)",NA,12,12,0.406817732972125,FALSE
24,"ICA (oracle)",NA,13,13,0.423956732377385,FALSE
24,"ICA (oracle)",NA,14,14,0.440128333127837,FALSE
24,"ICA (oracle)",NA,15,15,0.455620143223618,FALSE
24,"ICA (oracle)",NA,16,16,0.470554872241128,FALSE
24,"ICA (oracle)",NA,17,17,0.484933127194581,FALSE
24,"ICA (oracle)",NA,18,18,0.498739219751347,FALSE
24,"ICA (oracle)",NA,19,19,0.512111038893414,FALSE
24,"ICA (oracle)",NA,20,20,0.524933741265764,FALSE
24,"ICA (oracle)",NA,21,21,0.537373259647829,FALSE
24,"ICA (oracle)",NA,22,22,0.549420596522805,FALSE
24,"ICA (oracle)",NA,23,23,0.561141439231299,FALSE
24,"ICA (oracle)",NA,24,24,0.572454727273304,FALSE
24,"ICA (oracle)",NA,25,25,0.58343558181449,FALSE
24,"ICA (oracle)",NA,26,26,0.59415527731222,FALSE
24,"ICA (oracle)",NA,27,27,0.604601171520146,FALSE
24,"ICA (oracle)",NA,28,28,0.614856770254306,FALSE
24,"ICA (oracle)",NA,29,29,0.624823799341388,FALSE
24,"ICA (oracle)",NA,30,30,0.634565407825426,FALSE
24,"SoftImpute (oracle)",1,0,0,0.756939834930038,NA
24,"SoftImpute (oracle)",1,1,1,0.482789888690851,NA
24,"SoftImpute (oracle)",1,2,2,0.334501693829392,NA
24,"SoftImpute (oracle)",1,3,3,0.170849180080249,NA
24,"SoftImpute (oracle)",1,4,4,0.211478042958975,NA
24,"SoftImpute (oracle)",1,5,5,0.244700483135972,NA
24,"SoftImpute (oracle)",1,6,6,0.273595283580442,NA
24,"SoftImpute (oracle)",1,7,7,0.299630544537039,NA
24,"SoftImpute (oracle)",1,8,8,0.322655692779077,NA
24,"SoftImpute (oracle)",1,9,9,0.343862074615695,NA
24,"SoftImpute (oracle)",1,10,10,0.363786293460628,NA
24,"SoftImpute (oracle)",1,11,11,0.382649307895857,NA
24,"SoftImpute (oracle)",1,12,12,0.400383988463749,NA
24,"SoftImpute (oracle)",1,13,13,0.4171538566631,NA
24,"SoftImpute (oracle)",1,14,14,0.43297497225617,NA
24,"SoftImpute (oracle)",1,15,15,0.448131984248418,NA
24,"SoftImpute (oracle)",1,16,16,0.462745587496392,NA
24,"SoftImpute (oracle)",1,17,17,0.476815004240797,NA
24,"SoftImpute (oracle)",1,18,18,0.490323418037644,NA
24,"SoftImpute (oracle)",1,19,19,0.503407410135678,NA
24,"SoftImpute (oracle)",1,20,20,0.515951576736191,NA
24,"SoftImpute (oracle)",1,21,21,0.528120747355659,NA
24,"SoftImpute (oracle)",1,22,22,0.539905337493276,NA
24,"SoftImpute (oracle)",1,23,23,0.551370353011274,NA
24,"SoftImpute (oracle)",1,24,24,0.5624344527654,NA
24,"SoftImpute (oracle)",1,25,25,0.573172171282209,NA
24,"SoftImpute (oracle)",1,26,26,0.583654256328703,NA
24,"SoftImpute (oracle)",1,27,27,0.593867772862539,NA
24,"SoftImpute (oracle)",1,28,28,0.603895750550542,NA
24,"SoftImpute (oracle)",1,29,29,0.613639877373718,NA
24,"SoftImpute (oracle)",1,30,30,0.623162922170185,NA
25,"PCA (oracle)",NA,0,0,0.773780129624472,NA
25,"PCA (oracle)",NA,1,1,0.523464312954446,NA
25,"PCA (oracle)",NA,2,2,0.372254232859536,NA
25,"PCA (oracle)",NA,3,3,0.175933203242887,NA
25,"PCA (oracle)",NA,4,4,0.217211397635693,NA
25,"PCA (oracle)",NA,5,5,0.250441932875819,NA
25,"PCA (oracle)",NA,6,6,0.279443322161938,NA
25,"PCA (oracle)",NA,7,7,0.305372717140758,NA
25,"PCA (oracle)",NA,8,8,0.328873261973217,NA
25,"PCA (oracle)",NA,9,9,0.350474856521823,NA
25,"PCA (oracle)",NA,10,10,0.370666581292518,NA
25,"PCA (oracle)",NA,11,11,0.38950573139897,NA
25,"PCA (oracle)",NA,12,12,0.407379446394981,NA
25,"PCA (oracle)",NA,13,13,0.424227579015237,NA
25,"PCA (oracle)",NA,14,14,0.440354614230146,NA
25,"PCA (oracle)",NA,15,15,0.455799506328895,NA
25,"PCA (oracle)",NA,16,16,0.470666431191925,NA
25,"PCA (oracle)",NA,17,17,0.484838588440587,NA
25,"PCA (oracle)",NA,18,18,0.498514700281166,NA
25,"PCA (oracle)",NA,19,19,0.51165329538262,NA
25,"PCA (oracle)",NA,20,20,0.524407163957118,NA
25,"PCA (oracle)",NA,21,21,0.536815632371021,NA
25,"PCA (oracle)",NA,22,22,0.548822341115014,NA
25,"PCA (oracle)",NA,23,23,0.560423522471169,NA
25,"PCA (oracle)",NA,24,24,0.571708066309109,NA
25,"PCA (oracle)",NA,25,25,0.582688150141516,NA
25,"PCA (oracle)",NA,26,26,0.593453969877743,NA
25,"PCA (oracle)",NA,27,27,0.603904296314727,NA
25,"PCA (oracle)",NA,28,28,0.61406461723219,NA
25,"PCA (oracle)",NA,29,29,0.623965483579755,NA
25,"PCA (oracle)",NA,30,30,0.633643831685312,NA
25,"ICA (oracle)",NA,0,0,0.773780129624472,NA
25,"ICA (oracle)",NA,1,1,0.523464312954446,TRUE
25,"ICA (oracle)",NA,2,2,0.372254232859536,TRUE
25,"ICA (oracle)",NA,3,3,0.175933203242887,TRUE
25,"ICA (oracle)",NA,4,4,0.217211397635692,TRUE
25,"ICA (oracle)",NA,5,5,0.250441932875819,TRUE
25,"ICA (oracle)",NA,6,6,0.279443322161938,TRUE
25,"ICA (oracle)",NA,7,7,0.305372717140758,FALSE
25,"ICA (oracle)",NA,8,8,0.328873261973217,FALSE
25,"ICA (oracle)",NA,9,9,0.350474856521823,FALSE
25,"ICA (oracle)",NA,10,10,0.370666581292518,FALSE
25,"ICA (oracle)",NA,11,11,0.38950573139897,FALSE
25,"ICA (oracle)",NA,12,12,0.407379446394982,FALSE
25,"ICA (oracle)",NA,13,13,0.424227579015237,FALSE
25,"ICA (oracle)",NA,14,14,0.440354614230146,FALSE
25,"ICA (oracle)",NA,15,15,0.455799506328895,FALSE
25,"ICA (oracle)",NA,16,16,0.470666431191925,FALSE
25,"ICA (oracle)",NA,17,17,0.484838588440587,FALSE
25,"ICA (oracle)",NA,18,18,0.498514700281167,FALSE
25,"ICA (oracle)",NA,19,19,0.51165329538262,FALSE
25,"ICA (oracle)",NA,20,20,0.524407163957118,FALSE
25,"ICA (oracle)",NA,21,21,0.536815632371021,FALSE
25,"ICA (oracle)",NA,22,22,0.548822341115014,FALSE
25,"ICA (oracle)",NA,23,23,0.560423522471169,FALSE
25,"ICA (oracle)",NA,24,24,0.571708066309109,FALSE
25,"ICA (oracle)",NA,25,25,0.582688150141516,FALSE
25,"ICA (oracle)",NA,26,26,0.593453969877743,FALSE
25,"ICA (oracle)",NA,27,27,0.603904296314727,FALSE
25,"ICA (oracle)",NA,28,28,0.61406461723219,FALSE
25,"ICA (oracle)",NA,29,29,0.623965483579755,FALSE
25,"ICA (oracle)",NA,30,30,0.633643831685312,FALSE
25,"SoftImpute (oracle)",1,0,0,0.773780129624472,NA
25,"SoftImpute (oracle)",1,1,1,0.523398664971961,NA
25,"SoftImpute (oracle)",1,2,2,0.372020927066014,NA
25,"SoftImpute (oracle)",1,3,3,0.175059129139674,NA
25,"SoftImpute (oracle)",1,4,4,0.215195936347499,NA
25,"SoftImpute (oracle)",1,5,5,0.247582633547871,NA
25,"SoftImpute (oracle)",1,6,6,0.275889794919087,NA
25,"SoftImpute (oracle)",1,7,7,0.301219849454097,NA
25,"SoftImpute (oracle)",1,8,8,0.324187500358498,NA
25,"SoftImpute (oracle)",1,9,9,0.345305345342005,NA
25,"SoftImpute (oracle)",1,10,10,0.365050984460848,NA
25,"SoftImpute (oracle)",1,11,11,0.383474952692479,NA
25,"SoftImpute (oracle)",1,12,12,0.400958363778275,NA
25,"SoftImpute (oracle)",1,13,13,0.417437751349952,NA
25,"SoftImpute (oracle)",1,14,14,0.433213975584284,NA
25,"SoftImpute (oracle)",1,15,15,0.448323782838561,NA
25,"SoftImpute (oracle)",1,16,16,0.462869374143254,NA
25,"SoftImpute (oracle)",1,17,17,0.476732849874559,NA
25,"SoftImpute (oracle)",1,18,18,0.490111249016735,NA
25,"SoftImpute (oracle)",1,19,19,0.502962236854727,NA
25,"SoftImpute (oracle)",1,20,20,0.515437399913742,NA
25,"SoftImpute (oracle)",1,21,21,0.527575277792639,NA
25,"SoftImpute (oracle)",1,22,22,0.539319039139201,NA
25,"SoftImpute (oracle)",1,23,23,0.550664389815199,NA
25,"SoftImpute (oracle)",1,24,24,0.561699543379562,NA
25,"SoftImpute (oracle)",1,25,25,0.572436240191275,NA
25,"SoftImpute (oracle)",1,26,26,0.582964107725474,NA
25,"SoftImpute (oracle)",1,27,27,0.593181827085241,NA
25,"SoftImpute (oracle)",1,28,28,0.603114534854316,NA
25,"SoftImpute (oracle)",1,29,29,0.612792448488871,NA
25,"SoftImpute (oracle)",1,30,30,0.622252179857526,NA
26,"PCA (oracle)",NA,0,0,0.750498366439557,NA
26,"PCA (oracle)",NA,1,1,0.47553311727096,NA
26,"PCA (oracle)",NA,2,2,0.353931778551386,NA
26,"PCA (oracle)",NA,3,3,0.173360267586281,NA
26,"PCA (oracle)",NA,4,4,0.215057454297419,NA
26,"PCA (oracle)",NA,5,5,0.248665836258988,NA
26,"PCA (oracle)",NA,6,6,0.277739348813905,NA
26,"PCA (oracle)",NA,7,7,0.303450758279125,NA
26,"PCA (oracle)",NA,8,8,0.327018877246018,NA
26,"PCA (oracle)",NA,9,9,0.348793036060796,NA
26,"PCA (oracle)",NA,10,10,0.368998658531077,NA
26,"PCA (oracle)",NA,11,11,0.388016042168111,NA
26,"PCA (oracle)",NA,12,12,0.405831893523851,NA
26,"PCA (oracle)",NA,13,13,0.422905616423759,NA
26,"PCA (oracle)",NA,14,14,0.439105032370315,NA
26,"PCA (oracle)",NA,15,15,0.454678834720574,NA
26,"PCA (oracle)",NA,16,16,0.469619242145324,NA
26,"PCA (oracle)",NA,17,17,0.484042902447941,NA
26,"PCA (oracle)",NA,18,18,0.497840629122355,NA
26,"PCA (oracle)",NA,19,19,0.511172088254552,NA
26,"PCA (oracle)",NA,20,20,0.523997056755086,NA
26,"PCA (oracle)",NA,21,21,0.536471306536808,NA
26,"PCA (oracle)",NA,22,22,0.548464374229231,NA
26,"PCA (oracle)",NA,23,23,0.560153906444142,NA
26,"PCA (oracle)",NA,24,24,0.571460107238061,NA
26,"PCA (oracle)",NA,25,25,0.582496459277451,NA
26,"PCA (oracle)",NA,26,26,0.593212833536129,NA
26,"PCA (oracle)",NA,27,27,0.603711147663955,NA
26,"PCA (oracle)",NA,28,28,0.613903350746961,NA
26,"PCA (oracle)",NA,29,29,0.623836672190689,NA
26,"PCA (oracle)",NA,30,30,0.63354382598906,NA
26,"ICA (oracle)",NA,0,0,0.750498366439557,NA
26,"ICA (oracle)",NA,1,1,0.47553311727096,TRUE
26,"ICA (oracle)",NA,2,2,0.353931778551386,TRUE
26,"ICA (oracle)",NA,3,3,0.173360267586282,TRUE
26,"ICA (oracle)",NA,4,4,0.215057454297419,TRUE
26,"ICA (oracle)",NA,5,5,0.248665836258988,TRUE
26,"ICA (oracle)",NA,6,6,0.277739348813905,TRUE
26,"ICA (oracle)",NA,7,7,0.303450758279125,TRUE
26,"ICA (oracle)",NA,8,8,0.327018877246018,FALSE
26,"ICA (oracle)",NA,9,9,0.348793036060796,FALSE
26,"ICA (oracle)",NA,10,10,0.368998658531077,FALSE
26,"ICA (oracle)",NA,11,11,0.388016042168111,FALSE
26,"ICA (oracle)",NA,12,12,0.405831893523851,FALSE
26,"ICA (oracle)",NA,13,13,0.422905616423759,FALSE
26,"ICA (oracle)",NA,14,14,0.439105032370315,FALSE
26,"ICA (oracle)",NA,15,15,0.454678834720575,FALSE
26,"ICA (oracle)",NA,16,16,0.469619242145324,FALSE
26,"ICA (oracle)",NA,17,17,0.484042902447942,FALSE
26,"ICA (oracle)",NA,18,18,0.497840629122356,FALSE
26,"ICA (oracle)",NA,19,19,0.511172088254553,FALSE
26,"ICA (oracle)",NA,20,20,0.523997056755086,FALSE
26,"ICA (oracle)",NA,21,21,0.536471306536808,FALSE
26,"ICA (oracle)",NA,22,22,0.548464374229232,FALSE
26,"ICA (oracle)",NA,23,23,0.560153906444142,FALSE
26,"ICA (oracle)",NA,24,24,0.571460107238061,FALSE
26,"ICA (oracle)",NA,25,25,0.582496459277452,FALSE
26,"ICA (oracle)",NA,26,26,0.593212833536129,FALSE
26,"ICA (oracle)",NA,27,27,0.603711147663956,FALSE
26,"ICA (oracle)",NA,28,28,0.613903350746961,FALSE
26,"ICA (oracle)",NA,29,29,0.62383667219069,FALSE
26,"ICA (oracle)",NA,30,30,0.633543825989061,FALSE
26,"SoftImpute (oracle)",1,0,0,0.750498366439557,NA
26,"SoftImpute (oracle)",1,1,1,0.475456483244854,NA
26,"SoftImpute (oracle)",1,2,2,0.353662917633917,NA
26,"SoftImpute (oracle)",1,3,3,0.172486140912371,NA
26,"SoftImpute (oracle)",1,4,4,0.213033463540526,NA
26,"SoftImpute (oracle)",1,5,5,0.245794518243775,NA
26,"SoftImpute (oracle)",1,6,6,0.274173557897572,NA
26,"SoftImpute (oracle)",1,7,7,0.299286938191456,NA
26,"SoftImpute (oracle)",1,8,8,0.322322063836515,NA
26,"SoftImpute (oracle)",1,9,9,0.343612063488826,NA
26,"SoftImpute (oracle)",1,10,10,0.363371845284501,NA
26,"SoftImpute (oracle)",1,11,11,0.381973751650556,NA
26,"SoftImpute (oracle)",1,12,12,0.399399769482774,NA
26,"SoftImpute (oracle)",1,13,13,0.416104361716823,NA
26,"SoftImpute (oracle)",1,14,14,0.43195305041658,NA
26,"SoftImpute (oracle)",1,15,15,0.447191705892251,NA
26,"SoftImpute (oracle)",1,16,16,0.461810865965487,NA
26,"SoftImpute (oracle)",1,17,17,0.475925487110079,NA
26,"SoftImpute (oracle)",1,18,18,0.489425475706294,NA
26,"SoftImpute (oracle)",1,19,19,0.502469128250168,NA
26,"SoftImpute (oracle)",1,20,20,0.515015484545311,NA
26,"SoftImpute (oracle)",1,21,21,0.527219244069668,NA
26,"SoftImpute (oracle)",1,22,22,0.538949632914902,NA
26,"SoftImpute (oracle)",1,23,23,0.550383351957102,NA
26,"SoftImpute (oracle)",1,24,24,0.561440324925476,NA
26,"SoftImpute (oracle)",1,25,25,0.572233363119445,NA
26,"SoftImpute (oracle)",1,26,26,0.582712089958541,NA
26,"SoftImpute (oracle)",1,27,27,0.592977867773815,NA
26,"SoftImpute (oracle)",1,28,28,0.602942555463048,NA
26,"SoftImpute (oracle)",1,29,29,0.612653012861552,NA
26,"SoftImpute (oracle)",1,30,30,0.622141642537731,NA
27,"PCA (oracle)",NA,0,0,0.776850770746216,NA
27,"PCA (oracle)",NA,1,1,0.555388727748107,NA
27,"PCA (oracle)",NA,2,2,0.401468855850859,NA
27,"PCA (oracle)",NA,3,3,0.172541517330406,NA
27,"PCA (oracle)",NA,4,4,0.214081083451565,NA
27,"PCA (oracle)",NA,5,5,0.247715525192405,NA
27,"PCA (oracle)",NA,6,6,0.276801729017009,NA
27,"PCA (oracle)",NA,7,7,0.30259063590715,NA
27,"PCA (oracle)",NA,8,8,0.326121173294816,NA
27,"PCA (oracle)",NA,9,9,0.347783306831815,NA
27,"PCA (oracle)",NA,10,10,0.368095066840069,NA
27,"PCA (oracle)",NA,11,11,0.38733963649016,NA
27,"PCA (oracle)",NA,12,12,0.405478872619437,NA
27,"PCA (oracle)",NA,13,13,0.422654517946464,NA
27,"PCA (oracle)",NA,14,14,0.438983573320051,NA
27,"PCA (oracle)",NA,15,15,0.454730557102736,NA
27,"PCA (oracle)",NA,16,16,0.469665979614208,NA
27,"PCA (oracle)",NA,17,17,0.484034231485377,NA
27,"PCA (oracle)",NA,18,18,0.497899938513664,NA
27,"PCA (oracle)",NA,19,19,0.511132865652667,NA
27,"PCA (oracle)",NA,20,20,0.523914415106404,NA
27,"PCA (oracle)",NA,21,21,0.536231896011298,NA
27,"PCA (oracle)",NA,22,22,0.54826852447038,NA
27,"PCA (oracle)",NA,23,23,0.559959650428078,NA
27,"PCA (oracle)",NA,24,24,0.57129772394382,NA
27,"PCA (oracle)",NA,25,25,0.582262575707405,NA
27,"PCA (oracle)",NA,26,26,0.592935117923645,NA
27,"PCA (oracle)",NA,27,27,0.603351471495499,NA
27,"PCA (oracle)",NA,28,28,0.61350595689383,NA
27,"PCA (oracle)",NA,29,29,0.623443568060533,NA
27,"PCA (oracle)",NA,30,30,0.633180915064897,NA
27,"ICA (oracle)",NA,0,0,0.776850770746216,NA
27,"ICA (oracle)",NA,1,1,0.555388727748107,TRUE
27,"ICA (oracle)",NA,2,2,0.401468855850859,TRUE
27,"ICA (oracle)",NA,3,3,0.172541517330406,TRUE
27,"ICA (oracle)",NA,4,4,0.214081083451565,TRUE
27,"ICA (oracle)",NA,5,5,0.247715525192405,TRUE
27,"ICA (oracle)",NA,6,6,0.276801729017009,TRUE
27,"ICA (oracle)",NA,7,7,0.30259063590715,TRUE
27,"ICA (oracle)",NA,8,8,0.326121173294816,FALSE
27,"ICA (oracle)",NA,9,9,0.347783306831815,FALSE
27,"ICA (oracle)",NA,10,10,0.368095066840069,FALSE
27,"ICA (oracle)",NA,11,11,0.38733963649016,FALSE
27,"ICA (oracle)",NA,12,12,0.405478872619437,FALSE
27,"ICA (oracle)",NA,13,13,0.422654517946464,FALSE
27,"ICA (oracle)",NA,14,14,0.438983573320051,FALSE
27,"ICA (oracle)",NA,15,15,0.454730557102736,FALSE
27,"ICA (oracle)",NA,16,16,0.469665979614208,FALSE
27,"ICA (oracle)",NA,17,17,0.484034231485377,FALSE
27,"ICA (oracle)",NA,18,18,0.497899938513664,FALSE
27,"ICA (oracle)",NA,19,19,0.511132865652666,FALSE
27,"ICA (oracle)",NA,20,20,0.523914415106404,FALSE
27,"ICA (oracle)",NA,21,21,0.536231896011298,FALSE
27,"ICA (oracle)",NA,22,22,0.54826852447038,FALSE
27,"ICA (oracle)",NA,23,23,0.559959650428078,FALSE
27,"ICA (oracle)",NA,24,24,0.57129772394382,FALSE
27,"ICA (oracle)",NA,25,25,0.582262575707405,FALSE
27,"ICA (oracle)",NA,26,26,0.592935117923645,FALSE
27,"ICA (oracle)",NA,27,27,0.603351471495499,FALSE
27,"ICA (oracle)",NA,28,28,0.61350595689383,FALSE
27,"ICA (oracle)",NA,29,29,0.623443568060533,FALSE
27,"ICA (oracle)",NA,30,30,0.633180915064897,FALSE
27,"SoftImpute (oracle)",1,0,0,0.776850770746216,NA
27,"SoftImpute (oracle)",1,1,1,0.555347137997346,NA
27,"SoftImpute (oracle)",1,2,2,0.4012748902915,NA
27,"SoftImpute (oracle)",1,3,3,0.171824835791587,NA
27,"SoftImpute (oracle)",1,4,4,0.212184263806757,NA
27,"SoftImpute (oracle)",1,5,5,0.244953214291569,NA
27,"SoftImpute (oracle)",1,6,6,0.273332969748292,NA
27,"SoftImpute (oracle)",1,7,7,0.298514900999763,NA
27,"SoftImpute (oracle)",1,8,8,0.321506027264858,NA
27,"SoftImpute (oracle)",1,9,9,0.342679146196712,NA
27,"SoftImpute (oracle)",1,10,10,0.362540307120919,NA
27,"SoftImpute (oracle)",1,11,11,0.381365006376008,NA
27,"SoftImpute (oracle)",1,12,12,0.399110367879058,NA
27,"SoftImpute (oracle)",1,13,13,0.415913992939346,NA
27,"SoftImpute (oracle)",1,14,14,0.431889706783482,NA
27,"SoftImpute (oracle)",1,15,15,0.447299102400196,NA
27,"SoftImpute (oracle)",1,16,16,0.461911531290725,NA
27,"SoftImpute (oracle)",1,17,17,0.475969284377216,NA
27,"SoftImpute (oracle)",1,18,18,0.489535639548793,NA
27,"SoftImpute (oracle)",1,19,19,0.502479682723663,NA
27,"SoftImpute (oracle)",1,20,20,0.514981510489505,NA
27,"SoftImpute (oracle)",1,21,21,0.527027743883379,NA
27,"SoftImpute (oracle)",1,22,22,0.538800535301797,NA
27,"SoftImpute (oracle)",1,23,23,0.550234863631177,NA
27,"SoftImpute (oracle)",1,24,24,0.561322724308958,NA
27,"SoftImpute (oracle)",1,25,25,0.572043577808965,NA
27,"SoftImpute (oracle)",1,26,26,0.582477772503666,NA
27,"SoftImpute (oracle)",1,27,27,0.592661016798902,NA
27,"SoftImpute (oracle)",1,28,28,0.602587353716264,NA
27,"SoftImpute (oracle)",1,29,29,0.612301407136357,NA
27,"SoftImpute (oracle)",1,30,30,0.621819512551122,NA
28,"PCA (oracle)",NA,0,0,0.79473158261836,NA
28,"PCA (oracle)",NA,1,1,0.528154670223944,NA
28,"PCA (oracle)",NA,2,2,0.355116847274246,NA
28,"PCA (oracle)",NA,3,3,0.173763816029036,NA
28,"PCA (oracle)",NA,4,4,0.215406269770734,NA
28,"PCA (oracle)",NA,5,5,0.249734981205184,NA
28,"PCA (oracle)",NA,6,6,0.279246306459814,NA
28,"PCA (oracle)",NA,7,7,0.305303773766145,NA
28,"PCA (oracle)",NA,8,8,0.329032394212965,NA
28,"PCA (oracle)",NA,9,9,0.350832218111054,NA
28,"PCA (oracle)",NA,10,10,0.371124738383007,NA
28,"PCA (oracle)",NA,11,11,0.390101137363121,NA
28,"PCA (oracle)",NA,12,12,0.40805378025864,NA
28,"PCA (oracle)",NA,13,13,0.424986984871781,NA
28,"PCA (oracle)",NA,14,14,0.44120254001818,NA
28,"PCA (oracle)",NA,15,15,0.456676462577851,NA
28,"PCA (oracle)",NA,16,16,0.471534360833778,NA
28,"PCA (oracle)",NA,17,17,0.485814617049222,NA
28,"PCA (oracle)",NA,18,18,0.499544451796329,NA
28,"PCA (oracle)",NA,19,19,0.512863680631489,NA
28,"PCA (oracle)",NA,20,20,0.525701295257854,NA
28,"PCA (oracle)",NA,21,21,0.538190519226067,NA
28,"PCA (oracle)",NA,22,22,0.5502460037155,NA
28,"PCA (oracle)",NA,23,23,0.561949668983012,NA
28,"PCA (oracle)",NA,24,24,0.573284259336112,NA
28,"PCA (oracle)",NA,25,25,0.584244469096849,NA
28,"PCA (oracle)",NA,26,26,0.594905572069582,NA
28,"PCA (oracle)",NA,27,27,0.605364399570983,NA
28,"PCA (oracle)",NA,28,28,0.615545323371545,NA
28,"PCA (oracle)",NA,29,29,0.625469006127476,NA
28,"PCA (oracle)",NA,30,30,0.635225614304263,NA
28,"ICA (oracle)",NA,0,0,0.79473158261836,NA
28,"ICA (oracle)",NA,1,1,0.528154670223944,TRUE
28,"ICA (oracle)",NA,2,2,0.355116847274246,TRUE
28,"ICA (oracle)",NA,3,3,0.173763816029036,TRUE
28,"ICA (oracle)",NA,4,4,0.215406269770733,TRUE
28,"ICA (oracle)",NA,5,5,0.249734981205184,TRUE
28,"ICA (oracle)",NA,6,6,0.279246306459814,TRUE
28,"ICA (oracle)",NA,7,7,0.305303773766145,FALSE
28,"ICA (oracle)",NA,8,8,0.329032394212965,FALSE
28,"ICA (oracle)",NA,9,9,0.350832218111054,FALSE
28,"ICA (oracle)",NA,10,10,0.371124738383007,FALSE
28,"ICA (oracle)",NA,11,11,0.390101137363121,FALSE
28,"ICA (oracle)",NA,12,12,0.40805378025864,FALSE
28,"ICA (oracle)",NA,13,13,0.42498698487178,FALSE
28,"ICA (oracle)",NA,14,14,0.44120254001818,FALSE
28,"ICA (oracle)",NA,15,15,0.456676462577851,FALSE
28,"ICA (oracle)",NA,16,16,0.471534360833777,FALSE
28,"ICA (oracle)",NA,17,17,0.485814617049222,FALSE
28,"ICA (oracle)",NA,18,18,0.499544451796329,FALSE
28,"ICA (oracle)",NA,19,19,0.512863680631489,FALSE
28,"ICA (oracle)",NA,20,20,0.525701295257854,FALSE
28,"ICA (oracle)",NA,21,21,0.538190519226067,FALSE
28,"ICA (oracle)",NA,22,22,0.5502460037155,FALSE
28,"ICA (oracle)",NA,23,23,0.561949668983011,FALSE
28,"ICA (oracle)",NA,24,24,0.573284259336112,FALSE
28,"ICA (oracle)",NA,25,25,0.584244469096849,FALSE
28,"ICA (oracle)",NA,26,26,0.594905572069582,FALSE
28,"ICA (oracle)",NA,27,27,0.605364399570983,FALSE
28,"ICA (oracle)",NA,28,28,0.615545323371545,FALSE
28,"ICA (oracle)",NA,29,29,0.625469006127476,FALSE
28,"ICA (oracle)",NA,30,30,0.635225614304262,FALSE
28,"SoftImpute (oracle)",1,0,0,0.79473158261836,NA
28,"SoftImpute (oracle)",1,1,1,0.528121051387749,NA
28,"SoftImpute (oracle)",1,2,2,0.354942178155024,NA
28,"SoftImpute (oracle)",1,3,3,0.173073913938461,NA
28,"SoftImpute (oracle)",1,4,4,0.213532811620656,NA
28,"SoftImpute (oracle)",1,5,5,0.246989567983181,NA
28,"SoftImpute (oracle)",1,6,6,0.275791624383186,NA
28,"SoftImpute (oracle)",1,7,7,0.301240725270504,NA
28,"SoftImpute (oracle)",1,8,8,0.324429078559306,NA
28,"SoftImpute (oracle)",1,9,9,0.345739370721884,NA
28,"SoftImpute (oracle)",1,10,10,0.365581369200076,NA
28,"SoftImpute (oracle)",1,11,11,0.384138729082109,NA
28,"SoftImpute (oracle)",1,12,12,0.401697923665853,NA
28,"SoftImpute (oracle)",1,13,13,0.418259633314964,NA
28,"SoftImpute (oracle)",1,14,14,0.434121930700936,NA
28,"SoftImpute (oracle)",1,15,15,0.449258748358064,NA
28,"SoftImpute (oracle)",1,16,16,0.463793589886471,NA
28,"SoftImpute (oracle)",1,17,17,0.477763312601933,NA
28,"SoftImpute (oracle)",1,18,18,0.491193882759903,NA
28,"SoftImpute (oracle)",1,19,19,0.504223768951714,NA
28,"SoftImpute (oracle)",1,20,20,0.516781308280197,NA
28,"SoftImpute (oracle)",1,21,21,0.528998677116049,NA
28,"SoftImpute (oracle)",1,22,22,0.540790114629145,NA
28,"SoftImpute (oracle)",1,23,23,0.552236799878515,NA
28,"SoftImpute (oracle)",1,24,24,0.563321044258316,NA
28,"SoftImpute (oracle)",1,25,25,0.574037137531413,NA
28,"SoftImpute (oracle)",1,26,26,0.584459798863182,NA
28,"SoftImpute (oracle)",1,27,27,0.594685299856874,NA
28,"SoftImpute (oracle)",1,28,28,0.604637905584351,NA
28,"SoftImpute (oracle)",1,29,29,0.614337964309159,NA
28,"SoftImpute (oracle)",1,30,30,0.623875189325367,NA
29,"PCA (oracle)",NA,0,0,0.800318718065685,NA
29,"PCA (oracle)",NA,1,1,0.521551941461282,NA
29,"PCA (oracle)",NA,2,2,0.374604421877364,NA
29,"PCA (oracle)",NA,3,3,0.1736432182361,NA
29,"PCA (oracle)",NA,4,4,0.21442757386775,NA
29,"PCA (oracle)",NA,5,5,0.248144380883687,NA
29,"PCA (oracle)",NA,6,6,0.277468256676566,NA
29,"PCA (oracle)",NA,7,7,0.303581183584245,NA
29,"PCA (oracle)",NA,8,8,0.327231111829006,NA
29,"PCA (oracle)",NA,9,9,0.349194237949083,NA
29,"PCA (oracle)",NA,10,10,0.369564073239238,NA
29,"PCA (oracle)",NA,11,11,0.388567597402854,NA
29,"PCA (oracle)",NA,12,12,0.406380814584625,NA
29,"PCA (oracle)",NA,13,13,0.423421294339117,NA
29,"PCA (oracle)",NA,14,14,0.439685415183823,NA
29,"PCA (oracle)",NA,15,15,0.455178123300389,NA
29,"PCA (oracle)",NA,16,16,0.470021818482445,NA
29,"PCA (oracle)",NA,17,17,0.484230710885235,NA
29,"PCA (oracle)",NA,18,18,0.497973362053735,NA
29,"PCA (oracle)",NA,19,19,0.511180613793676,NA
29,"PCA (oracle)",NA,20,20,0.52398583086309,NA
29,"PCA (oracle)",NA,21,21,0.53638439975036,NA
29,"PCA (oracle)",NA,22,22,0.548435817920334,NA
29,"PCA (oracle)",NA,23,23,0.56009252358889,NA
29,"PCA (oracle)",NA,24,24,0.571480362088428,NA
29,"PCA (oracle)",NA,25,25,0.582615856817418,NA
29,"PCA (oracle)",NA,26,26,0.593411358306792,NA
29,"PCA (oracle)",NA,27,27,0.603876782771194,NA
29,"PCA (oracle)",NA,28,28,0.614159181249467,NA
29,"PCA (oracle)",NA,29,29,0.624149496505839,NA
29,"PCA (oracle)",NA,30,30,0.633878689093492,NA
29,"ICA (oracle)",NA,0,0,0.800318718065685,NA
29,"ICA (oracle)",NA,1,1,0.521551941461282,TRUE
29,"ICA (oracle)",NA,2,2,0.374604421877364,TRUE
29,"ICA (oracle)",NA,3,3,0.1736432182361,TRUE
29,"ICA (oracle)",NA,4,4,0.21442757386775,TRUE
29,"ICA (oracle)",NA,5,5,0.248144380883687,TRUE
29,"ICA (oracle)",NA,6,6,0.277468256676566,TRUE
29,"ICA (oracle)",NA,7,7,0.303581183584245,TRUE
29,"ICA (oracle)",NA,8,8,0.327231111829006,FALSE
29,"ICA (oracle)",NA,9,9,0.349194237949083,FALSE
29,"ICA (oracle)",NA,10,10,0.369564073239238,FALSE
29,"ICA (oracle)",NA,11,11,0.388567597402854,FALSE
29,"ICA (oracle)",NA,12,12,0.406380814584625,FALSE
29,"ICA (oracle)",NA,13,13,0.423421294339117,FALSE
29,"ICA (oracle)",NA,14,14,0.439685415183823,FALSE
29,"ICA (oracle)",NA,15,15,0.455178123300389,FALSE
29,"ICA (oracle)",NA,16,16,0.470021818482445,FALSE
29,"ICA (oracle)",NA,17,17,0.484230710885235,FALSE
29,"ICA (oracle)",NA,18,18,0.497973362053735,FALSE
29,"ICA (oracle)",NA,19,19,0.511180613793677,FALSE
29,"ICA (oracle)",NA,20,20,0.523985830863091,FALSE
29,"ICA (oracle)",NA,21,21,0.53638439975036,FALSE
29,"ICA (oracle)",NA,22,22,0.548435817920334,FALSE
29,"ICA (oracle)",NA,23,23,0.56009252358889,FALSE
29,"ICA (oracle)",NA,24,24,0.571480362088427,FALSE
29,"ICA (oracle)",NA,25,25,0.582615856817418,FALSE
29,"ICA (oracle)",NA,26,26,0.593411358306792,FALSE
29,"ICA (oracle)",NA,27,27,0.603876782771194,FALSE
29,"ICA (oracle)",NA,28,28,0.614159181249468,FALSE
29,"ICA (oracle)",NA,29,29,0.624149496505839,FALSE
29,"ICA (oracle)",NA,30,30,0.633878689093492,FALSE
29,"SoftImpute (oracle)",1,0,0,0.800318718065685,NA
29,"SoftImpute (oracle)",1,1,1,0.521483293552869,NA
29,"SoftImpute (oracle)",1,2,2,0.374359879397599,NA
29,"SoftImpute (oracle)",1,3,3,0.17280908100153,NA
29,"SoftImpute (oracle)",1,4,4,0.212444281843613,NA
29,"SoftImpute (oracle)",1,5,5,0.245306983474471,NA
29,"SoftImpute (oracle)",1,6,6,0.273931203323361,NA
29,"SoftImpute (oracle)",1,7,7,0.299441706292911,NA
29,"SoftImpute (oracle)",1,8,8,0.322556608068181,NA
29,"SoftImpute (oracle)",1,9,9,0.34403355343389,NA
29,"SoftImpute (oracle)",1,10,10,0.363955966985688,NA
29,"SoftImpute (oracle)",1,11,11,0.3825432386482,NA
29,"SoftImpute (oracle)",1,12,12,0.399965925409552,NA
29,"SoftImpute (oracle)",1,13,13,0.416636740844758,NA
29,"SoftImpute (oracle)",1,14,14,0.432549400569187,NA
29,"SoftImpute (oracle)",1,15,15,0.447706679945172,NA
29,"SoftImpute (oracle)",1,16,16,0.462228914742326,NA
29,"SoftImpute (oracle)",1,17,17,0.476128862583801,NA
29,"SoftImpute (oracle)",1,18,18,0.489573491189967,NA
29,"SoftImpute (oracle)",1,19,19,0.502492842210414,NA
29,"SoftImpute (oracle)",1,20,20,0.515019124457801,NA
29,"SoftImpute (oracle)",1,21,21,0.527147032313193,NA
29,"SoftImpute (oracle)",1,22,22,0.538935313365708,NA
29,"SoftImpute (oracle)",1,23,23,0.550335982680308,NA
29,"SoftImpute (oracle)",1,24,24,0.56147412977952,NA
29,"SoftImpute (oracle)",1,25,25,0.572365836546214,NA
29,"SoftImpute (oracle)",1,26,26,0.582923282722703,NA
29,"SoftImpute (oracle)",1,27,27,0.593156032984489,NA
29,"SoftImpute (oracle)",1,28,28,0.603210513978147,NA
29,"SoftImpute (oracle)",1,29,29,0.612977652962774,NA
29,"SoftImpute (oracle)",1,30,30,0.622488101867735,NA
30,"PCA (oracle)",NA,0,0,0.841454759859675,NA
30,"PCA (oracle)",NA,1,1,0.514388379397232,NA
30,"PCA (oracle)",NA,2,2,0.373629509026105,NA
30,"PCA (oracle)",NA,3,3,0.179623570286684,NA
30,"PCA (oracle)",NA,4,4,0.21933811176757,NA
30,"PCA (oracle)",NA,5,5,0.252573813627809,NA
30,"PCA (oracle)",NA,6,6,0.281204422898427,NA
30,"PCA (oracle)",NA,7,7,0.306948602971664,NA
30,"PCA (oracle)",NA,8,8,0.330338447491374,NA
30,"PCA (oracle)",NA,9,9,0.352120561756747,NA
30,"PCA (oracle)",NA,10,10,0.372349986999797,NA
30,"PCA (oracle)",NA,11,11,0.391229132474717,NA
30,"PCA (oracle)",NA,12,12,0.409249140905039,NA
30,"PCA (oracle)",NA,13,13,0.426135863377145,NA
30,"PCA (oracle)",NA,14,14,0.442255885553511,NA
30,"PCA (oracle)",NA,15,15,0.457712787216098,NA
30,"PCA (oracle)",NA,16,16,0.472601524420329,NA
30,"PCA (oracle)",NA,17,17,0.486853469312426,NA
30,"PCA (oracle)",NA,18,18,0.500578343103824,NA
30,"PCA (oracle)",NA,19,19,0.51386973578133,NA
30,"PCA (oracle)",NA,20,20,0.526756522970632,NA
30,"PCA (oracle)",NA,21,21,0.539251274204535,NA
30,"PCA (oracle)",NA,22,22,0.551277320490355,NA
30,"PCA (oracle)",NA,23,23,0.562835184431779,NA
30,"PCA (oracle)",NA,24,24,0.574189948703906,NA
30,"PCA (oracle)",NA,25,25,0.585178885103917,NA
30,"PCA (oracle)",NA,26,26,0.595872657982678,NA
30,"PCA (oracle)",NA,27,27,0.606278116482369,NA
30,"PCA (oracle)",NA,28,28,0.616442735708619,NA
30,"PCA (oracle)",NA,29,29,0.62635069654431,NA
30,"PCA (oracle)",NA,30,30,0.636060767322358,NA
30,"ICA (oracle)",NA,0,0,0.841454759859675,NA
30,"ICA (oracle)",NA,1,1,0.514388379397232,TRUE
30,"ICA (oracle)",NA,2,2,0.373629509026105,TRUE
30,"ICA (oracle)",NA,3,3,0.179623570286684,TRUE
30,"ICA (oracle)",NA,4,4,0.21933811176757,TRUE
30,"ICA (oracle)",NA,5,5,0.25257381362781,TRUE
30,"ICA (oracle)",NA,6,6,0.281204422898428,TRUE
30,"ICA (oracle)",NA,7,7,0.306948602971664,TRUE
30,"ICA (oracle)",NA,8,8,0.330338447491374,TRUE
30,"ICA (oracle)",NA,9,9,0.352120561756747,FALSE
30,"ICA (oracle)",NA,10,10,0.372349986999797,FALSE
30,"ICA (oracle)",NA,11,11,0.391229132474717,FALSE
30,"ICA (oracle)",NA,12,12,0.409249140905039,FALSE
30,"ICA (oracle)",NA,13,13,0.426135863377145,FALSE
30,"ICA (oracle)",NA,14,14,0.442255885553511,FALSE
30,"ICA (oracle)",NA,15,15,0.457712787216098,FALSE
30,"ICA (oracle)",NA,16,16,0.472601524420329,FALSE
30,"ICA (oracle)",NA,17,17,0.486853469312426,FALSE
30,"ICA (oracle)",NA,18,18,0.500578343103825,FALSE
30,"ICA (oracle)",NA,19,19,0.51386973578133,FALSE
30,"ICA (oracle)",NA,20,20,0.526756522970632,FALSE
30,"ICA (oracle)",NA,21,21,0.539251274204536,FALSE
30,"ICA (oracle)",NA,22,22,0.551277320490356,FALSE
30,"ICA (oracle)",NA,23,23,0.56283518443178,FALSE
30,"ICA (oracle)",NA,24,24,0.574189948703906,FALSE
30,"ICA (oracle)",NA,25,25,0.585178885103917,FALSE
30,"ICA (oracle)",NA,26,26,0.595872657982679,FALSE
30,"ICA (oracle)",NA,27,27,0.606278116482369,FALSE
30,"ICA (oracle)",NA,28,28,0.616442735708619,FALSE
30,"ICA (oracle)",NA,29,29,0.62635069654431,FALSE
30,"ICA (oracle)",NA,30,30,0.636060767322358,FALSE
30,"SoftImpute (oracle)",1,0,0,0.841454759859675,NA
30,"SoftImpute (oracle)",1,1,1,0.514314821219002,NA
30,"SoftImpute (oracle)",1,2,2,0.373366652932353,NA
30,"SoftImpute (oracle)",1,3,3,0.17877449543909,NA
30,"SoftImpute (oracle)",1,4,4,0.217363679645288,NA
30,"SoftImpute (oracle)",1,5,5,0.24975230942587,NA
30,"SoftImpute (oracle)",1,6,6,0.277688238342519,NA
30,"SoftImpute (oracle)",1,7,7,0.302831589305992,NA
30,"SoftImpute (oracle)",1,8,8,0.325686984687928,NA
30,"SoftImpute (oracle)",1,9,9,0.346982928264289,NA
30,"SoftImpute (oracle)",1,10,10,0.366764742988738,NA
30,"SoftImpute (oracle)",1,11,11,0.38522739596215,NA
30,"SoftImpute (oracle)",1,12,12,0.402855627717281,NA
30,"SoftImpute (oracle)",1,13,13,0.419372632137657,NA
30,"SoftImpute (oracle)",1,14,14,0.435141100135606,NA
30,"SoftImpute (oracle)",1,15,15,0.450262194444709,NA
30,"SoftImpute (oracle)",1,16,16,0.464828912857809,NA
30,"SoftImpute (oracle)",1,17,17,0.478771409818,NA
30,"SoftImpute (oracle)",1,18,18,0.49219794370932,NA
30,"SoftImpute (oracle)",1,19,19,0.505200897924716,NA
30,"SoftImpute (oracle)",1,20,20,0.517808255727153,NA
30,"SoftImpute (oracle)",1,21,21,0.530031849902515,NA
30,"SoftImpute (oracle)",1,22,22,0.541794575331289,NA
30,"SoftImpute (oracle)",1,23,23,0.553096412565812,NA
30,"SoftImpute (oracle)",1,24,24,0.564201335687121,NA
30,"SoftImpute (oracle)",1,25,25,0.574946602587106,NA
30,"SoftImpute (oracle)",1,26,26,0.58540234151828,NA
30,"SoftImpute (oracle)",1,27,27,0.595575060613638,NA
30,"SoftImpute (oracle)",1,28,28,0.605511830533714,NA
30,"SoftImpute (oracle)",1,29,29,0.615196609711267,NA
30,"SoftImpute (oracle)",1,30,30,0.624687789768466,NA
31,"PCA (oracle)",NA,0,0,0.739348661627705,NA
31,"PCA (oracle)",NA,1,1,0.46712646422642,NA
31,"PCA (oracle)",NA,2,2,0.339293485777658,NA
31,"PCA (oracle)",NA,3,3,0.174730786780381,NA
31,"PCA (oracle)",NA,4,4,0.215776554759368,NA
31,"PCA (oracle)",NA,5,5,0.250186585951914,NA
31,"PCA (oracle)",NA,6,6,0.280336774654889,NA
31,"PCA (oracle)",NA,7,7,0.306921453551959,NA
31,"PCA (oracle)",NA,8,8,0.331184939461969,NA
31,"PCA (oracle)",NA,9,9,0.353456742924999,NA
31,"PCA (oracle)",NA,10,10,0.374102971504318,NA
31,"PCA (oracle)",NA,11,11,0.393322348564708,NA
31,"PCA (oracle)",NA,12,12,0.411450407738288,NA
31,"PCA (oracle)",NA,13,13,0.428615989939819,NA
31,"PCA (oracle)",NA,14,14,0.444878878032889,NA
31,"PCA (oracle)",NA,15,15,0.460526034617171,NA
31,"PCA (oracle)",NA,16,16,0.475492754867999,NA
31,"PCA (oracle)",NA,17,17,0.489848168546926,NA
31,"PCA (oracle)",NA,18,18,0.503628036358941,NA
31,"PCA (oracle)",NA,19,19,0.516995125090409,NA
31,"PCA (oracle)",NA,20,20,0.52993374941919,NA
31,"PCA (oracle)",NA,21,21,0.54232179395798,NA
31,"PCA (oracle)",NA,22,22,0.554353534028446,NA
31,"PCA (oracle)",NA,23,23,0.565991019908027,NA
31,"PCA (oracle)",NA,24,24,0.577230553497126,NA
31,"PCA (oracle)",NA,25,25,0.58825171643077,NA
31,"PCA (oracle)",NA,26,26,0.59900352649834,NA
31,"PCA (oracle)",NA,27,27,0.609530287641381,NA
31,"PCA (oracle)",NA,28,28,0.619718842598331,NA
31,"PCA (oracle)",NA,29,29,0.629658630277923,NA
31,"PCA (oracle)",NA,30,30,0.639324683095785,NA
31,"ICA (oracle)",NA,0,0,0.739348661627705,NA
31,"ICA (oracle)",NA,1,1,0.46712646422642,TRUE
31,"ICA (oracle)",NA,2,2,0.339293485777658,TRUE
31,"ICA (oracle)",NA,3,3,0.17473078678038,TRUE
31,"ICA (oracle)",NA,4,4,0.215776554759368,TRUE
31,"ICA (oracle)",NA,5,5,0.250186585951914,FALSE
31,"ICA (oracle)",NA,6,6,0.280336774654889,TRUE
31,"ICA (oracle)",NA,7,7,0.306921453551959,FALSE
31,"ICA (oracle)",NA,8,8,0.331184939461969,TRUE
31,"ICA (oracle)",NA,9,9,0.353456742924999,FALSE
31,"ICA (oracle)",NA,10,10,0.374102971504318,FALSE
31,"ICA (oracle)",NA,11,11,0.393322348564708,FALSE
31,"ICA (oracle)",NA,12,12,0.411450407738288,FALSE
31,"ICA (oracle)",NA,13,13,0.428615989939819,FALSE
31,"ICA (oracle)",NA,14,14,0.444878878032889,FALSE
31,"ICA (oracle)",NA,15,15,0.46052603461717,FALSE
31,"ICA (oracle)",NA,16,16,0.475492754867999,FALSE
31,"ICA (oracle)",NA,17,17,0.489848168546925,FALSE
31,"ICA (oracle)",NA,18,18,0.503628036358942,FALSE
31,"ICA (oracle)",NA,19,19,0.516995125090409,FALSE
31,"ICA (oracle)",NA,20,20,0.52993374941919,FALSE
31,"ICA (oracle)",NA,21,21,0.54232179395798,FALSE
31,"ICA (oracle)",NA,22,22,0.554353534028446,FALSE
31,"ICA (oracle)",NA,23,23,0.565991019908026,FALSE
31,"ICA (oracle)",NA,24,24,0.577230553497126,FALSE
31,"ICA (oracle)",NA,25,25,0.58825171643077,FALSE
31,"ICA (oracle)",NA,26,26,0.59900352649834,FALSE
31,"ICA (oracle)",NA,27,27,0.609530287641381,FALSE
31,"ICA (oracle)",NA,28,28,0.619718842598332,FALSE
31,"ICA (oracle)",NA,29,29,0.629658630277923,FALSE
31,"ICA (oracle)",NA,30,30,0.639324683095785,FALSE
31,"SoftImpute (oracle)",1,0,0,0.739348661627705,NA
31,"SoftImpute (oracle)",1,1,1,0.467048970500526,NA
31,"SoftImpute (oracle)",1,2,2,0.339056527332057,NA
31,"SoftImpute (oracle)",1,3,3,0.173894205654216,NA
31,"SoftImpute (oracle)",1,4,4,0.213791196528374,NA
31,"SoftImpute (oracle)",1,5,5,0.247344292614778,NA
31,"SoftImpute (oracle)",1,6,6,0.276792295385058,NA
31,"SoftImpute (oracle)",1,7,7,0.302774273026862,NA
31,"SoftImpute (oracle)",1,8,8,0.326501884334245,NA
31,"SoftImpute (oracle)",1,9,9,0.348287883658451,NA
31,"SoftImpute (oracle)",1,10,10,0.368487043880662,NA
31,"SoftImpute (oracle)",1,11,11,0.387290600773498,NA
31,"SoftImpute (oracle)",1,12,12,0.405028161418214,NA
31,"SoftImpute (oracle)",1,13,13,0.42182461660133,NA
31,"SoftImpute (oracle)",1,14,14,0.437736833123565,NA
31,"SoftImpute (oracle)",1,15,15,0.453048838833502,NA
31,"SoftImpute (oracle)",1,16,16,0.467694406956538,NA
31,"SoftImpute (oracle)",1,17,17,0.481741081024298,NA
31,"SoftImpute (oracle)",1,18,18,0.495223364874305,NA
31,"SoftImpute (oracle)",1,19,19,0.508302651594216,NA
31,"SoftImpute (oracle)",1,20,20,0.520962482830435,NA
31,"SoftImpute (oracle)",1,21,21,0.533080324717787,NA
31,"SoftImpute (oracle)",1,22,22,0.544849368694052,NA
31,"SoftImpute (oracle)",1,23,23,0.556231229673474,NA
31,"SoftImpute (oracle)",1,24,24,0.567221755595759,NA
31,"SoftImpute (oracle)",1,25,25,0.577999686479464,NA
31,"SoftImpute (oracle)",1,26,26,0.588513810723331,NA
31,"SoftImpute (oracle)",1,27,27,0.598808009948733,NA
31,"SoftImpute (oracle)",1,28,28,0.608769102153451,NA
31,"SoftImpute (oracle)",1,29,29,0.618486053145013,NA
31,"SoftImpute (oracle)",1,30,30,0.627933721466255,NA
32,"PCA (oracle)",NA,0,0,0.740027704349299,NA
32,"PCA (oracle)",NA,1,1,0.468521009694813,NA
32,"PCA (oracle)",NA,2,2,0.352899297825927,NA
32,"PCA (oracle)",NA,3,3,0.178340067251538,NA
32,"PCA (oracle)",NA,4,4,0.218223576062916,NA
32,"PCA (oracle)",NA,5,5,0.251291000691597,NA
32,"PCA (oracle)",NA,6,6,0.280188254869095,NA
32,"PCA (oracle)",NA,7,7,0.305933884561445,NA
32,"PCA (oracle)",NA,8,8,0.329432515797253,NA
32,"PCA (oracle)",NA,9,9,0.351144739487443,NA
32,"PCA (oracle)",NA,10,10,0.371167345131757,NA
32,"PCA (oracle)",NA,11,11,0.389980747100555,NA
32,"PCA (oracle)",NA,12,12,0.40782888494572,NA
32,"PCA (oracle)",NA,13,13,0.424783138667261,NA
32,"PCA (oracle)",NA,14,14,0.440861893728311,NA
32,"PCA (oracle)",NA,15,15,0.456250435102536,NA
32,"PCA (oracle)",NA,16,16,0.471050934482635,NA
32,"PCA (oracle)",NA,17,17,0.48523588954913,NA
32,"PCA (oracle)",NA,18,18,0.498911229257374,NA
32,"PCA (oracle)",NA,19,19,0.512132205437485,NA
32,"PCA (oracle)",NA,20,20,0.524849422258893,NA
32,"PCA (oracle)",NA,21,21,0.537217747531159,NA
32,"PCA (oracle)",NA,22,22,0.549258601946509,NA
32,"PCA (oracle)",NA,23,23,0.560883939915195,NA
32,"PCA (oracle)",NA,24,24,0.572101829294772,NA
32,"PCA (oracle)",NA,25,25,0.583095847367462,NA
32,"PCA (oracle)",NA,26,26,0.593850918655974,NA
32,"PCA (oracle)",NA,27,27,0.604222953548393,NA
32,"PCA (oracle)",NA,28,28,0.614404931458276,NA
32,"PCA (oracle)",NA,29,29,0.624298713252813,NA
32,"PCA (oracle)",NA,30,30,0.634001339061689,NA
32,"ICA (oracle)",NA,0,0,0.740027704349299,NA
32,"ICA (oracle)",NA,1,1,0.468521009694813,TRUE
32,"ICA (oracle)",NA,2,2,0.352899297825927,TRUE
32,"ICA (oracle)",NA,3,3,0.178340067251538,TRUE
32,"ICA (oracle)",NA,4,4,0.218223576062917,TRUE
32,"ICA (oracle)",NA,5,5,0.251291000691597,TRUE
32,"ICA (oracle)",NA,6,6,0.280188254869095,TRUE
32,"ICA (oracle)",NA,7,7,0.305933884561445,FALSE
32,"ICA (oracle)",NA,8,8,0.329432515797253,FALSE
32,"ICA (oracle)",NA,9,9,0.351144739487443,FALSE
32,"ICA (oracle)",NA,10,10,0.371167345131757,FALSE
32,"ICA (oracle)",NA,11,11,0.389980747100555,FALSE
32,"ICA (oracle)",NA,12,12,0.40782888494572,FALSE
32,"ICA (oracle)",NA,13,13,0.424783138667261,FALSE
32,"ICA (oracle)",NA,14,14,0.440861893728311,FALSE
32,"ICA (oracle)",NA,15,15,0.456250435102536,FALSE
32,"ICA (oracle)",NA,16,16,0.471050934482635,FALSE
32,"ICA (oracle)",NA,17,17,0.485235889549131,FALSE
32,"ICA (oracle)",NA,18,18,0.498911229257374,FALSE
32,"ICA (oracle)",NA,19,19,0.512132205437486,FALSE
32,"ICA (oracle)",NA,20,20,0.524849422258893,FALSE
32,"ICA (oracle)",NA,21,21,0.537217747531159,FALSE
32,"ICA (oracle)",NA,22,22,0.549258601946509,FALSE
32,"ICA (oracle)",NA,23,23,0.560883939915195,FALSE
32,"ICA (oracle)",NA,24,24,0.572101829294773,FALSE
32,"ICA (oracle)",NA,25,25,0.583095847367462,FALSE
32,"ICA (oracle)",NA,26,26,0.593850918655974,FALSE
32,"ICA (oracle)",NA,27,27,0.604222953548393,FALSE
32,"ICA (oracle)",NA,28,28,0.614404931458276,FALSE
32,"ICA (oracle)",NA,29,29,0.624298713252813,FALSE
32,"ICA (oracle)",NA,30,30,0.634001339061689,FALSE
32,"SoftImpute (oracle)",1,0,0,0.740027704349299,NA
32,"SoftImpute (oracle)",1,1,1,0.468412485050701,NA
32,"SoftImpute (oracle)",1,2,2,0.35256632608879,NA
32,"SoftImpute (oracle)",1,3,3,0.17739387947437,NA
32,"SoftImpute (oracle)",1,4,4,0.216165465381655,NA
32,"SoftImpute (oracle)",1,5,5,0.248396677347911,NA
32,"SoftImpute (oracle)",1,6,6,0.276604365512337,NA
32,"SoftImpute (oracle)",1,7,7,0.301754359800983,NA
32,"SoftImpute (oracle)",1,8,8,0.324722168179129,NA
32,"SoftImpute (oracle)",1,9,9,0.345951873520403,NA
32,"SoftImpute (oracle)",1,10,10,0.365530365125076,NA
32,"SoftImpute (oracle)",1,11,11,0.383929773919617,NA
32,"SoftImpute (oracle)",1,12,12,0.401388629585741,NA
32,"SoftImpute (oracle)",1,13,13,0.417974644627482,NA
32,"SoftImpute (oracle)",1,14,14,0.433703458935183,NA
32,"SoftImpute (oracle)",1,15,15,0.448757710549831,NA
32,"SoftImpute (oracle)",1,16,16,0.463237614419584,NA
32,"SoftImpute (oracle)",1,17,17,0.477114357723204,NA
32,"SoftImpute (oracle)",1,18,18,0.490492446018017,NA
32,"SoftImpute (oracle)",1,19,19,0.503426032356803,NA
32,"SoftImpute (oracle)",1,20,20,0.515865024670768,NA
32,"SoftImpute (oracle)",1,21,21,0.527963212591348,NA
32,"SoftImpute (oracle)",1,22,22,0.539741371039157,NA
32,"SoftImpute (oracle)",1,23,23,0.551111131274413,NA
32,"SoftImpute (oracle)",1,24,24,0.562080075016,NA
32,"SoftImpute (oracle)",1,25,25,0.572830939392448,NA
32,"SoftImpute (oracle)",1,26,26,0.583348333758367,NA
32,"SoftImpute (oracle)",1,27,27,0.593488176273117,NA
32,"SoftImpute (oracle)",1,28,28,0.603442706578879,NA
32,"SoftImpute (oracle)",1,29,29,0.61311375658053,NA
32,"SoftImpute (oracle)",1,30,30,0.622597904694679,NA
33,"PCA (oracle)",NA,0,0,0.762193119140593,NA
33,"PCA (oracle)",NA,1,1,0.489771034635286,NA
33,"PCA (oracle)",NA,2,2,0.340289459164974,NA
33,"PCA (oracle)",NA,3,3,0.177088256053291,NA
33,"PCA (oracle)",NA,4,4,0.217664369917746,NA
33,"PCA (oracle)",NA,5,5,0.250972858082364,NA
33,"PCA (oracle)",NA,6,6,0.280303421511613,NA
33,"PCA (oracle)",NA,7,7,0.306571254124405,NA
33,"PCA (oracle)",NA,8,8,0.330095618620393,NA
33,"PCA (oracle)",NA,9,9,0.351824562126951,NA
33,"PCA (oracle)",NA,10,10,0.372214850896528,NA
33,"PCA (oracle)",NA,11,11,0.391171885011983,NA
33,"PCA (oracle)",NA,12,12,0.409099560922581,NA
33,"PCA (oracle)",NA,13,13,0.426062970248605,NA
33,"PCA (oracle)",NA,14,14,0.442324820490886,NA
33,"PCA (oracle)",NA,15,15,0.457902352798045,NA
33,"PCA (oracle)",NA,16,16,0.472784850466814,NA
33,"PCA (oracle)",NA,17,17,0.487053382248707,NA
33,"PCA (oracle)",NA,18,18,0.500695948482539,NA
33,"PCA (oracle)",NA,19,19,0.513951897853116,NA
33,"PCA (oracle)",NA,20,20,0.526613598494246,NA
33,"PCA (oracle)",NA,21,21,0.538930345263175,NA
33,"PCA (oracle)",NA,22,22,0.550815678114013,NA
33,"PCA (oracle)",NA,23,23,0.562386221313146,NA
33,"PCA (oracle)",NA,24,24,0.573726919251088,NA
33,"PCA (oracle)",NA,25,25,0.584781286766874,NA
33,"PCA (oracle)",NA,26,26,0.595532760103977,NA
33,"PCA (oracle)",NA,27,27,0.606017056618794,NA
33,"PCA (oracle)",NA,28,28,0.616234071351654,NA
33,"PCA (oracle)",NA,29,29,0.626224374616397,NA
33,"PCA (oracle)",NA,30,30,0.63596305830275,NA
33,"ICA (oracle)",NA,0,0,0.762193119140593,NA
33,"ICA (oracle)",NA,1,1,0.489771034635286,TRUE
33,"ICA (oracle)",NA,2,2,0.340289459164974,TRUE
33,"ICA (oracle)",NA,3,3,0.177088256053291,TRUE
33,"ICA (oracle)",NA,4,4,0.217664369917746,TRUE
33,"ICA (oracle)",NA,5,5,0.250972858082364,TRUE
33,"ICA (oracle)",NA,6,6,0.280303421511613,FALSE
33,"ICA (oracle)",NA,7,7,0.306571254124405,FALSE
33,"ICA (oracle)",NA,8,8,0.330095618620392,TRUE
33,"ICA (oracle)",NA,9,9,0.351824562126951,FALSE
33,"ICA (oracle)",NA,10,10,0.372214850896528,TRUE
33,"ICA (oracle)",NA,11,11,0.391171885011983,FALSE
33,"ICA (oracle)",NA,12,12,0.409099560922581,FALSE
33,"ICA (oracle)",NA,13,13,0.426062970248605,FALSE
33,"ICA (oracle)",NA,14,14,0.442324820490886,FALSE
33,"ICA (oracle)",NA,15,15,0.457902352798045,FALSE
33,"ICA (oracle)",NA,16,16,0.472784850466814,FALSE
33,"ICA (oracle)",NA,17,17,0.487053382248707,FALSE
33,"ICA (oracle)",NA,18,18,0.500695948482539,FALSE
33,"ICA (oracle)",NA,19,19,0.513951897853116,FALSE
33,"ICA (oracle)",NA,20,20,0.526613598494247,FALSE
33,"ICA (oracle)",NA,21,21,0.538930345263175,FALSE
33,"ICA (oracle)",NA,22,22,0.550815678114014,FALSE
33,"ICA (oracle)",NA,23,23,0.562386221313147,FALSE
33,"ICA (oracle)",NA,24,24,0.573726919251089,FALSE
33,"ICA (oracle)",NA,25,25,0.584781286766874,FALSE
33,"ICA (oracle)",NA,26,26,0.595532760103977,FALSE
33,"ICA (oracle)",NA,27,27,0.606017056618794,FALSE
33,"ICA (oracle)",NA,28,28,0.616234071351655,FALSE
33,"ICA (oracle)",NA,29,29,0.626224374616397,FALSE
33,"ICA (oracle)",NA,30,30,0.63596305830275,FALSE
33,"SoftImpute (oracle)",1,0,0,0.762193119140593,NA
33,"SoftImpute (oracle)",1,1,1,0.489713479888176,NA
33,"SoftImpute (oracle)",1,2,2,0.340052999306904,NA
33,"SoftImpute (oracle)",1,3,3,0.176221205154617,NA
33,"SoftImpute (oracle)",1,4,4,0.215662804998636,NA
33,"SoftImpute (oracle)",1,5,5,0.2481255756276,NA
33,"SoftImpute (oracle)",1,6,6,0.276759236702756,NA
33,"SoftImpute (oracle)",1,7,7,0.302425753579534,NA
33,"SoftImpute (oracle)",1,8,8,0.325416985052354,NA
33,"SoftImpute (oracle)",1,9,9,0.346661564724571,NA
33,"SoftImpute (oracle)",1,10,10,0.366605002543822,NA
33,"SoftImpute (oracle)",1,11,11,0.38514645054255,NA
33,"SoftImpute (oracle)",1,12,12,0.402683656669537,NA
33,"SoftImpute (oracle)",1,13,13,0.419277986874815,NA
33,"SoftImpute (oracle)",1,14,14,0.435188670926744,NA
33,"SoftImpute (oracle)",1,15,15,0.450430800936029,NA
33,"SoftImpute (oracle)",1,16,16,0.464991968296044,NA
33,"SoftImpute (oracle)",1,17,17,0.478951614593184,NA
33,"SoftImpute (oracle)",1,18,18,0.492296599246442,NA
33,"SoftImpute (oracle)",1,19,19,0.505264690716743,NA
33,"SoftImpute (oracle)",1,20,20,0.517647957013444,NA
33,"SoftImpute (oracle)",1,21,21,0.529694358634504,NA
33,"SoftImpute (oracle)",1,22,22,0.541317047814791,NA
33,"SoftImpute (oracle)",1,23,23,0.5526318361551,NA
33,"SoftImpute (oracle)",1,24,24,0.563723011891143,NA
33,"SoftImpute (oracle)",1,25,25,0.574533824004373,NA
33,"SoftImpute (oracle)",1,26,26,0.585047384379702,NA
33,"SoftImpute (oracle)",1,27,27,0.595299002362465,NA
33,"SoftImpute (oracle)",1,28,28,0.605288282201565,NA
33,"SoftImpute (oracle)",1,29,29,0.615055439337297,NA
33,"SoftImpute (oracle)",1,30,30,0.624575386842949,NA
34,"PCA (oracle)",NA,0,0,0.78305945527883,NA
34,"PCA (oracle)",NA,1,1,0.501791043288881,NA
34,"PCA (oracle)",NA,2,2,0.354625409687666,NA
34,"PCA (oracle)",NA,3,3,0.178241761086676,NA
34,"PCA (oracle)",NA,4,4,0.218568357283281,NA
34,"PCA (oracle)",NA,5,5,0.252202277048396,NA
34,"PCA (oracle)",NA,6,6,0.281025289237215,NA
34,"PCA (oracle)",NA,7,7,0.306837313302342,NA
34,"PCA (oracle)",NA,8,8,0.330536336057746,NA
34,"PCA (oracle)",NA,9,9,0.352306823153578,NA
34,"PCA (oracle)",NA,10,10,0.372561273423722,NA
34,"PCA (oracle)",NA,11,11,0.391651701219316,NA
34,"PCA (oracle)",NA,12,12,0.409478292927183,NA
34,"PCA (oracle)",NA,13,13,0.426307306294819,NA
34,"PCA (oracle)",NA,14,14,0.442413545991515,NA
34,"PCA (oracle)",NA,15,15,0.457867849856575,NA
34,"PCA (oracle)",NA,16,16,0.472707996399063,NA
34,"PCA (oracle)",NA,17,17,0.487014851972031,NA
34,"PCA (oracle)",NA,18,18,0.50057762190179,NA
34,"PCA (oracle)",NA,19,19,0.513710682053108,NA
34,"PCA (oracle)",NA,20,20,0.526510658645224,NA
34,"PCA (oracle)",NA,21,21,0.538855971581062,NA
34,"PCA (oracle)",NA,22,22,0.550764792456675,NA
34,"PCA (oracle)",NA,23,23,0.562365766717115,NA
34,"PCA (oracle)",NA,24,24,0.573673077038889,NA
34,"PCA (oracle)",NA,25,25,0.584600573624467,NA
34,"PCA (oracle)",NA,26,26,0.595321562298276,NA
34,"PCA (oracle)",NA,27,27,0.60571165899258,NA
34,"PCA (oracle)",NA,28,28,0.615917172283522,NA
34,"PCA (oracle)",NA,29,29,0.625866757324956,NA
34,"PCA (oracle)",NA,30,30,0.635552483444113,NA
34,"ICA (oracle)",NA,0,0,0.78305945527883,NA
34,"ICA (oracle)",NA,1,1,0.501791043288881,TRUE
34,"ICA (oracle)",NA,2,2,0.354625409687666,TRUE
34,"ICA (oracle)",NA,3,3,0.178241761086676,TRUE
34,"ICA (oracle)",NA,4,4,0.218568357283281,TRUE
34,"ICA (oracle)",NA,5,5,0.252202277048396,TRUE
34,"ICA (oracle)",NA,6,6,0.281025289237215,FALSE
34,"ICA (oracle)",NA,7,7,0.306837313302342,FALSE
34,"ICA (oracle)",NA,8,8,0.330536336057746,FALSE
34,"ICA (oracle)",NA,9,9,0.352306823153578,FALSE
34,"ICA (oracle)",NA,10,10,0.372561273423722,FALSE
34,"ICA (oracle)",NA,11,11,0.391651701219316,FALSE
34,"ICA (oracle)",NA,12,12,0.409478292927183,FALSE
34,"ICA (oracle)",NA,13,13,0.426307306294819,FALSE
34,"ICA (oracle)",NA,14,14,0.442413545991514,FALSE
34,"ICA (oracle)",NA,15,15,0.457867849856575,FALSE
34,"ICA (oracle)",NA,16,16,0.472707996399063,FALSE
34,"ICA (oracle)",NA,17,17,0.487014851972031,FALSE
34,"ICA (oracle)",NA,18,18,0.50057762190179,FALSE
34,"ICA (oracle)",NA,19,19,0.513710682053108,FALSE
34,"ICA (oracle)",NA,20,20,0.526510658645224,FALSE
34,"ICA (oracle)",NA,21,21,0.538855971581062,FALSE
34,"ICA (oracle)",NA,22,22,0.550764792456675,FALSE
34,"ICA (oracle)",NA,23,23,0.562365766717115,FALSE
34,"ICA (oracle)",NA,24,24,0.573673077038889,FALSE
34,"ICA (oracle)",NA,25,25,0.584600573624467,FALSE
34,"ICA (oracle)",NA,26,26,0.595321562298276,FALSE
34,"ICA (oracle)",NA,27,27,0.60571165899258,FALSE
34,"ICA (oracle)",NA,28,28,0.615917172283522,FALSE
34,"ICA (oracle)",NA,29,29,0.625866757324956,FALSE
34,"ICA (oracle)",NA,30,30,0.635552483444113,FALSE
34,"SoftImpute (oracle)",1,0,0,0.78305945527883,NA
34,"SoftImpute (oracle)",1,1,1,0.501731925505668,NA
34,"SoftImpute (oracle)",1,2,2,0.354399379018546,NA
34,"SoftImpute (oracle)",1,3,3,0.177457887536385,NA
34,"SoftImpute (oracle)",1,4,4,0.216639291112653,NA
34,"SoftImpute (oracle)",1,5,5,0.249416726110962,NA
34,"SoftImpute (oracle)",1,6,6,0.277540094412042,NA
34,"SoftImpute (oracle)",1,7,7,0.302748309385475,NA
34,"SoftImpute (oracle)",1,8,8,0.325909546940722,NA
34,"SoftImpute (oracle)",1,9,9,0.347192444481896,NA
34,"SoftImpute (oracle)",1,10,10,0.366997978595153,NA
34,"SoftImpute (oracle)",1,11,11,0.385670195136341,NA
34,"SoftImpute (oracle)",1,12,12,0.403104793568764,NA
34,"SoftImpute (oracle)",1,13,13,0.419563506364573,NA
34,"SoftImpute (oracle)",1,14,14,0.435317546435901,NA
34,"SoftImpute (oracle)",1,15,15,0.45043543457649,NA
34,"SoftImpute (oracle)",1,16,16,0.464953134595807,NA
34,"SoftImpute (oracle)",1,17,17,0.478949891820303,NA
34,"SoftImpute (oracle)",1,18,18,0.492214290270866,NA
34,"SoftImpute (oracle)",1,19,19,0.505058871371182,NA
34,"SoftImpute (oracle)",1,20,20,0.517579204985069,NA
34,"SoftImpute (oracle)",1,21,21,0.529653318657502,NA
34,"SoftImpute (oracle)",1,22,22,0.541298719264158,NA
34,"SoftImpute (oracle)",1,23,23,0.552643195527696,NA
34,"SoftImpute (oracle)",1,24,24,0.563700435997143,NA
34,"SoftImpute (oracle)",1,25,25,0.574384089015356,NA
34,"SoftImpute (oracle)",1,26,26,0.584866671761028,NA
34,"SoftImpute (oracle)",1,27,27,0.595023779365566,NA
34,"SoftImpute (oracle)",1,28,28,0.60500107496506,NA
34,"SoftImpute (oracle)",1,29,29,0.614727125837731,NA
34,"SoftImpute (oracle)",1,30,30,0.624193781936599,NA
35,"PCA (oracle)",NA,0,0,0.797714313142662,NA
35,"PCA (oracle)",NA,1,1,0.493097045287515,NA
35,"PCA (oracle)",NA,2,2,0.363766593246875,NA
35,"PCA (oracle)",NA,3,3,0.17895291991321,NA
35,"PCA (oracle)",NA,4,4,0.219269310901337,NA
35,"PCA (oracle)",NA,5,5,0.252155857686634,NA
35,"PCA (oracle)",NA,6,6,0.280776411849447,NA
35,"PCA (oracle)",NA,7,7,0.306517584257999,NA
35,"PCA (oracle)",NA,8,8,0.329902870459913,NA
35,"PCA (oracle)",NA,9,9,0.351514038576262,NA
35,"PCA (oracle)",NA,10,10,0.371677949885012,NA
35,"PCA (oracle)",NA,11,11,0.390554816304603,NA
35,"PCA (oracle)",NA,12,12,0.408482601569331,NA
35,"PCA (oracle)",NA,13,13,0.425440703980273,NA
35,"PCA (oracle)",NA,14,14,0.441651131659165,NA
35,"PCA (oracle)",NA,15,15,0.456958305827405,NA
35,"PCA (oracle)",NA,16,16,0.471640375200638,NA
35,"PCA (oracle)",NA,17,17,0.485729629641776,NA
35,"PCA (oracle)",NA,18,18,0.499387211765568,NA
35,"PCA (oracle)",NA,19,19,0.512518472487778,NA
35,"PCA (oracle)",NA,20,20,0.525198618166146,NA
35,"PCA (oracle)",NA,21,21,0.537461035269976,NA
35,"PCA (oracle)",NA,22,22,0.549398185364634,NA
35,"PCA (oracle)",NA,23,23,0.561009685924196,NA
35,"PCA (oracle)",NA,24,24,0.57233744014131,NA
35,"PCA (oracle)",NA,25,25,0.583281003467191,NA
35,"PCA (oracle)",NA,26,26,0.593998685921411,NA
35,"PCA (oracle)",NA,27,27,0.604414232957377,NA
35,"PCA (oracle)",NA,28,28,0.614531282073179,NA
35,"PCA (oracle)",NA,29,29,0.624361169149834,NA
35,"PCA (oracle)",NA,30,30,0.633960655989157,NA
35,"ICA (oracle)",NA,0,0,0.797714313142662,NA
35,"ICA (oracle)",NA,1,1,0.493097045287515,TRUE
35,"ICA (oracle)",NA,2,2,0.363766593246875,TRUE
35,"ICA (oracle)",NA,3,3,0.178952919913211,TRUE
35,"ICA (oracle)",NA,4,4,0.219269310901337,TRUE
35,"ICA (oracle)",NA,5,5,0.252155857686634,FALSE
35,"ICA (oracle)",NA,6,6,0.280776411849447,FALSE
35,"ICA (oracle)",NA,7,7,0.306517584257999,FALSE
35,"ICA (oracle)",NA,8,8,0.329902870459913,FALSE
35,"ICA (oracle)",NA,9,9,0.351514038576262,FALSE
35,"ICA (oracle)",NA,10,10,0.371677949885012,FALSE
35,"ICA (oracle)",NA,11,11,0.390554816304603,FALSE
35,"ICA (oracle)",NA,12,12,0.408482601569332,FALSE
35,"ICA (oracle)",NA,13,13,0.425440703980274,FALSE
35,"ICA (oracle)",NA,14,14,0.441651131659165,FALSE
35,"ICA (oracle)",NA,15,15,0.456958305827405,FALSE
35,"ICA (oracle)",NA,16,16,0.471640375200638,FALSE
35,"ICA (oracle)",NA,17,17,0.485729629641776,FALSE
35,"ICA (oracle)",NA,18,18,0.499387211765568,FALSE
35,"ICA (oracle)",NA,19,19,0.512518472487777,FALSE
35,"ICA (oracle)",NA,20,20,0.525198618166146,FALSE
35,"ICA (oracle)",NA,21,21,0.537461035269976,FALSE
35,"ICA (oracle)",NA,22,22,0.549398185364634,FALSE
35,"ICA (oracle)",NA,23,23,0.561009685924196,FALSE
35,"ICA (oracle)",NA,24,24,0.572337440141311,FALSE
35,"ICA (oracle)",NA,25,25,0.583281003467191,FALSE
35,"ICA (oracle)",NA,26,26,0.593998685921411,FALSE
35,"ICA (oracle)",NA,27,27,0.604414232957377,FALSE
35,"ICA (oracle)",NA,28,28,0.614531282073179,FALSE
35,"ICA (oracle)",NA,29,29,0.624361169149834,FALSE
35,"ICA (oracle)",NA,30,30,0.633960655989157,FALSE
35,"SoftImpute (oracle)",1,0,0,0.797714313142662,NA
35,"SoftImpute (oracle)",1,1,1,0.493028817491996,NA
35,"SoftImpute (oracle)",1,2,2,0.363484226633435,NA
35,"SoftImpute (oracle)",1,3,3,0.178036519766456,NA
35,"SoftImpute (oracle)",1,4,4,0.217233125299824,NA
35,"SoftImpute (oracle)",1,5,5,0.249282844208046,NA
35,"SoftImpute (oracle)",1,6,6,0.277213697116188,NA
35,"SoftImpute (oracle)",1,7,7,0.302357738660751,NA
35,"SoftImpute (oracle)",1,8,8,0.325211461116671,NA
35,"SoftImpute (oracle)",1,9,9,0.346339441677636,NA
35,"SoftImpute (oracle)",1,10,10,0.36605784211655,NA
35,"SoftImpute (oracle)",1,11,11,0.384519786876842,NA
35,"SoftImpute (oracle)",1,12,12,0.402057435353332,NA
35,"SoftImpute (oracle)",1,13,13,0.418646767162826,NA
35,"SoftImpute (oracle)",1,14,14,0.43450643135978,NA
35,"SoftImpute (oracle)",1,15,15,0.449479149947687,NA
35,"SoftImpute (oracle)",1,16,16,0.46384056899556,NA
35,"SoftImpute (oracle)",1,17,17,0.477621509618531,NA
35,"SoftImpute (oracle)",1,18,18,0.490981552938064,NA
35,"SoftImpute (oracle)",1,19,19,0.503825337894269,NA
35,"SoftImpute (oracle)",1,20,20,0.516227058451758,NA
35,"SoftImpute (oracle)",1,21,21,0.528219316312087,NA
35,"SoftImpute (oracle)",1,22,22,0.539893745049552,NA
35,"SoftImpute (oracle)",1,23,23,0.551249443019745,NA
35,"SoftImpute (oracle)",1,24,24,0.562327756403129,NA
35,"SoftImpute (oracle)",1,25,25,0.573028067228815,NA
35,"SoftImpute (oracle)",1,26,26,0.583507949386703,NA
35,"SoftImpute (oracle)",1,27,27,0.593691005982119,NA
35,"SoftImpute (oracle)",1,28,28,0.603580575262598,NA
35,"SoftImpute (oracle)",1,29,29,0.613187705166107,NA
35,"SoftImpute (oracle)",1,30,30,0.622568785512246,NA
36,"PCA (oracle)",NA,0,0,0.789851924976165,NA
36,"PCA (oracle)",NA,1,1,0.513234330155392,NA
36,"PCA (oracle)",NA,2,2,0.378721360273292,NA
36,"PCA (oracle)",NA,3,3,0.17424063016281,NA
36,"PCA (oracle)",NA,4,4,0.215325403468624,NA
36,"PCA (oracle)",NA,5,5,0.248898948354152,NA
36,"PCA (oracle)",NA,6,6,0.278071173065947,NA
36,"PCA (oracle)",NA,7,7,0.304300115273455,NA
36,"PCA (oracle)",NA,8,8,0.32796800335734,NA
36,"PCA (oracle)",NA,9,9,0.349879804640681,NA
36,"PCA (oracle)",NA,10,10,0.370358160514994,NA
36,"PCA (oracle)",NA,11,11,0.389688793639871,NA
36,"PCA (oracle)",NA,12,12,0.407655531915838,NA
36,"PCA (oracle)",NA,13,13,0.424818194877636,NA
36,"PCA (oracle)",NA,14,14,0.441073855990156,NA
36,"PCA (oracle)",NA,15,15,0.456451059225899,NA
36,"PCA (oracle)",NA,16,16,0.47131398170612,NA
36,"PCA (oracle)",NA,17,17,0.485572231229017,NA
36,"PCA (oracle)",NA,18,18,0.499385285405553,NA
36,"PCA (oracle)",NA,19,19,0.512776184647107,NA
36,"PCA (oracle)",NA,20,20,0.525731925815839,NA
36,"PCA (oracle)",NA,21,21,0.538277445564079,NA
36,"PCA (oracle)",NA,22,22,0.550423282830186,NA
36,"PCA (oracle)",NA,23,23,0.562201627805998,NA
36,"PCA (oracle)",NA,24,24,0.573586299931421,NA
36,"PCA (oracle)",NA,25,25,0.584720616133916,NA
36,"PCA (oracle)",NA,26,26,0.595495988390821,NA
36,"PCA (oracle)",NA,27,27,0.605950496791053,NA
36,"PCA (oracle)",NA,28,28,0.616157234466761,NA
36,"PCA (oracle)",NA,29,29,0.626104686453741,NA
36,"PCA (oracle)",NA,30,30,0.635850712047383,NA
36,"ICA (oracle)",NA,0,0,0.789851924976165,NA
36,"ICA (oracle)",NA,1,1,0.513234330155392,TRUE
36,"ICA (oracle)",NA,2,2,0.378721360273292,TRUE
36,"ICA (oracle)",NA,3,3,0.17424063016281,TRUE
36,"ICA (oracle)",NA,4,4,0.215325403468624,TRUE
36,"ICA (oracle)",NA,5,5,0.248898948354151,TRUE
36,"ICA (oracle)",NA,6,6,0.278071173065946,FALSE
36,"ICA (oracle)",NA,7,7,0.304300115273454,FALSE
36,"ICA (oracle)",NA,8,8,0.327968003357339,FALSE
36,"ICA (oracle)",NA,9,9,0.349879804640681,FALSE
36,"ICA (oracle)",NA,10,10,0.370358160514994,FALSE
36,"ICA (oracle)",NA,11,11,0.38968879363987,TRUE
36,"ICA (oracle)",NA,12,12,0.407655531915838,FALSE
36,"ICA (oracle)",NA,13,13,0.424818194877635,FALSE
36,"ICA (oracle)",NA,14,14,0.441073855990155,FALSE
36,"ICA (oracle)",NA,15,15,0.456451059225899,FALSE
36,"ICA (oracle)",NA,16,16,0.47131398170612,FALSE
36,"ICA (oracle)",NA,17,17,0.485572231229017,FALSE
36,"ICA (oracle)",NA,18,18,0.499385285405553,FALSE
36,"ICA (oracle)",NA,19,19,0.512776184647107,FALSE
36,"ICA (oracle)",NA,20,20,0.525731925815838,FALSE
36,"ICA (oracle)",NA,21,21,0.538277445564079,FALSE
36,"ICA (oracle)",NA,22,22,0.550423282830187,FALSE
36,"ICA (oracle)",NA,23,23,0.562201627805997,FALSE
36,"ICA (oracle)",NA,24,24,0.573586299931421,FALSE
36,"ICA (oracle)",NA,25,25,0.584720616133916,FALSE
36,"ICA (oracle)",NA,26,26,0.595495988390821,FALSE
36,"ICA (oracle)",NA,27,27,0.605950496791053,FALSE
36,"ICA (oracle)",NA,28,28,0.616157234466761,FALSE
36,"ICA (oracle)",NA,29,29,0.626104686453741,FALSE
36,"ICA (oracle)",NA,30,30,0.635850712047383,FALSE
36,"SoftImpute (oracle)",1,0,0,0.789851924976165,NA
36,"SoftImpute (oracle)",1,1,1,0.51318322464601,NA
36,"SoftImpute (oracle)",1,2,2,0.378529526997267,NA
36,"SoftImpute (oracle)",1,3,3,0.173546721816887,NA
36,"SoftImpute (oracle)",1,4,4,0.213454723198415,NA
36,"SoftImpute (oracle)",1,5,5,0.246161051340322,NA
36,"SoftImpute (oracle)",1,6,6,0.274624588183761,NA
36,"SoftImpute (oracle)",1,7,7,0.300243113089185,NA
36,"SoftImpute (oracle)",1,8,8,0.323370228819058,NA
36,"SoftImpute (oracle)",1,9,9,0.344791446654691,NA
36,"SoftImpute (oracle)",1,10,10,0.364818180662283,NA
36,"SoftImpute (oracle)",1,11,11,0.383728315372215,NA
36,"SoftImpute (oracle)",1,12,12,0.401301416909939,NA
36,"SoftImpute (oracle)",1,13,13,0.418091781515169,NA
36,"SoftImpute (oracle)",1,14,14,0.433994017843121,NA
36,"SoftImpute (oracle)",1,15,15,0.44903434859163,NA
36,"SoftImpute (oracle)",1,16,16,0.463574150260041,NA
36,"SoftImpute (oracle)",1,17,17,0.477521878172855,NA
36,"SoftImpute (oracle)",1,18,18,0.491035414549298,NA
36,"SoftImpute (oracle)",1,19,19,0.504136769050098,NA
36,"SoftImpute (oracle)",1,20,20,0.51681213460998,NA
36,"SoftImpute (oracle)",1,21,21,0.52908566478735,NA
36,"SoftImpute (oracle)",1,22,22,0.540967246921404,NA
36,"SoftImpute (oracle)",1,23,23,0.552488450063752,NA
36,"SoftImpute (oracle)",1,24,24,0.563622676539628,NA
36,"SoftImpute (oracle)",1,25,25,0.574512488908107,NA
36,"SoftImpute (oracle)",1,26,26,0.585049182839288,NA
36,"SoftImpute (oracle)",1,27,27,0.595270416961364,NA
36,"SoftImpute (oracle)",1,28,28,0.605248814892861,NA
36,"SoftImpute (oracle)",1,29,29,0.614972625488469,NA
36,"SoftImpute (oracle)",1,30,30,0.624499331414478,NA
37,"PCA (oracle)",NA,0,0,0.778698242769481,NA
37,"PCA (oracle)",NA,1,1,0.479842306052541,NA
37,"PCA (oracle)",NA,2,2,0.345699239214299,NA
37,"PCA (oracle)",NA,3,3,0.177233016103092,NA
37,"PCA (oracle)",NA,4,4,0.217847152336261,NA
37,"PCA (oracle)",NA,5,5,0.250891180844846,NA
37,"PCA (oracle)",NA,6,6,0.279999158846613,NA
37,"PCA (oracle)",NA,7,7,0.306061228855029,NA
37,"PCA (oracle)",NA,8,8,0.329882303081837,NA
37,"PCA (oracle)",NA,9,9,0.351721930248453,NA
37,"PCA (oracle)",NA,10,10,0.371995822831192,NA
37,"PCA (oracle)",NA,11,11,0.390911263093159,NA
37,"PCA (oracle)",NA,12,12,0.408763009117258,NA
37,"PCA (oracle)",NA,13,13,0.425747035785006,NA
37,"PCA (oracle)",NA,14,14,0.441969899338001,NA
37,"PCA (oracle)",NA,15,15,0.45741456923065,NA
37,"PCA (oracle)",NA,16,16,0.472112764352463,NA
37,"PCA (oracle)",NA,17,17,0.486250425078229,NA
37,"PCA (oracle)",NA,18,18,0.499932850143075,NA
37,"PCA (oracle)",NA,19,19,0.513216243150331,NA
37,"PCA (oracle)",NA,20,20,0.526058620007441,NA
37,"PCA (oracle)",NA,21,21,0.538473021447373,NA
37,"PCA (oracle)",NA,22,22,0.550486390669536,NA
37,"PCA (oracle)",NA,23,23,0.562090787586503,NA
37,"PCA (oracle)",NA,24,24,0.57335056635611,NA
37,"PCA (oracle)",NA,25,25,0.584339126342803,NA
37,"PCA (oracle)",NA,26,26,0.595065176375465,NA
37,"PCA (oracle)",NA,27,27,0.605498889844462,NA
37,"PCA (oracle)",NA,28,28,0.615729381965059,NA
37,"PCA (oracle)",NA,29,29,0.625648537795776,NA
37,"PCA (oracle)",NA,30,30,0.635311920777788,NA
37,"ICA (oracle)",NA,0,0,0.778698242769481,NA
37,"ICA (oracle)",NA,1,1,0.479842306052541,TRUE
37,"ICA (oracle)",NA,2,2,0.345699239214299,TRUE
37,"ICA (oracle)",NA,3,3,0.177233016103092,TRUE
37,"ICA (oracle)",NA,4,4,0.217847152336261,TRUE
37,"ICA (oracle)",NA,5,5,0.250891180844846,TRUE
37,"ICA (oracle)",NA,6,6,0.279999158846613,FALSE
37,"ICA (oracle)",NA,7,7,0.306061228855029,FALSE
37,"ICA (oracle)",NA,8,8,0.329882303081837,FALSE
37,"ICA (oracle)",NA,9,9,0.351721930248452,FALSE
37,"ICA (oracle)",NA,10,10,0.371995822831192,FALSE
37,"ICA (oracle)",NA,11,11,0.390911263093158,FALSE
37,"ICA (oracle)",NA,12,12,0.408763009117259,FALSE
37,"ICA (oracle)",NA,13,13,0.425747035785006,FALSE
37,"ICA (oracle)",NA,14,14,0.441969899338001,FALSE
37,"ICA (oracle)",NA,15,15,0.45741456923065,FALSE
37,"ICA (oracle)",NA,16,16,0.472112764352463,FALSE
37,"ICA (oracle)",NA,17,17,0.486250425078229,FALSE
37,"ICA (oracle)",NA,18,18,0.499932850143075,FALSE
37,"ICA (oracle)",NA,19,19,0.513216243150331,FALSE
37,"ICA (oracle)",NA,20,20,0.526058620007441,FALSE
37,"ICA (oracle)",NA,21,21,0.538473021447373,FALSE
37,"ICA (oracle)",NA,22,22,0.550486390669536,FALSE
37,"ICA (oracle)",NA,23,23,0.562090787586503,FALSE
37,"ICA (oracle)",NA,24,24,0.57335056635611,FALSE
37,"ICA (oracle)",NA,25,25,0.584339126342803,FALSE
37,"ICA (oracle)",NA,26,26,0.595065176375465,FALSE
37,"ICA (oracle)",NA,27,27,0.605498889844461,FALSE
37,"ICA (oracle)",NA,28,28,0.615729381965058,FALSE
37,"ICA (oracle)",NA,29,29,0.625648537795776,FALSE
37,"ICA (oracle)",NA,30,30,0.635311920777788,FALSE
37,"SoftImpute (oracle)",1,0,0,0.778698242769481,NA
37,"SoftImpute (oracle)",1,1,1,0.479769633851985,NA
37,"SoftImpute (oracle)",1,2,2,0.345435984508525,NA
37,"SoftImpute (oracle)",1,3,3,0.176328025386187,NA
37,"SoftImpute (oracle)",1,4,4,0.215814543375201,NA
37,"SoftImpute (oracle)",1,5,5,0.248018830862856,NA
37,"SoftImpute (oracle)",1,6,6,0.276433627689761,NA
37,"SoftImpute (oracle)",1,7,7,0.301896995456335,NA
37,"SoftImpute (oracle)",1,8,8,0.325184901658,NA
37,"SoftImpute (oracle)",1,9,9,0.34654085715545,NA
37,"SoftImpute (oracle)",1,10,10,0.366369253566022,NA
37,"SoftImpute (oracle)",1,11,11,0.384870010340378,NA
37,"SoftImpute (oracle)",1,12,12,0.402332168504209,NA
37,"SoftImpute (oracle)",1,13,13,0.418947607435384,NA
37,"SoftImpute (oracle)",1,14,14,0.434819905824766,NA
37,"SoftImpute (oracle)",1,15,15,0.449929956514727,NA
37,"SoftImpute (oracle)",1,16,16,0.464307666377884,NA
37,"SoftImpute (oracle)",1,17,17,0.478137075300424,NA
37,"SoftImpute (oracle)",1,18,18,0.491522078555885,NA
37,"SoftImpute (oracle)",1,19,19,0.504517793357157,NA
37,"SoftImpute (oracle)",1,20,20,0.517081526990644,NA
37,"SoftImpute (oracle)",1,21,21,0.529225582664978,NA
37,"SoftImpute (oracle)",1,22,22,0.540976228530208,NA
37,"SoftImpute (oracle)",1,23,23,0.552325010768063,NA
37,"SoftImpute (oracle)",1,24,24,0.563335665150382,NA
37,"SoftImpute (oracle)",1,25,25,0.574081010664841,NA
37,"SoftImpute (oracle)",1,26,26,0.584569377920536,NA
37,"SoftImpute (oracle)",1,27,27,0.594770689020739,NA
37,"SoftImpute (oracle)",1,28,28,0.604773563755264,NA
37,"SoftImpute (oracle)",1,29,29,0.614469877255233,NA
37,"SoftImpute (oracle)",1,30,30,0.623914826840133,NA
38,"PCA (oracle)",NA,0,0,0.822034326543975,NA
38,"PCA (oracle)",NA,1,1,0.504122175563373,NA
38,"PCA (oracle)",NA,2,2,0.356318685492135,NA
38,"PCA (oracle)",NA,3,3,0.177931669788828,NA
38,"PCA (oracle)",NA,4,4,0.218495043980732,NA
38,"PCA (oracle)",NA,5,5,0.251632326381431,NA
38,"PCA (oracle)",NA,6,6,0.280184722352987,NA
38,"PCA (oracle)",NA,7,7,0.305945778476509,NA
38,"PCA (oracle)",NA,8,8,0.329344354146207,NA
38,"PCA (oracle)",NA,9,9,0.351084311851225,NA
38,"PCA (oracle)",NA,10,10,0.371516310890316,NA
38,"PCA (oracle)",NA,11,11,0.390491484141773,NA
38,"PCA (oracle)",NA,12,12,0.408535902259103,NA
38,"PCA (oracle)",NA,13,13,0.425646524486938,NA
38,"PCA (oracle)",NA,14,14,0.44199651208995,NA
38,"PCA (oracle)",NA,15,15,0.45765157877881,NA
38,"PCA (oracle)",NA,16,16,0.472702759551564,NA
38,"PCA (oracle)",NA,17,17,0.486945556262218,NA
38,"PCA (oracle)",NA,18,18,0.500665388342891,NA
38,"PCA (oracle)",NA,19,19,0.513949122806577,NA
38,"PCA (oracle)",NA,20,20,0.526768252571215,NA
38,"PCA (oracle)",NA,21,21,0.53920737660137,NA
38,"PCA (oracle)",NA,22,22,0.55123603344645,NA
38,"PCA (oracle)",NA,23,23,0.562859254991224,NA
38,"PCA (oracle)",NA,24,24,0.574134196709654,NA
38,"PCA (oracle)",NA,25,25,0.585145063268251,NA
38,"PCA (oracle)",NA,26,26,0.59586996884727,NA
38,"PCA (oracle)",NA,27,27,0.606283355258884,NA
38,"PCA (oracle)",NA,28,28,0.616413984343435,NA
38,"PCA (oracle)",NA,29,29,0.626347695240335,NA
38,"PCA (oracle)",NA,30,30,0.636063392511155,NA
38,"ICA (oracle)",NA,0,0,0.822034326543975,NA
38,"ICA (oracle)",NA,1,1,0.504122175563373,TRUE
38,"ICA (oracle)",NA,2,2,0.356318685492135,TRUE
38,"ICA (oracle)",NA,3,3,0.177931669788828,TRUE
38,"ICA (oracle)",NA,4,4,0.218495043980732,TRUE
38,"ICA (oracle)",NA,5,5,0.251632326381431,FALSE
38,"ICA (oracle)",NA,6,6,0.280184722352987,TRUE
38,"ICA (oracle)",NA,7,7,0.305945778476509,FALSE
38,"ICA (oracle)",NA,8,8,0.329344354146207,FALSE
38,"ICA (oracle)",NA,9,9,0.351084311851225,FALSE
38,"ICA (oracle)",NA,10,10,0.371516310890316,FALSE
38,"ICA (oracle)",NA,11,11,0.390491484141773,FALSE
38,"ICA (oracle)",NA,12,12,0.408535902259103,FALSE
38,"ICA (oracle)",NA,13,13,0.425646524486938,FALSE
38,"ICA (oracle)",NA,14,14,0.44199651208995,FALSE
38,"ICA (oracle)",NA,15,15,0.457651578778811,FALSE
38,"ICA (oracle)",NA,16,16,0.472702759551564,FALSE
38,"ICA (oracle)",NA,17,17,0.486945556262218,FALSE
38,"ICA (oracle)",NA,18,18,0.500665388342891,FALSE
38,"ICA (oracle)",NA,19,19,0.513949122806577,FALSE
38,"ICA (oracle)",NA,20,20,0.526768252571215,FALSE
38,"ICA (oracle)",NA,21,21,0.53920737660137,FALSE
38,"ICA (oracle)",NA,22,22,0.55123603344645,FALSE
38,"ICA (oracle)",NA,23,23,0.562859254991223,FALSE
38,"ICA (oracle)",NA,24,24,0.574134196709655,FALSE
38,"ICA (oracle)",NA,25,25,0.585145063268252,FALSE
38,"ICA (oracle)",NA,26,26,0.59586996884727,FALSE
38,"ICA (oracle)",NA,27,27,0.606283355258884,FALSE
38,"ICA (oracle)",NA,28,28,0.616413984343434,FALSE
38,"ICA (oracle)",NA,29,29,0.626347695240336,FALSE
38,"ICA (oracle)",NA,30,30,0.636063392511155,FALSE
38,"SoftImpute (oracle)",1,0,0,0.822034326543975,NA
38,"SoftImpute (oracle)",1,1,1,0.504086214160479,NA
38,"SoftImpute (oracle)",1,2,2,0.356115074132841,NA
38,"SoftImpute (oracle)",1,3,3,0.177164154710773,NA
38,"SoftImpute (oracle)",1,4,4,0.216576632270732,NA
38,"SoftImpute (oracle)",1,5,5,0.248859381587209,NA
38,"SoftImpute (oracle)",1,6,6,0.27671205102393,NA
38,"SoftImpute (oracle)",1,7,7,0.301868125039264,NA
38,"SoftImpute (oracle)",1,8,8,0.324729115310047,NA
38,"SoftImpute (oracle)",1,9,9,0.345980587918178,NA
38,"SoftImpute (oracle)",1,10,10,0.365962214569438,NA
38,"SoftImpute (oracle)",1,11,11,0.384518937825003,NA
38,"SoftImpute (oracle)",1,12,12,0.402170121259348,NA
38,"SoftImpute (oracle)",1,13,13,0.418909172835518,NA
38,"SoftImpute (oracle)",1,14,14,0.434905961176372,NA
38,"SoftImpute (oracle)",1,15,15,0.450223843550313,NA
38,"SoftImpute (oracle)",1,16,16,0.464951862842327,NA
38,"SoftImpute (oracle)",1,17,17,0.478884611095034,NA
38,"SoftImpute (oracle)",1,18,18,0.49230554833963,NA
38,"SoftImpute (oracle)",1,19,19,0.505300339835901,NA
38,"SoftImpute (oracle)",1,20,20,0.517839720766229,NA
38,"SoftImpute (oracle)",1,21,21,0.530007365566047,NA
38,"SoftImpute (oracle)",1,22,22,0.541772271474246,NA
38,"SoftImpute (oracle)",1,23,23,0.553138917733452,NA
38,"SoftImpute (oracle)",1,24,24,0.564163847508349,NA
38,"SoftImpute (oracle)",1,25,25,0.574930648351277,NA
38,"SoftImpute (oracle)",1,26,26,0.585417125305198,NA
38,"SoftImpute (oracle)",1,27,27,0.595597454444352,NA
38,"SoftImpute (oracle)",1,28,28,0.605500034875867,NA
38,"SoftImpute (oracle)",1,29,29,0.615210234301376,NA
38,"SoftImpute (oracle)",1,30,30,0.624706774680543,NA
39,"PCA (oracle)",NA,0,0,0.832303918236432,NA
39,"PCA (oracle)",NA,1,1,0.526085989914904,NA
39,"PCA (oracle)",NA,2,2,0.374734896747715,NA
39,"PCA (oracle)",NA,3,3,0.17529864935295,NA
39,"PCA (oracle)",NA,4,4,0.216133377113569,NA
39,"PCA (oracle)",NA,5,5,0.250117969188772,NA
39,"PCA (oracle)",NA,6,6,0.279329548321683,NA
39,"PCA (oracle)",NA,7,7,0.305318777098426,NA
39,"PCA (oracle)",NA,8,8,0.328843905032736,NA
39,"PCA (oracle)",NA,9,9,0.350661791488307,NA
39,"PCA (oracle)",NA,10,10,0.371054300568949,NA
39,"PCA (oracle)",NA,11,11,0.390178166010456,NA
39,"PCA (oracle)",NA,12,12,0.408172179261148,NA
39,"PCA (oracle)",NA,13,13,0.425386694447531,NA
39,"PCA (oracle)",NA,14,14,0.441724333941723,NA
39,"PCA (oracle)",NA,15,15,0.457239818839715,NA
39,"PCA (oracle)",NA,16,16,0.472180043644474,NA
39,"PCA (oracle)",NA,17,17,0.486537925066494,NA
39,"PCA (oracle)",NA,18,18,0.500297990098012,NA
39,"PCA (oracle)",NA,19,19,0.513556413444323,NA
39,"PCA (oracle)",NA,20,20,0.526213404462813,NA
39,"PCA (oracle)",NA,21,21,0.538471911388475,NA
39,"PCA (oracle)",NA,22,22,0.550480387838596,NA
39,"PCA (oracle)",NA,23,23,0.562123451256916,NA
39,"PCA (oracle)",NA,24,24,0.573479159587002,NA
39,"PCA (oracle)",NA,25,25,0.584575863807543,NA
39,"PCA (oracle)",NA,26,26,0.595341724640528,NA
39,"PCA (oracle)",NA,27,27,0.605806811017761,NA
39,"PCA (oracle)",NA,28,28,0.61600501089113,NA
39,"PCA (oracle)",NA,29,29,0.62595145195431,NA
39,"PCA (oracle)",NA,30,30,0.63563411089165,NA
39,"ICA (oracle)",NA,0,0,0.832303918236432,NA
39,"ICA (oracle)",NA,1,1,0.526085989914904,TRUE
39,"ICA (oracle)",NA,2,2,0.374734896747715,TRUE
39,"ICA (oracle)",NA,3,3,0.17529864935295,TRUE
39,"ICA (oracle)",NA,4,4,0.216133377113569,TRUE
39,"ICA (oracle)",NA,5,5,0.250117969188772,TRUE
39,"ICA (oracle)",NA,6,6,0.279329548321683,FALSE
39,"ICA (oracle)",NA,7,7,0.305318777098425,FALSE
39,"ICA (oracle)",NA,8,8,0.328843905032736,FALSE
39,"ICA (oracle)",NA,9,9,0.350661791488307,FALSE
39,"ICA (oracle)",NA,10,10,0.371054300568949,FALSE
39,"ICA (oracle)",NA,11,11,0.390178166010457,FALSE
39,"ICA (oracle)",NA,12,12,0.408172179261148,FALSE
39,"ICA (oracle)",NA,13,13,0.425386694447531,FALSE
39,"ICA (oracle)",NA,14,14,0.441724333941723,FALSE
39,"ICA (oracle)",NA,15,15,0.457239818839715,FALSE
39,"ICA (oracle)",NA,16,16,0.472180043644474,FALSE
39,"ICA (oracle)",NA,17,17,0.486537925066494,FALSE
39,"ICA (oracle)",NA,18,18,0.500297990098012,FALSE
39,"ICA (oracle)",NA,19,19,0.513556413444322,FALSE
39,"ICA (oracle)",NA,20,20,0.526213404462812,FALSE
39,"ICA (oracle)",NA,21,21,0.538471911388475,FALSE
39,"ICA (oracle)",NA,22,22,0.550480387838595,FALSE
39,"ICA (oracle)",NA,23,23,0.562123451256916,FALSE
39,"ICA (oracle)",NA,24,24,0.573479159587002,FALSE
39,"ICA (oracle)",NA,25,25,0.584575863807543,FALSE
39,"ICA (oracle)",NA,26,26,0.595341724640528,FALSE
39,"ICA (oracle)",NA,27,27,0.605806811017761,FALSE
39,"ICA (oracle)",NA,28,28,0.61600501089113,FALSE
39,"ICA (oracle)",NA,29,29,0.625951451954309,FALSE
39,"ICA (oracle)",NA,30,30,0.63563411089165,FALSE
39,"SoftImpute (oracle)",1,0,0,0.832303918236432,NA
39,"SoftImpute (oracle)",1,1,1,0.526012977834265,NA
39,"SoftImpute (oracle)",1,2,2,0.374477378048594,NA
39,"SoftImpute (oracle)",1,3,3,0.174428201149466,NA
39,"SoftImpute (oracle)",1,4,4,0.214123363243503,NA
39,"SoftImpute (oracle)",1,5,5,0.247257419190516,NA
39,"SoftImpute (oracle)",1,6,6,0.275773573647644,NA
39,"SoftImpute (oracle)",1,7,7,0.301163341902125,NA
39,"SoftImpute (oracle)",1,8,8,0.324155640715496,NA
39,"SoftImpute (oracle)",1,9,9,0.345489120607487,NA
39,"SoftImpute (oracle)",1,10,10,0.365435072150509,NA
39,"SoftImpute (oracle)",1,11,11,0.384143087778503,NA
39,"SoftImpute (oracle)",1,12,12,0.401746717395575,NA
39,"SoftImpute (oracle)",1,13,13,0.418591717216133,NA
39,"SoftImpute (oracle)",1,14,14,0.43457828370043,NA
39,"SoftImpute (oracle)",1,15,15,0.449758807774169,NA
39,"SoftImpute (oracle)",1,16,16,0.464377799088613,NA
39,"SoftImpute (oracle)",1,17,17,0.478426802918962,NA
39,"SoftImpute (oracle)",1,18,18,0.49188921531733,NA
39,"SoftImpute (oracle)",1,19,19,0.504859991525231,NA
39,"SoftImpute (oracle)",1,20,20,0.517238756325819,NA
39,"SoftImpute (oracle)",1,21,21,0.5292272405375,NA
39,"SoftImpute (oracle)",1,22,22,0.540972944711796,NA
39,"SoftImpute (oracle)",1,23,23,0.552360246208323,NA
39,"SoftImpute (oracle)",1,24,24,0.563466559607609,NA
39,"SoftImpute (oracle)",1,25,25,0.574319766600727,NA
39,"SoftImpute (oracle)",1,26,26,0.584847828593682,NA
39,"SoftImpute (oracle)",1,27,27,0.595080419170215,NA
39,"SoftImpute (oracle)",1,28,28,0.605051056894247,NA
39,"SoftImpute (oracle)",1,29,29,0.614774573289585,NA
39,"SoftImpute (oracle)",1,30,30,0.624238737128722,NA
40,"PCA (oracle)",NA,0,0,0.79437807737649,NA
40,"PCA (oracle)",NA,1,1,0.506880639463337,NA
40,"PCA (oracle)",NA,2,2,0.348514357660151,NA
40,"PCA (oracle)",NA,3,3,0.176599301780774,NA
40,"PCA (oracle)",NA,4,4,0.217680622026141,NA
40,"PCA (oracle)",NA,5,5,0.251128525619402,NA
40,"PCA (oracle)",NA,6,6,0.280050697657899,NA
40,"PCA (oracle)",NA,7,7,0.305979038065637,NA
40,"PCA (oracle)",NA,8,8,0.329609187243206,NA
40,"PCA (oracle)",NA,9,9,0.351450642484382,NA
40,"PCA (oracle)",NA,10,10,0.371593840789892,NA
40,"PCA (oracle)",NA,11,11,0.390737339073525,NA
40,"PCA (oracle)",NA,12,12,0.408859381177063,NA
40,"PCA (oracle)",NA,13,13,0.42593889028263,NA
40,"PCA (oracle)",NA,14,14,0.442238445214909,NA
40,"PCA (oracle)",NA,15,15,0.457757546083383,NA
40,"PCA (oracle)",NA,16,16,0.472648721249452,NA
40,"PCA (oracle)",NA,17,17,0.486990049642685,NA
40,"PCA (oracle)",NA,18,18,0.500818744920578,NA
40,"PCA (oracle)",NA,19,19,0.514110663863688,NA
40,"PCA (oracle)",NA,20,20,0.527034281449356,NA
40,"PCA (oracle)",NA,21,21,0.539462146627648,NA
40,"PCA (oracle)",NA,22,22,0.551569869289281,NA
40,"PCA (oracle)",NA,23,23,0.563311885534071,NA
40,"PCA (oracle)",NA,24,24,0.57469125346973,NA
40,"PCA (oracle)",NA,25,25,0.585729410612409,NA
40,"PCA (oracle)",NA,26,26,0.596470711803452,NA
40,"PCA (oracle)",NA,27,27,0.607009501613114,NA
40,"PCA (oracle)",NA,28,28,0.617215344239437,NA
40,"PCA (oracle)",NA,29,29,0.62725050606072,NA
40,"PCA (oracle)",NA,30,30,0.637079561496616,NA
40,"ICA (oracle)",NA,0,0,0.79437807737649,NA
40,"ICA (oracle)",NA,1,1,0.506880639463337,TRUE
40,"ICA (oracle)",NA,2,2,0.348514357660151,TRUE
40,"ICA (oracle)",NA,3,3,0.176599301780774,TRUE
40,"ICA (oracle)",NA,4,4,0.217680622026141,TRUE
40,"ICA (oracle)",NA,5,5,0.251128525619403,TRUE
40,"ICA (oracle)",NA,6,6,0.280050697657899,TRUE
40,"ICA (oracle)",NA,7,7,0.305979038065637,FALSE
40,"ICA (oracle)",NA,8,8,0.329609187243206,FALSE
40,"ICA (oracle)",NA,9,9,0.351450642484381,FALSE
40,"ICA (oracle)",NA,10,10,0.371593840789892,FALSE
40,"ICA (oracle)",NA,11,11,0.390737339073525,FALSE
40,"ICA (oracle)",NA,12,12,0.408859381177063,FALSE
40,"ICA (oracle)",NA,13,13,0.42593889028263,FALSE
40,"ICA (oracle)",NA,14,14,0.442238445214909,FALSE
40,"ICA (oracle)",NA,15,15,0.457757546083383,FALSE
40,"ICA (oracle)",NA,16,16,0.472648721249452,FALSE
40,"ICA (oracle)",NA,17,17,0.486990049642685,FALSE
40,"ICA (oracle)",NA,18,18,0.500818744920578,FALSE
40,"ICA (oracle)",NA,19,19,0.514110663863688,FALSE
40,"ICA (oracle)",NA,20,20,0.527034281449356,FALSE
40,"ICA (oracle)",NA,21,21,0.539462146627648,FALSE
40,"ICA (oracle)",NA,22,22,0.551569869289281,FALSE
40,"ICA (oracle)",NA,23,23,0.563311885534071,FALSE
40,"ICA (oracle)",NA,24,24,0.57469125346973,FALSE
40,"ICA (oracle)",NA,25,25,0.585729410612409,FALSE
40,"ICA (oracle)",NA,26,26,0.596470711803452,FALSE
40,"ICA (oracle)",NA,27,27,0.607009501613113,FALSE
40,"ICA (oracle)",NA,28,28,0.617215344239437,FALSE
40,"ICA (oracle)",NA,29,29,0.62725050606072,FALSE
40,"ICA (oracle)",NA,30,30,0.637079561496616,FALSE
40,"SoftImpute (oracle)",1,0,0,0.79437807737649,NA
40,"SoftImpute (oracle)",1,1,1,0.506797243155103,NA
40,"SoftImpute (oracle)",1,2,2,0.348250403090428,NA
40,"SoftImpute (oracle)",1,3,3,0.175760358293284,NA
40,"SoftImpute (oracle)",1,4,4,0.215696723648311,NA
40,"SoftImpute (oracle)",1,5,5,0.248295685757548,NA
40,"SoftImpute (oracle)",1,6,6,0.276521783308811,NA
40,"SoftImpute (oracle)",1,7,7,0.30184898174522,NA
40,"SoftImpute (oracle)",1,8,8,0.324944270632444,NA
40,"SoftImpute (oracle)",1,9,9,0.346299978242507,NA
40,"SoftImpute (oracle)",1,10,10,0.365996435127168,NA
40,"SoftImpute (oracle)",1,11,11,0.384723046784445,NA
40,"SoftImpute (oracle)",1,12,12,0.402453489669876,NA
40,"SoftImpute (oracle)",1,13,13,0.419163158294081,NA
40,"SoftImpute (oracle)",1,14,14,0.435111092585207,NA
40,"SoftImpute (oracle)",1,15,15,0.450294639536639,NA
40,"SoftImpute (oracle)",1,16,16,0.46486417844162,NA
40,"SoftImpute (oracle)",1,17,17,0.478896185353873,NA
40,"SoftImpute (oracle)",1,18,18,0.49242661965095,NA
40,"SoftImpute (oracle)",1,19,19,0.505430415572096,NA
40,"SoftImpute (oracle)",1,20,20,0.518074809917665,NA
40,"SoftImpute (oracle)",1,21,21,0.530231947329309,NA
40,"SoftImpute (oracle)",1,22,22,0.542076404959554,NA
40,"SoftImpute (oracle)",1,23,23,0.553562196825845,NA
40,"SoftImpute (oracle)",1,24,24,0.564691904087293,NA
40,"SoftImpute (oracle)",1,25,25,0.575486499942497,NA
40,"SoftImpute (oracle)",1,26,26,0.585989869675619,NA
40,"SoftImpute (oracle)",1,27,27,0.596295816852311,NA
40,"SoftImpute (oracle)",1,28,28,0.60627391697153,NA
40,"SoftImpute (oracle)",1,29,29,0.616085797810888,NA
40,"SoftImpute (oracle)",1,30,30,0.625695883880598,NA
41,"PCA (oracle)",NA,0,0,0.770443169909663,NA
41,"PCA (oracle)",NA,1,1,0.493453187445712,NA
41,"PCA (oracle)",NA,2,2,0.338538360004028,NA
41,"PCA (oracle)",NA,3,3,0.177335508407504,NA
41,"PCA (oracle)",NA,4,4,0.218537385094367,NA
41,"PCA (oracle)",NA,5,5,0.252361659299903,NA
41,"PCA (oracle)",NA,6,6,0.281962303041939,NA
41,"PCA (oracle)",NA,7,7,0.308270750217298,NA
41,"PCA (oracle)",NA,8,8,0.331719525815988,NA
41,"PCA (oracle)",NA,9,9,0.353352899096425,NA
41,"PCA (oracle)",NA,10,10,0.373507513578292,NA
41,"PCA (oracle)",NA,11,11,0.392481902490933,NA
41,"PCA (oracle)",NA,12,12,0.410378317910812,NA
41,"PCA (oracle)",NA,13,13,0.427270867689012,NA
41,"PCA (oracle)",NA,14,14,0.443458754739266,NA
41,"PCA (oracle)",NA,15,15,0.458912613887592,NA
41,"PCA (oracle)",NA,16,16,0.473769406605379,NA
41,"PCA (oracle)",NA,17,17,0.487970359515667,NA
41,"PCA (oracle)",NA,18,18,0.501638940075053,NA
41,"PCA (oracle)",NA,19,19,0.514820036761291,NA
41,"PCA (oracle)",NA,20,20,0.527590034294323,NA
41,"PCA (oracle)",NA,21,21,0.540005068483986,NA
41,"PCA (oracle)",NA,22,22,0.551937666218813,NA
41,"PCA (oracle)",NA,23,23,0.563579505501546,NA
41,"PCA (oracle)",NA,24,24,0.574925393778743,NA
41,"PCA (oracle)",NA,25,25,0.585997283407809,NA
41,"PCA (oracle)",NA,26,26,0.596747153305552,NA
41,"PCA (oracle)",NA,27,27,0.607226484088471,NA
41,"PCA (oracle)",NA,28,28,0.617481898265755,NA
41,"PCA (oracle)",NA,29,29,0.627451156788358,NA
41,"PCA (oracle)",NA,30,30,0.637228891044312,NA
41,"ICA (oracle)",NA,0,0,0.770443169909663,NA
41,"ICA (oracle)",NA,1,1,0.493453187445712,TRUE
41,"ICA (oracle)",NA,2,2,0.338538360004028,TRUE
41,"ICA (oracle)",NA,3,3,0.177335508407504,TRUE
41,"ICA (oracle)",NA,4,4,0.218537385094367,TRUE
41,"ICA (oracle)",NA,5,5,0.252361659299903,TRUE
41,"ICA (oracle)",NA,6,6,0.281962303041939,TRUE
41,"ICA (oracle)",NA,7,7,0.308270750217299,FALSE
41,"ICA (oracle)",NA,8,8,0.331719525815988,FALSE
41,"ICA (oracle)",NA,9,9,0.353352899096426,FALSE
41,"ICA (oracle)",NA,10,10,0.373507513578292,FALSE
41,"ICA (oracle)",NA,11,11,0.392481902490934,FALSE
41,"ICA (oracle)",NA,12,12,0.410378317910812,FALSE
41,"ICA (oracle)",NA,13,13,0.427270867689012,FALSE
41,"ICA (oracle)",NA,14,14,0.443458754739266,FALSE
41,"ICA (oracle)",NA,15,15,0.458912613887593,FALSE
41,"ICA (oracle)",NA,16,16,0.473769406605379,FALSE
41,"ICA (oracle)",NA,17,17,0.487970359515667,FALSE
41,"ICA (oracle)",NA,18,18,0.501638940075053,FALSE
41,"ICA (oracle)",NA,19,19,0.514820036761291,FALSE
41,"ICA (oracle)",NA,20,20,0.527590034294323,FALSE
41,"ICA (oracle)",NA,21,21,0.540005068483986,FALSE
41,"ICA (oracle)",NA,22,22,0.551937666218813,FALSE
41,"ICA (oracle)",NA,23,23,0.563579505501546,FALSE
41,"ICA (oracle)",NA,24,24,0.574925393778743,FALSE
41,"ICA (oracle)",NA,25,25,0.585997283407809,FALSE
41,"ICA (oracle)",NA,26,26,0.596747153305552,FALSE
41,"ICA (oracle)",NA,27,27,0.607226484088471,FALSE
41,"ICA (oracle)",NA,28,28,0.617481898265755,FALSE
41,"ICA (oracle)",NA,29,29,0.627451156788358,FALSE
41,"ICA (oracle)",NA,30,30,0.637228891044312,FALSE
41,"SoftImpute (oracle)",1,0,0,0.770443169909663,NA
41,"SoftImpute (oracle)",1,1,1,0.493392829241441,NA
41,"SoftImpute (oracle)",1,2,2,0.338294340575667,NA
41,"SoftImpute (oracle)",1,3,3,0.176561879066989,NA
41,"SoftImpute (oracle)",1,4,4,0.216607136578598,NA
41,"SoftImpute (oracle)",1,5,5,0.249573760666881,NA
41,"SoftImpute (oracle)",1,6,6,0.278470763025095,NA
41,"SoftImpute (oracle)",1,7,7,0.304173963039324,NA
41,"SoftImpute (oracle)",1,8,8,0.327087049511349,NA
41,"SoftImpute (oracle)",1,9,9,0.348234017939404,NA
41,"SoftImpute (oracle)",1,10,10,0.367940532461412,NA
41,"SoftImpute (oracle)",1,11,11,0.386497432476266,NA
41,"SoftImpute (oracle)",1,12,12,0.404001880773207,NA
41,"SoftImpute (oracle)",1,13,13,0.420524163647788,NA
41,"SoftImpute (oracle)",1,14,14,0.436359825479015,NA
41,"SoftImpute (oracle)",1,15,15,0.451477469192868,NA
41,"SoftImpute (oracle)",1,16,16,0.466011946229041,NA
41,"SoftImpute (oracle)",1,17,17,0.479903235209441,NA
41,"SoftImpute (oracle)",1,18,18,0.493273294967956,NA
41,"SoftImpute (oracle)",1,19,19,0.506165916269266,NA
41,"SoftImpute (oracle)",1,20,20,0.518656468692633,NA
41,"SoftImpute (oracle)",1,21,21,0.530800243545166,NA
41,"SoftImpute (oracle)",1,22,22,0.542469471551656,NA
41,"SoftImpute (oracle)",1,23,23,0.55385481733641,NA
41,"SoftImpute (oracle)",1,24,24,0.564950643510132,NA
41,"SoftImpute (oracle)",1,25,25,0.575778442169035,NA
41,"SoftImpute (oracle)",1,26,26,0.586289940448135,NA
41,"SoftImpute (oracle)",1,27,27,0.596536168815415,NA
41,"SoftImpute (oracle)",1,28,28,0.606563348719199,NA
41,"SoftImpute (oracle)",1,29,29,0.616309124569615,NA
41,"SoftImpute (oracle)",1,30,30,0.625867666172825,NA
42,"PCA (oracle)",NA,0,0,0.798450769174567,NA
42,"PCA (oracle)",NA,1,1,0.510107951458636,NA
42,"PCA (oracle)",NA,2,2,0.354457700020005,NA
42,"PCA (oracle)",NA,3,3,0.174531086627234,NA
42,"PCA (oracle)",NA,4,4,0.215108366431422,NA
42,"PCA (oracle)",NA,5,5,0.248957143446769,NA
42,"PCA (oracle)",NA,6,6,0.278198097297727,NA
42,"PCA (oracle)",NA,7,7,0.304437299196415,NA
42,"PCA (oracle)",NA,8,8,0.328207138805998,NA
42,"PCA (oracle)",NA,9,9,0.350229507285891,NA
42,"PCA (oracle)",NA,10,10,0.370838551809024,NA
42,"PCA (oracle)",NA,11,11,0.389973075782756,NA
42,"PCA (oracle)",NA,12,12,0.408058528904629,NA
42,"PCA (oracle)",NA,13,13,0.425020497395366,NA
42,"PCA (oracle)",NA,14,14,0.441296545173808,NA
42,"PCA (oracle)",NA,15,15,0.456800331535004,NA
42,"PCA (oracle)",NA,16,16,0.471609397094613,NA
42,"PCA (oracle)",NA,17,17,0.485802094842905,NA
42,"PCA (oracle)",NA,18,18,0.499464069672559,NA
42,"PCA (oracle)",NA,19,19,0.512713323236169,NA
42,"PCA (oracle)",NA,20,20,0.525429120994907,NA
42,"PCA (oracle)",NA,21,21,0.537775785596136,NA
42,"PCA (oracle)",NA,22,22,0.549737365919932,NA
42,"PCA (oracle)",NA,23,23,0.561393405787503,NA
42,"PCA (oracle)",NA,24,24,0.572682229996488,NA
42,"PCA (oracle)",NA,25,25,0.583723521258536,NA
42,"PCA (oracle)",NA,26,26,0.594479399265752,NA
42,"PCA (oracle)",NA,27,27,0.605013595190009,NA
42,"PCA (oracle)",NA,28,28,0.615266330431247,NA
42,"PCA (oracle)",NA,29,29,0.625219605430443,NA
42,"PCA (oracle)",NA,30,30,0.635008833264767,NA
42,"ICA (oracle)",NA,0,0,0.798450769174567,NA
42,"ICA (oracle)",NA,1,1,0.510107951458636,TRUE
42,"ICA (oracle)",NA,2,2,0.354457700020005,TRUE
42,"ICA (oracle)",NA,3,3,0.174531086627234,TRUE
42,"ICA (oracle)",NA,4,4,0.215108366431422,TRUE
42,"ICA (oracle)",NA,5,5,0.248957143446769,FALSE
42,"ICA (oracle)",NA,6,6,0.278198097297727,FALSE
42,"ICA (oracle)",NA,7,7,0.304437299196415,FALSE
42,"ICA (oracle)",NA,8,8,0.328207138805998,FALSE
42,"ICA (oracle)",NA,9,9,0.35022950728589,FALSE
42,"ICA (oracle)",NA,10,10,0.370838551809024,FALSE
42,"ICA (oracle)",NA,11,11,0.389973075782757,FALSE
42,"ICA (oracle)",NA,12,12,0.408058528904629,FALSE
42,"ICA (oracle)",NA,13,13,0.425020497395366,FALSE
42,"ICA (oracle)",NA,14,14,0.441296545173807,FALSE
42,"ICA (oracle)",NA,15,15,0.456800331535004,FALSE
42,"ICA (oracle)",NA,16,16,0.471609397094613,FALSE
42,"ICA (oracle)",NA,17,17,0.485802094842905,FALSE
42,"ICA (oracle)",NA,18,18,0.499464069672559,FALSE
42,"ICA (oracle)",NA,19,19,0.512713323236169,FALSE
42,"ICA (oracle)",NA,20,20,0.525429120994907,FALSE
42,"ICA (oracle)",NA,21,21,0.537775785596136,FALSE
42,"ICA (oracle)",NA,22,22,0.549737365919932,FALSE
42,"ICA (oracle)",NA,23,23,0.561393405787503,FALSE
42,"ICA (oracle)",NA,24,24,0.572682229996488,FALSE
42,"ICA (oracle)",NA,25,25,0.583723521258536,FALSE
42,"ICA (oracle)",NA,26,26,0.594479399265752,FALSE
42,"ICA (oracle)",NA,27,27,0.605013595190009,FALSE
42,"ICA (oracle)",NA,28,28,0.615266330431247,FALSE
42,"ICA (oracle)",NA,29,29,0.625219605430443,FALSE
42,"ICA (oracle)",NA,30,30,0.635008833264767,FALSE
42,"SoftImpute (oracle)",1,0,0,0.798450769174567,NA
42,"SoftImpute (oracle)",1,1,1,0.510063059633347,NA
42,"SoftImpute (oracle)",1,2,2,0.354239210317118,NA
42,"SoftImpute (oracle)",1,3,3,0.173738333116632,NA
42,"SoftImpute (oracle)",1,4,4,0.213162360122331,NA
42,"SoftImpute (oracle)",1,5,5,0.246151865865143,NA
42,"SoftImpute (oracle)",1,6,6,0.274690778960246,NA
42,"SoftImpute (oracle)",1,7,7,0.300324754508536,NA
42,"SoftImpute (oracle)",1,8,8,0.323557415993329,NA
42,"SoftImpute (oracle)",1,9,9,0.345092078922645,NA
42,"SoftImpute (oracle)",1,10,10,0.365251826178449,NA
42,"SoftImpute (oracle)",1,11,11,0.383968846843485,NA
42,"SoftImpute (oracle)",1,12,12,0.401662260836623,NA
42,"SoftImpute (oracle)",1,13,13,0.418254250535269,NA
42,"SoftImpute (oracle)",1,14,14,0.434178298157704,NA
42,"SoftImpute (oracle)",1,15,15,0.449346174922094,NA
42,"SoftImpute (oracle)",1,16,16,0.463833463835627,NA
42,"SoftImpute (oracle)",1,17,17,0.477716886046491,NA
42,"SoftImpute (oracle)",1,18,18,0.491080692698139,NA
42,"SoftImpute (oracle)",1,19,19,0.504041615226826,NA
42,"SoftImpute (oracle)",1,20,20,0.51647839221686,NA
42,"SoftImpute (oracle)",1,21,21,0.528554232191566,NA
42,"SoftImpute (oracle)",1,22,22,0.540252613064718,NA
42,"SoftImpute (oracle)",1,23,23,0.551652356888908,NA
42,"SoftImpute (oracle)",1,24,24,0.56269146979143,NA
42,"SoftImpute (oracle)",1,25,25,0.57348894243953,NA
42,"SoftImpute (oracle)",1,26,26,0.584006621238359,NA
42,"SoftImpute (oracle)",1,27,27,0.594307766475923,NA
42,"SoftImpute (oracle)",1,28,28,0.604332445096918,NA
42,"SoftImpute (oracle)",1,29,29,0.614062434163887,NA
42,"SoftImpute (oracle)",1,30,30,0.623632595223765,NA
43,"PCA (oracle)",NA,0,0,0.7881820866216,NA
43,"PCA (oracle)",NA,1,1,0.467448890168858,NA
43,"PCA (oracle)",NA,2,2,0.325185412648975,NA
43,"PCA (oracle)",NA,3,3,0.174711121581487,NA
43,"PCA (oracle)",NA,4,4,0.215126927640026,NA
43,"PCA (oracle)",NA,5,5,0.248583616615373,NA
43,"PCA (oracle)",NA,6,6,0.277259676493532,NA
43,"PCA (oracle)",NA,7,7,0.303153825580082,NA
43,"PCA (oracle)",NA,8,8,0.326867914133093,NA
43,"PCA (oracle)",NA,9,9,0.348581730461096,NA
43,"PCA (oracle)",NA,10,10,0.368774591589401,NA
43,"PCA (oracle)",NA,11,11,0.387841451804144,NA
43,"PCA (oracle)",NA,12,12,0.405738802751787,NA
43,"PCA (oracle)",NA,13,13,0.422833108112631,NA
43,"PCA (oracle)",NA,14,14,0.439155670153362,NA
43,"PCA (oracle)",NA,15,15,0.454742717293345,NA
43,"PCA (oracle)",NA,16,16,0.469664555709225,NA
43,"PCA (oracle)",NA,17,17,0.483904892831657,NA
43,"PCA (oracle)",NA,18,18,0.497542042634072,NA
43,"PCA (oracle)",NA,19,19,0.510786836732692,NA
43,"PCA (oracle)",NA,20,20,0.523641508455081,NA
43,"PCA (oracle)",NA,21,21,0.536063114410029,NA
43,"PCA (oracle)",NA,22,22,0.548176977244196,NA
43,"PCA (oracle)",NA,23,23,0.559853495564894,NA
43,"PCA (oracle)",NA,24,24,0.571139153560075,NA
43,"PCA (oracle)",NA,25,25,0.582159017442745,NA
43,"PCA (oracle)",NA,26,26,0.592867296702619,NA
43,"PCA (oracle)",NA,27,27,0.603387385245819,NA
43,"PCA (oracle)",NA,28,28,0.613568239083554,NA
43,"PCA (oracle)",NA,29,29,0.623525770116901,NA
43,"PCA (oracle)",NA,30,30,0.633185690719073,NA
43,"ICA (oracle)",NA,0,0,0.7881820866216,NA
43,"ICA (oracle)",NA,1,1,0.467448890168858,TRUE
43,"ICA (oracle)",NA,2,2,0.325185412648975,TRUE
43,"ICA (oracle)",NA,3,3,0.174711121581487,TRUE
43,"ICA (oracle)",NA,4,4,0.215126927640026,TRUE
43,"ICA (oracle)",NA,5,5,0.248583616615373,TRUE
43,"ICA (oracle)",NA,6,6,0.277259676493532,TRUE
43,"ICA (oracle)",NA,7,7,0.303153825580082,TRUE
43,"ICA (oracle)",NA,8,8,0.326867914133093,FALSE
43,"ICA (oracle)",NA,9,9,0.348581730461096,FALSE
43,"ICA (oracle)",NA,10,10,0.368774591589401,TRUE
43,"ICA (oracle)",NA,11,11,0.387841451804143,FALSE
43,"ICA (oracle)",NA,12,12,0.405738802751787,FALSE
43,"ICA (oracle)",NA,13,13,0.422833108112631,FALSE
43,"ICA (oracle)",NA,14,14,0.439155670153362,FALSE
43,"ICA (oracle)",NA,15,15,0.454742717293345,FALSE
43,"ICA (oracle)",NA,16,16,0.469664555709225,FALSE
43,"ICA (oracle)",NA,17,17,0.483904892831656,FALSE
43,"ICA (oracle)",NA,18,18,0.497542042634072,FALSE
43,"ICA (oracle)",NA,19,19,0.510786836732692,FALSE
43,"ICA (oracle)",NA,20,20,0.523641508455081,FALSE
43,"ICA (oracle)",NA,21,21,0.536063114410029,FALSE
43,"ICA (oracle)",NA,22,22,0.548176977244196,FALSE
43,"ICA (oracle)",NA,23,23,0.559853495564894,FALSE
43,"ICA (oracle)",NA,24,24,0.571139153560075,FALSE
43,"ICA (oracle)",NA,25,25,0.582159017442744,FALSE
43,"ICA (oracle)",NA,26,26,0.592867296702619,FALSE
43,"ICA (oracle)",NA,27,27,0.603387385245819,FALSE
43,"ICA (oracle)",NA,28,28,0.613568239083554,FALSE
43,"ICA (oracle)",NA,29,29,0.623525770116901,FALSE
43,"ICA (oracle)",NA,30,30,0.633185690719073,FALSE
43,"SoftImpute (oracle)",1,0,0,0.7881820866216,NA
43,"SoftImpute (oracle)",1,1,1,0.467367631933481,NA
43,"SoftImpute (oracle)",1,2,2,0.324894444480004,NA
43,"SoftImpute (oracle)",1,3,3,0.173814808415785,NA
43,"SoftImpute (oracle)",1,4,4,0.213098235321031,NA
43,"SoftImpute (oracle)",1,5,5,0.245709269861712,NA
43,"SoftImpute (oracle)",1,6,6,0.273693244210287,NA
43,"SoftImpute (oracle)",1,7,7,0.298988374061172,NA
43,"SoftImpute (oracle)",1,8,8,0.322168908996224,NA
43,"SoftImpute (oracle)",1,9,9,0.343398884767055,NA
43,"SoftImpute (oracle)",1,10,10,0.363146008886551,NA
43,"SoftImpute (oracle)",1,11,11,0.381797289224662,NA
43,"SoftImpute (oracle)",1,12,12,0.399304622528304,NA
43,"SoftImpute (oracle)",1,13,13,0.416029812460371,NA
43,"SoftImpute (oracle)",1,14,14,0.432001390259139,NA
43,"SoftImpute (oracle)",1,15,15,0.44725334026692,NA
43,"SoftImpute (oracle)",1,16,16,0.46185405300754,NA
43,"SoftImpute (oracle)",1,17,17,0.475785855563025,NA
43,"SoftImpute (oracle)",1,18,18,0.489125687874592,NA
43,"SoftImpute (oracle)",1,19,19,0.502082889221108,NA
43,"SoftImpute (oracle)",1,20,20,0.514658882941066,NA
43,"SoftImpute (oracle)",1,21,21,0.526810123083659,NA
43,"SoftImpute (oracle)",1,22,22,0.538661036099348,NA
43,"SoftImpute (oracle)",1,23,23,0.550081781693774,NA
43,"SoftImpute (oracle)",1,24,24,0.561118267628711,NA
43,"SoftImpute (oracle)",1,25,25,0.571894860871419,NA
43,"SoftImpute (oracle)",1,26,26,0.582365515741673,NA
43,"SoftImpute (oracle)",1,27,27,0.592653024768189,NA
43,"SoftImpute (oracle)",1,28,28,0.6026063944689,NA
43,"SoftImpute (oracle)",1,29,29,0.612341011080764,NA
43,"SoftImpute (oracle)",1,30,30,0.621782521544568,NA
44,"PCA (oracle)",NA,0,0,0.810558884908251,NA
44,"PCA (oracle)",NA,1,1,0.524012848362772,NA
44,"PCA (oracle)",NA,2,2,0.378377833536491,NA
44,"PCA (oracle)",NA,3,3,0.179231775831568,NA
44,"PCA (oracle)",NA,4,4,0.218649758050507,NA
44,"PCA (oracle)",NA,5,5,0.251708260220052,NA
44,"PCA (oracle)",NA,6,6,0.280634702942033,NA
44,"PCA (oracle)",NA,7,7,0.306439735154303,NA
44,"PCA (oracle)",NA,8,8,0.329691632249088,NA
44,"PCA (oracle)",NA,9,9,0.35152868678531,NA
44,"PCA (oracle)",NA,10,10,0.371680910228355,NA
44,"PCA (oracle)",NA,11,11,0.390648871403469,NA
44,"PCA (oracle)",NA,12,12,0.408539318375549,NA
44,"PCA (oracle)",NA,13,13,0.425527726198625,NA
44,"PCA (oracle)",NA,14,14,0.441683761091425,NA
44,"PCA (oracle)",NA,15,15,0.456984721365759,NA
44,"PCA (oracle)",NA,16,16,0.471664522635647,NA
44,"PCA (oracle)",NA,17,17,0.485872632281826,NA
44,"PCA (oracle)",NA,18,18,0.499642547191551,NA
44,"PCA (oracle)",NA,19,19,0.512975582563735,NA
44,"PCA (oracle)",NA,20,20,0.525739867434588,NA
44,"PCA (oracle)",NA,21,21,0.538115258662984,NA
44,"PCA (oracle)",NA,22,22,0.550043332771922,NA
44,"PCA (oracle)",NA,23,23,0.561705050675273,NA
44,"PCA (oracle)",NA,24,24,0.573021153117402,NA
44,"PCA (oracle)",NA,25,25,0.584032945794883,NA
44,"PCA (oracle)",NA,26,26,0.594780168436168,NA
44,"PCA (oracle)",NA,27,27,0.605251620274003,NA
44,"PCA (oracle)",NA,28,28,0.615387545276533,NA
44,"PCA (oracle)",NA,29,29,0.625296820073591,NA
44,"PCA (oracle)",NA,30,30,0.635012736361742,NA
44,"ICA (oracle)",NA,0,0,0.810558884908251,NA
44,"ICA (oracle)",NA,1,1,0.524012848362772,TRUE
44,"ICA (oracle)",NA,2,2,0.378377833536491,TRUE
44,"ICA (oracle)",NA,3,3,0.179231775831568,TRUE
44,"ICA (oracle)",NA,4,4,0.218649758050507,TRUE
44,"ICA (oracle)",NA,5,5,0.251708260220052,TRUE
44,"ICA (oracle)",NA,6,6,0.280634702942033,TRUE
44,"ICA (oracle)",NA,7,7,0.306439735154303,TRUE
44,"ICA (oracle)",NA,8,8,0.329691632249087,TRUE
44,"ICA (oracle)",NA,9,9,0.35152868678531,FALSE
44,"ICA (oracle)",NA,10,10,0.371680910228355,FALSE
44,"ICA (oracle)",NA,11,11,0.390648871403469,FALSE
44,"ICA (oracle)",NA,12,12,0.408539318375549,FALSE
44,"ICA (oracle)",NA,13,13,0.425527726198625,TRUE
44,"ICA (oracle)",NA,14,14,0.441683761091425,FALSE
44,"ICA (oracle)",NA,15,15,0.456984721365759,FALSE
44,"ICA (oracle)",NA,16,16,0.471664522635647,FALSE
44,"ICA (oracle)",NA,17,17,0.485872632281826,FALSE
44,"ICA (oracle)",NA,18,18,0.499642547191551,FALSE
44,"ICA (oracle)",NA,19,19,0.512975582563735,FALSE
44,"ICA (oracle)",NA,20,20,0.525739867434588,FALSE
44,"ICA (oracle)",NA,21,21,0.538115258662984,FALSE
44,"ICA (oracle)",NA,22,22,0.550043332771923,FALSE
44,"ICA (oracle)",NA,23,23,0.561705050675273,FALSE
44,"ICA (oracle)",NA,24,24,0.573021153117402,FALSE
44,"ICA (oracle)",NA,25,25,0.584032945794883,FALSE
44,"ICA (oracle)",NA,26,26,0.594780168436168,FALSE
44,"ICA (oracle)",NA,27,27,0.605251620274003,FALSE
44,"ICA (oracle)",NA,28,28,0.615387545276533,FALSE
44,"ICA (oracle)",NA,29,29,0.625296820073591,FALSE
44,"ICA (oracle)",NA,30,30,0.635012736361742,FALSE
44,"SoftImpute (oracle)",1,0,0,0.810558884908251,NA
44,"SoftImpute (oracle)",1,1,1,0.523953342640127,NA
44,"SoftImpute (oracle)",1,2,2,0.378167026365846,NA
44,"SoftImpute (oracle)",1,3,3,0.178467648459985,NA
44,"SoftImpute (oracle)",1,4,4,0.216747131094858,NA
44,"SoftImpute (oracle)",1,5,5,0.248949768974633,NA
44,"SoftImpute (oracle)",1,6,6,0.277172906155085,NA
44,"SoftImpute (oracle)",1,7,7,0.302372038832601,NA
44,"SoftImpute (oracle)",1,8,8,0.325086464485697,NA
44,"SoftImpute (oracle)",1,9,9,0.346434125817138,NA
44,"SoftImpute (oracle)",1,10,10,0.366136574016907,NA
44,"SoftImpute (oracle)",1,11,11,0.384685666490987,NA
44,"SoftImpute (oracle)",1,12,12,0.402182976511951,NA
44,"SoftImpute (oracle)",1,13,13,0.418799802101084,NA
44,"SoftImpute (oracle)",1,14,14,0.434602831154417,NA
44,"SoftImpute (oracle)",1,15,15,0.449567233833654,NA
44,"SoftImpute (oracle)",1,16,16,0.463924482231221,NA
44,"SoftImpute (oracle)",1,17,17,0.477822236144945,NA
44,"SoftImpute (oracle)",1,18,18,0.491292764059619,NA
44,"SoftImpute (oracle)",1,19,19,0.504336409168072,NA
44,"SoftImpute (oracle)",1,20,20,0.516820788633085,NA
44,"SoftImpute (oracle)",1,21,21,0.528924579801065,NA
44,"SoftImpute (oracle)",1,22,22,0.540588885972179,NA
44,"SoftImpute (oracle)",1,23,23,0.551993683444872,NA
44,"SoftImpute (oracle)",1,24,24,0.563059443083622,NA
44,"SoftImpute (oracle)",1,25,25,0.573826955143697,NA
44,"SoftImpute (oracle)",1,26,26,0.584335497333447,NA
44,"SoftImpute (oracle)",1,27,27,0.594573568193124,NA
44,"SoftImpute (oracle)",1,28,28,0.604481260160126,NA
44,"SoftImpute (oracle)",1,29,29,0.614166921440876,NA
44,"SoftImpute (oracle)",1,30,30,0.623663526720481,NA
45,"PCA (oracle)",NA,0,0,0.824840132737014,NA
45,"PCA (oracle)",NA,1,1,0.541692435661475,NA
45,"PCA (oracle)",NA,2,2,0.377789119611904,NA
45,"PCA (oracle)",NA,3,3,0.175200160163324,NA
45,"PCA (oracle)",NA,4,4,0.215890460439588,NA
45,"PCA (oracle)",NA,5,5,0.249872385631063,NA
45,"PCA (oracle)",NA,6,6,0.279118419206415,NA
45,"PCA (oracle)",NA,7,7,0.30528809251558,NA
45,"PCA (oracle)",NA,8,8,0.328998800869639,NA
45,"PCA (oracle)",NA,9,9,0.351026852081566,NA
45,"PCA (oracle)",NA,10,10,0.371427319683591,NA
45,"PCA (oracle)",NA,11,11,0.39060115364107,NA
45,"PCA (oracle)",NA,12,12,0.408758895103058,NA
45,"PCA (oracle)",NA,13,13,0.425973974067154,NA
45,"PCA (oracle)",NA,14,14,0.442140351251553,NA
45,"PCA (oracle)",NA,15,15,0.457712059217569,NA
45,"PCA (oracle)",NA,16,16,0.472729844460362,NA
45,"PCA (oracle)",NA,17,17,0.487096176453931,NA
45,"PCA (oracle)",NA,18,18,0.500837021698977,NA
45,"PCA (oracle)",NA,19,19,0.514072171988803,NA
45,"PCA (oracle)",NA,20,20,0.526870820144152,NA
45,"PCA (oracle)",NA,21,21,0.539277672766995,NA
45,"PCA (oracle)",NA,22,22,0.551287159094048,NA
45,"PCA (oracle)",NA,23,23,0.562994942610157,NA
45,"PCA (oracle)",NA,24,24,0.574376252898923,NA
45,"PCA (oracle)",NA,25,25,0.585395606771113,NA
45,"PCA (oracle)",NA,26,26,0.596161322769922,NA
45,"PCA (oracle)",NA,27,27,0.6067035173504,NA
45,"PCA (oracle)",NA,28,28,0.616932452460184,NA
45,"PCA (oracle)",NA,29,29,0.626939483774348,NA
45,"PCA (oracle)",NA,30,30,0.636734121865271,NA
45,"ICA (oracle)",NA,0,0,0.824840132737014,NA
45,"ICA (oracle)",NA,1,1,0.541692435661475,TRUE
45,"ICA (oracle)",NA,2,2,0.377789119611904,TRUE
45,"ICA (oracle)",NA,3,3,0.175200160163324,TRUE
45,"ICA (oracle)",NA,4,4,0.215890460439588,TRUE
45,"ICA (oracle)",NA,5,5,0.249872385631064,TRUE
45,"ICA (oracle)",NA,6,6,0.279118419206415,TRUE
45,"ICA (oracle)",NA,7,7,0.30528809251558,FALSE
45,"ICA (oracle)",NA,8,8,0.328998800869639,FALSE
45,"ICA (oracle)",NA,9,9,0.351026852081566,FALSE
45,"ICA (oracle)",NA,10,10,0.371427319683592,FALSE
45,"ICA (oracle)",NA,11,11,0.390601153641071,FALSE
45,"ICA (oracle)",NA,12,12,0.408758895103059,TRUE
45,"ICA (oracle)",NA,13,13,0.425973974067154,FALSE
45,"ICA (oracle)",NA,14,14,0.442140351251553,FALSE
45,"ICA (oracle)",NA,15,15,0.457712059217569,FALSE
45,"ICA (oracle)",NA,16,16,0.472729844460363,FALSE
45,"ICA (oracle)",NA,17,17,0.487096176453932,FALSE
45,"ICA (oracle)",NA,18,18,0.500837021698977,FALSE
45,"ICA (oracle)",NA,19,19,0.514072171988803,FALSE
45,"ICA (oracle)",NA,20,20,0.526870820144152,FALSE
45,"ICA (oracle)",NA,21,21,0.539277672766995,FALSE
45,"ICA (oracle)",NA,22,22,0.551287159094048,FALSE
45,"ICA (oracle)",NA,23,23,0.562994942610158,FALSE
45,"ICA (oracle)",NA,24,24,0.574376252898923,FALSE
45,"ICA (oracle)",NA,25,25,0.585395606771113,FALSE
45,"ICA (oracle)",NA,26,26,0.596161322769923,FALSE
45,"ICA (oracle)",NA,27,27,0.6067035173504,FALSE
45,"ICA (oracle)",NA,28,28,0.616932452460184,FALSE
45,"ICA (oracle)",NA,29,29,0.626939483774349,FALSE
45,"ICA (oracle)",NA,30,30,0.636734121865271,FALSE
45,"SoftImpute (oracle)",1,0,0,0.824840132737014,NA
45,"SoftImpute (oracle)",1,1,1,0.541629768911559,NA
45,"SoftImpute (oracle)",1,2,2,0.377562538308781,NA
45,"SoftImpute (oracle)",1,3,3,0.174374067748299,NA
45,"SoftImpute (oracle)",1,4,4,0.213917634552094,NA
45,"SoftImpute (oracle)",1,5,5,0.247043810700814,NA
45,"SoftImpute (oracle)",1,6,6,0.275590768767811,NA
45,"SoftImpute (oracle)",1,7,7,0.301157666296822,NA
45,"SoftImpute (oracle)",1,8,8,0.324332992341147,NA
45,"SoftImpute (oracle)",1,9,9,0.345874513543137,NA
45,"SoftImpute (oracle)",1,10,10,0.365827358644939,NA
45,"SoftImpute (oracle)",1,11,11,0.384584307849851,NA
45,"SoftImpute (oracle)",1,12,12,0.402350439097493,NA
45,"SoftImpute (oracle)",1,13,13,0.419195385472355,NA
45,"SoftImpute (oracle)",1,14,14,0.435010614701838,NA
45,"SoftImpute (oracle)",1,15,15,0.450246701646089,NA
45,"SoftImpute (oracle)",1,16,16,0.464942604968634,NA
45,"SoftImpute (oracle)",1,17,17,0.478999638944855,NA
45,"SoftImpute (oracle)",1,18,18,0.492442518425951,NA
45,"SoftImpute (oracle)",1,19,19,0.505389746154612,NA
45,"SoftImpute (oracle)",1,20,20,0.517909516723826,NA
45,"SoftImpute (oracle)",1,21,21,0.530045724044146,NA
45,"SoftImpute (oracle)",1,22,22,0.541792201717565,NA
45,"SoftImpute (oracle)",1,23,23,0.553243856329695,NA
45,"SoftImpute (oracle)",1,24,24,0.564375514456652,NA
45,"SoftImpute (oracle)",1,25,25,0.575151360767575,NA
45,"SoftImpute (oracle)",1,26,26,0.5856790992004,NA
45,"SoftImpute (oracle)",1,27,27,0.595988455118963,NA
45,"SoftImpute (oracle)",1,28,28,0.605989605355975,NA
45,"SoftImpute (oracle)",1,29,29,0.615773431555514,NA
45,"SoftImpute (oracle)",1,30,30,0.625349186767029,NA
46,"PCA (oracle)",NA,0,0,0.796005229101915,NA
46,"PCA (oracle)",NA,1,1,0.509491022527736,NA
46,"PCA (oracle)",NA,2,2,0.34588792516138,NA
46,"PCA (oracle)",NA,3,3,0.174082510354418,NA
46,"PCA (oracle)",NA,4,4,0.214009519162713,NA
46,"PCA (oracle)",NA,5,5,0.247140382989672,NA
46,"PCA (oracle)",NA,6,6,0.276332855016615,NA
46,"PCA (oracle)",NA,7,7,0.302318250224402,NA
46,"PCA (oracle)",NA,8,8,0.325927031460362,NA
46,"PCA (oracle)",NA,9,9,0.347508593548555,NA
46,"PCA (oracle)",NA,10,10,0.367443581546971,NA
46,"PCA (oracle)",NA,11,11,0.386376618669542,NA
46,"PCA (oracle)",NA,12,12,0.404288155770472,NA
46,"PCA (oracle)",NA,13,13,0.421179177979533,NA
46,"PCA (oracle)",NA,14,14,0.437386392210235,NA
46,"PCA (oracle)",NA,15,15,0.452872557413887,NA
46,"PCA (oracle)",NA,16,16,0.46757391394049,NA
46,"PCA (oracle)",NA,17,17,0.481783052913849,NA
46,"PCA (oracle)",NA,18,18,0.495452101870318,NA
46,"PCA (oracle)",NA,19,19,0.508608535869304,NA
46,"PCA (oracle)",NA,20,20,0.521350495064761,NA
46,"PCA (oracle)",NA,21,21,0.533695786529845,NA
46,"PCA (oracle)",NA,22,22,0.545608791747863,NA
46,"PCA (oracle)",NA,23,23,0.557187316843804,NA
46,"PCA (oracle)",NA,24,24,0.568330106355776,NA
46,"PCA (oracle)",NA,25,25,0.579255558863492,NA
46,"PCA (oracle)",NA,26,26,0.589939693635264,NA
46,"PCA (oracle)",NA,27,27,0.60036614298943,NA
46,"PCA (oracle)",NA,28,28,0.610477097414026,NA
46,"PCA (oracle)",NA,29,29,0.620306360608269,NA
46,"PCA (oracle)",NA,30,30,0.629950016449172,NA
46,"ICA (oracle)",NA,0,0,0.796005229101915,NA
46,"ICA (oracle)",NA,1,1,0.509491022527736,TRUE
46,"ICA (oracle)",NA,2,2,0.34588792516138,TRUE
46,"ICA (oracle)",NA,3,3,0.174082510354418,TRUE
46,"ICA (oracle)",NA,4,4,0.214009519162714,TRUE
46,"ICA (oracle)",NA,5,5,0.247140382989672,TRUE
46,"ICA (oracle)",NA,6,6,0.276332855016615,TRUE
46,"ICA (oracle)",NA,7,7,0.302318250224402,FALSE
46,"ICA (oracle)",NA,8,8,0.325927031460362,TRUE
46,"ICA (oracle)",NA,9,9,0.347508593548555,FALSE
46,"ICA (oracle)",NA,10,10,0.367443581546972,FALSE
46,"ICA (oracle)",NA,11,11,0.386376618669542,TRUE
46,"ICA (oracle)",NA,12,12,0.404288155770472,FALSE
46,"ICA (oracle)",NA,13,13,0.421179177979533,FALSE
46,"ICA (oracle)",NA,14,14,0.437386392210235,FALSE
46,"ICA (oracle)",NA,15,15,0.452872557413887,FALSE
46,"ICA (oracle)",NA,16,16,0.46757391394049,FALSE
46,"ICA (oracle)",NA,17,17,0.481783052913849,FALSE
46,"ICA (oracle)",NA,18,18,0.495452101870318,FALSE
46,"ICA (oracle)",NA,19,19,0.508608535869305,FALSE
46,"ICA (oracle)",NA,20,20,0.521350495064762,FALSE
46,"ICA (oracle)",NA,21,21,0.533695786529845,FALSE
46,"ICA (oracle)",NA,22,22,0.545608791747863,FALSE
46,"ICA (oracle)",NA,23,23,0.557187316843805,FALSE
46,"ICA (oracle)",NA,24,24,0.568330106355776,FALSE
46,"ICA (oracle)",NA,25,25,0.579255558863492,FALSE
46,"ICA (oracle)",NA,26,26,0.589939693635264,FALSE
46,"ICA (oracle)",NA,27,27,0.60036614298943,FALSE
46,"ICA (oracle)",NA,28,28,0.610477097414027,FALSE
46,"ICA (oracle)",NA,29,29,0.620306360608269,FALSE
46,"ICA (oracle)",NA,30,30,0.629950016449172,FALSE
46,"SoftImpute (oracle)",1,0,0,0.796005229101915,NA
46,"SoftImpute (oracle)",1,1,1,0.509428659881016,NA
46,"SoftImpute (oracle)",1,2,2,0.345669347819027,NA
46,"SoftImpute (oracle)",1,3,3,0.173248554570984,NA
46,"SoftImpute (oracle)",1,4,4,0.212034719208182,NA
46,"SoftImpute (oracle)",1,5,5,0.244313807183102,NA
46,"SoftImpute (oracle)",1,6,6,0.272805565378683,NA
46,"SoftImpute (oracle)",1,7,7,0.29818780325509,NA
46,"SoftImpute (oracle)",1,8,8,0.321260677090053,NA
46,"SoftImpute (oracle)",1,9,9,0.34235664395172,NA
46,"SoftImpute (oracle)",1,10,10,0.361844900089537,NA
46,"SoftImpute (oracle)",1,11,11,0.380361104325812,NA
46,"SoftImpute (oracle)",1,12,12,0.397881122231922,NA
46,"SoftImpute (oracle)",1,13,13,0.41440234407174,NA
46,"SoftImpute (oracle)",1,14,14,0.430257734693291,NA
46,"SoftImpute (oracle)",1,15,15,0.445408028115731,NA
46,"SoftImpute (oracle)",1,16,16,0.459787881566485,NA
46,"SoftImpute (oracle)",1,17,17,0.473687689386412,NA
46,"SoftImpute (oracle)",1,18,18,0.487058548209953,NA
46,"SoftImpute (oracle)",1,19,19,0.499926880386427,NA
46,"SoftImpute (oracle)",1,20,20,0.512389753595547,NA
46,"SoftImpute (oracle)",1,21,21,0.524464225837775,NA
46,"SoftImpute (oracle)",1,22,22,0.536114148522289,NA
46,"SoftImpute (oracle)",1,23,23,0.547436559001442,NA
46,"SoftImpute (oracle)",1,24,24,0.558329976232463,NA
46,"SoftImpute (oracle)",1,25,25,0.56901186079152,NA
46,"SoftImpute (oracle)",1,26,26,0.57945793684667,NA
46,"SoftImpute (oracle)",1,27,27,0.589651553061269,NA
46,"SoftImpute (oracle)",1,28,28,0.599534741241125,NA
46,"SoftImpute (oracle)",1,29,29,0.609140962676888,NA
46,"SoftImpute (oracle)",1,30,30,0.618565836064429,NA
47,"PCA (oracle)",NA,0,0,0.770881303146668,NA
47,"PCA (oracle)",NA,1,1,0.499121852602494,NA
47,"PCA (oracle)",NA,2,2,0.355096040157131,NA
47,"PCA (oracle)",NA,3,3,0.174981686402643,NA
47,"PCA (oracle)",NA,4,4,0.215797384561395,NA
47,"PCA (oracle)",NA,5,5,0.249560816041813,NA
47,"PCA (oracle)",NA,6,6,0.279210288631078,NA
47,"PCA (oracle)",NA,7,7,0.30536907468385,NA
47,"PCA (oracle)",NA,8,8,0.329070994498581,NA
47,"PCA (oracle)",NA,9,9,0.350971531620067,NA
47,"PCA (oracle)",NA,10,10,0.371284947203848,NA
47,"PCA (oracle)",NA,11,11,0.390259784895042,NA
47,"PCA (oracle)",NA,12,12,0.408318682560229,NA
47,"PCA (oracle)",NA,13,13,0.425470471020674,NA
47,"PCA (oracle)",NA,14,14,0.441821643992207,NA
47,"PCA (oracle)",NA,15,15,0.457367718912737,NA
47,"PCA (oracle)",NA,16,16,0.472204330810296,NA
47,"PCA (oracle)",NA,17,17,0.486532183427313,NA
47,"PCA (oracle)",NA,18,18,0.500288758899884,NA
47,"PCA (oracle)",NA,19,19,0.513573229441068,NA
47,"PCA (oracle)",NA,20,20,0.52636491887963,NA
47,"PCA (oracle)",NA,21,21,0.538778361080211,NA
47,"PCA (oracle)",NA,22,22,0.550758035535636,NA
47,"PCA (oracle)",NA,23,23,0.562357193014955,NA
47,"PCA (oracle)",NA,24,24,0.573685019847401,NA
47,"PCA (oracle)",NA,25,25,0.584742102266598,NA
47,"PCA (oracle)",NA,26,26,0.595545697204837,NA
47,"PCA (oracle)",NA,27,27,0.605963877309887,NA
47,"PCA (oracle)",NA,28,28,0.616136993814168,NA
47,"PCA (oracle)",NA,29,29,0.626039906224697,NA
47,"PCA (oracle)",NA,30,30,0.635742997242275,NA
47,"ICA (oracle)",NA,0,0,0.770881303146668,NA
47,"ICA (oracle)",NA,1,1,0.499121852602494,TRUE
47,"ICA (oracle)",NA,2,2,0.355096040157131,TRUE
47,"ICA (oracle)",NA,3,3,0.174981686402643,TRUE
47,"ICA (oracle)",NA,4,4,0.215797384561395,TRUE
47,"ICA (oracle)",NA,5,5,0.249560816041813,TRUE
47,"ICA (oracle)",NA,6,6,0.279210288631078,TRUE
47,"ICA (oracle)",NA,7,7,0.30536907468385,FALSE
47,"ICA (oracle)",NA,8,8,0.329070994498581,FALSE
47,"ICA (oracle)",NA,9,9,0.350971531620067,FALSE
47,"ICA (oracle)",NA,10,10,0.371284947203848,FALSE
47,"ICA (oracle)",NA,11,11,0.390259784895042,FALSE
47,"ICA (oracle)",NA,12,12,0.408318682560229,FALSE
47,"ICA (oracle)",NA,13,13,0.425470471020674,FALSE
47,"ICA (oracle)",NA,14,14,0.441821643992206,FALSE
47,"ICA (oracle)",NA,15,15,0.457367718912736,FALSE
47,"ICA (oracle)",NA,16,16,0.472204330810296,FALSE
47,"ICA (oracle)",NA,17,17,0.486532183427313,FALSE
47,"ICA (oracle)",NA,18,18,0.500288758899883,FALSE
47,"ICA (oracle)",NA,19,19,0.513573229441068,FALSE
47,"ICA (oracle)",NA,20,20,0.52636491887963,FALSE
47,"ICA (oracle)",NA,21,21,0.538778361080211,FALSE
47,"ICA (oracle)",NA,22,22,0.550758035535636,FALSE
47,"ICA (oracle)",NA,23,23,0.562357193014954,FALSE
47,"ICA (oracle)",NA,24,24,0.573685019847402,FALSE
47,"ICA (oracle)",NA,25,25,0.584742102266597,FALSE
47,"ICA (oracle)",NA,26,26,0.595545697204836,FALSE
47,"ICA (oracle)",NA,27,27,0.605963877309887,FALSE
47,"ICA (oracle)",NA,28,28,0.616136993814168,FALSE
47,"ICA (oracle)",NA,29,29,0.626039906224697,FALSE
47,"ICA (oracle)",NA,30,30,0.635742997242275,FALSE
47,"SoftImpute (oracle)",1,0,0,0.770881303146668,NA
47,"SoftImpute (oracle)",1,1,1,0.499036300345338,NA
47,"SoftImpute (oracle)",1,2,2,0.354817257567934,NA
47,"SoftImpute (oracle)",1,3,3,0.174089295326368,NA
47,"SoftImpute (oracle)",1,4,4,0.213769043381497,NA
47,"SoftImpute (oracle)",1,5,5,0.246685468653522,NA
47,"SoftImpute (oracle)",1,6,6,0.275638430277474,NA
47,"SoftImpute (oracle)",1,7,7,0.30119828135651,NA
47,"SoftImpute (oracle)",1,8,8,0.324367764016527,NA
47,"SoftImpute (oracle)",1,9,9,0.345784573997337,NA
47,"SoftImpute (oracle)",1,10,10,0.365652534382525,NA
47,"SoftImpute (oracle)",1,11,11,0.38421266476517,NA
47,"SoftImpute (oracle)",1,12,12,0.401881527862508,NA
47,"SoftImpute (oracle)",1,13,13,0.418664459569225,NA
47,"SoftImpute (oracle)",1,14,14,0.434664938344186,NA
47,"SoftImpute (oracle)",1,15,15,0.44987634184759,NA
47,"SoftImpute (oracle)",1,16,16,0.464392316290203,NA
47,"SoftImpute (oracle)",1,17,17,0.478411652591151,NA
47,"SoftImpute (oracle)",1,18,18,0.491870840925882,NA
47,"SoftImpute (oracle)",1,19,19,0.504867837054903,NA
47,"SoftImpute (oracle)",1,20,20,0.5173811912854,NA
47,"SoftImpute (oracle)",1,21,21,0.529524458818685,NA
47,"SoftImpute (oracle)",1,22,22,0.54124164413883,NA
47,"SoftImpute (oracle)",1,23,23,0.552585340683362,NA
47,"SoftImpute (oracle)",1,24,24,0.563664016736867,NA
47,"SoftImpute (oracle)",1,25,25,0.574477857819709,NA
47,"SoftImpute (oracle)",1,26,26,0.585043723494154,NA
47,"SoftImpute (oracle)",1,27,27,0.595229662092252,NA
47,"SoftImpute (oracle)",1,28,28,0.605175408818064,NA
47,"SoftImpute (oracle)",1,29,29,0.614855622853124,NA
47,"SoftImpute (oracle)",1,30,30,0.624340287034344,NA
48,"PCA (oracle)",NA,0,0,0.758212894608763,NA
48,"PCA (oracle)",NA,1,1,0.483187460693174,NA
48,"PCA (oracle)",NA,2,2,0.336220985968455,NA
48,"PCA (oracle)",NA,3,3,0.174734704854827,NA
48,"PCA (oracle)",NA,4,4,0.215320732561845,NA
48,"PCA (oracle)",NA,5,5,0.248792714892563,NA
48,"PCA (oracle)",NA,6,6,0.277783370887236,NA
48,"PCA (oracle)",NA,7,7,0.303865375323025,NA
48,"PCA (oracle)",NA,8,8,0.327448793764176,NA
48,"PCA (oracle)",NA,9,9,0.349265789395413,NA
48,"PCA (oracle)",NA,10,10,0.369549860829529,NA
48,"PCA (oracle)",NA,11,11,0.388399175840958,NA
48,"PCA (oracle)",NA,12,12,0.406352889578044,NA
48,"PCA (oracle)",NA,13,13,0.423531592241695,NA
48,"PCA (oracle)",NA,14,14,0.439714252459225,NA
48,"PCA (oracle)",NA,15,15,0.455272343776448,NA
48,"PCA (oracle)",NA,16,16,0.470215154441441,NA
48,"PCA (oracle)",NA,17,17,0.484498303556051,NA
48,"PCA (oracle)",NA,18,18,0.498228146506959,NA
48,"PCA (oracle)",NA,19,19,0.511516907172888,NA
48,"PCA (oracle)",NA,20,20,0.524281707270246,NA
48,"PCA (oracle)",NA,21,21,0.536623355041611,NA
48,"PCA (oracle)",NA,22,22,0.548594114915378,NA
48,"PCA (oracle)",NA,23,23,0.560203465608884,NA
48,"PCA (oracle)",NA,24,24,0.571534589616647,NA
48,"PCA (oracle)",NA,25,25,0.582608898418302,NA
48,"PCA (oracle)",NA,26,26,0.593428573952144,NA
48,"PCA (oracle)",NA,27,27,0.603914017575464,NA
48,"PCA (oracle)",NA,28,28,0.614115792326582,NA
48,"PCA (oracle)",NA,29,29,0.624059100407374,NA
48,"PCA (oracle)",NA,30,30,0.633731669943884,NA
48,"ICA (oracle)",NA,0,0,0.758212894608763,NA
48,"ICA (oracle)",NA,1,1,0.483187460693174,TRUE
48,"ICA (oracle)",NA,2,2,0.336220985968455,TRUE
48,"ICA (oracle)",NA,3,3,0.174734704854827,TRUE
48,"ICA (oracle)",NA,4,4,0.215320732561845,TRUE
48,"ICA (oracle)",NA,5,5,0.248792714892563,TRUE
48,"ICA (oracle)",NA,6,6,0.277783370887236,TRUE
48,"ICA (oracle)",NA,7,7,0.303865375323025,TRUE
48,"ICA (oracle)",NA,8,8,0.327448793764176,TRUE
48,"ICA (oracle)",NA,9,9,0.349265789395413,FALSE
48,"ICA (oracle)",NA,10,10,0.369549860829529,TRUE
48,"ICA (oracle)",NA,11,11,0.388399175840958,FALSE
48,"ICA (oracle)",NA,12,12,0.406352889578044,FALSE
48,"ICA (oracle)",NA,13,13,0.423531592241695,FALSE
48,"ICA (oracle)",NA,14,14,0.439714252459225,FALSE
48,"ICA (oracle)",NA,15,15,0.455272343776447,FALSE
48,"ICA (oracle)",NA,16,16,0.470215154441441,FALSE
48,"ICA (oracle)",NA,17,17,0.484498303556051,FALSE
48,"ICA (oracle)",NA,18,18,0.49822814650696,FALSE
48,"ICA (oracle)",NA,19,19,0.511516907172888,FALSE
48,"ICA (oracle)",NA,20,20,0.524281707270246,FALSE
48,"ICA (oracle)",NA,21,21,0.536623355041611,FALSE
48,"ICA (oracle)",NA,22,22,0.548594114915378,FALSE
48,"ICA (oracle)",NA,23,23,0.560203465608884,FALSE
48,"ICA (oracle)",NA,24,24,0.571534589616647,FALSE
48,"ICA (oracle)",NA,25,25,0.582608898418302,FALSE
48,"ICA (oracle)",NA,26,26,0.593428573952143,FALSE
48,"ICA (oracle)",NA,27,27,0.603914017575464,FALSE
48,"ICA (oracle)",NA,28,28,0.614115792326581,FALSE
48,"ICA (oracle)",NA,29,29,0.624059100407375,FALSE
48,"ICA (oracle)",NA,30,30,0.633731669943884,FALSE
48,"SoftImpute (oracle)",1,0,0,0.758212894608763,NA
48,"SoftImpute (oracle)",1,1,1,0.483117894375369,NA
48,"SoftImpute (oracle)",1,2,2,0.335948468746245,NA
48,"SoftImpute (oracle)",1,3,3,0.173845766885343,NA
48,"SoftImpute (oracle)",1,4,4,0.213296659041222,NA
48,"SoftImpute (oracle)",1,5,5,0.245922468486032,NA
48,"SoftImpute (oracle)",1,6,6,0.274219057480921,NA
48,"SoftImpute (oracle)",1,7,7,0.299701232491503,NA
48,"SoftImpute (oracle)",1,8,8,0.322751748267695,NA
48,"SoftImpute (oracle)",1,9,9,0.344084547039833,NA
48,"SoftImpute (oracle)",1,10,10,0.363922621007303,NA
48,"SoftImpute (oracle)",1,11,11,0.382357094891089,NA
48,"SoftImpute (oracle)",1,12,12,0.399920609677125,NA
48,"SoftImpute (oracle)",1,13,13,0.416729960723739,NA
48,"SoftImpute (oracle)",1,14,14,0.432562016715889,NA
48,"SoftImpute (oracle)",1,15,15,0.447785063603848,NA
48,"SoftImpute (oracle)",1,16,16,0.462406673288597,NA
48,"SoftImpute (oracle)",1,17,17,0.476381164283775,NA
48,"SoftImpute (oracle)",1,18,18,0.489813452982448,NA
48,"SoftImpute (oracle)",1,19,19,0.502814517778463,NA
48,"SoftImpute (oracle)",1,20,20,0.515300852770908,NA
48,"SoftImpute (oracle)",1,21,21,0.527372313040075,NA
48,"SoftImpute (oracle)",1,22,22,0.539080431174228,NA
48,"SoftImpute (oracle)",1,23,23,0.55043413504295,NA
48,"SoftImpute (oracle)",1,24,24,0.561515952846418,NA
48,"SoftImpute (oracle)",1,25,25,0.572346845099338,NA
48,"SoftImpute (oracle)",1,26,26,0.582928630297961,NA
48,"SoftImpute (oracle)",1,27,27,0.593181560706338,NA
48,"SoftImpute (oracle)",1,28,28,0.603155792963022,NA
48,"SoftImpute (oracle)",1,29,29,0.612876209544097,NA
48,"SoftImpute (oracle)",1,30,30,0.62233033078991,NA
49,"PCA (oracle)",NA,0,0,0.743888315492004,NA
49,"PCA (oracle)",NA,1,1,0.488094179823862,NA
49,"PCA (oracle)",NA,2,2,0.323119902001875,NA
49,"PCA (oracle)",NA,3,3,0.174923353568991,NA
49,"PCA (oracle)",NA,4,4,0.217066518636556,NA
49,"PCA (oracle)",NA,5,5,0.250350016663526,NA
49,"PCA (oracle)",NA,6,6,0.279179577858542,NA
49,"PCA (oracle)",NA,7,7,0.305103348646121,NA
49,"PCA (oracle)",NA,8,8,0.32841577493838,NA
49,"PCA (oracle)",NA,9,9,0.350035850653248,NA
49,"PCA (oracle)",NA,10,10,0.370166442164153,NA
49,"PCA (oracle)",NA,11,11,0.38913460992296,NA
49,"PCA (oracle)",NA,12,12,0.407154219863017,NA
49,"PCA (oracle)",NA,13,13,0.424341048087794,NA
49,"PCA (oracle)",NA,14,14,0.440590280959306,NA
49,"PCA (oracle)",NA,15,15,0.456065030992752,NA
49,"PCA (oracle)",NA,16,16,0.470833654704024,NA
49,"PCA (oracle)",NA,17,17,0.484962038102795,NA
49,"PCA (oracle)",NA,18,18,0.498669604125193,NA
49,"PCA (oracle)",NA,19,19,0.511858764695251,NA
49,"PCA (oracle)",NA,20,20,0.524749277695717,NA
49,"PCA (oracle)",NA,21,21,0.537241114941204,NA
49,"PCA (oracle)",NA,22,22,0.549274540225726,NA
49,"PCA (oracle)",NA,23,23,0.560917176463091,NA
49,"PCA (oracle)",NA,24,24,0.572254617583042,NA
49,"PCA (oracle)",NA,25,25,0.58322862060108,NA
49,"PCA (oracle)",NA,26,26,0.593954388849324,NA
49,"PCA (oracle)",NA,27,27,0.604428725150798,NA
49,"PCA (oracle)",NA,28,28,0.614626463240167,NA
49,"PCA (oracle)",NA,29,29,0.624573542578369,NA
49,"PCA (oracle)",NA,30,30,0.634284098227372,NA
49,"ICA (oracle)",NA,0,0,0.743888315492004,NA
49,"ICA (oracle)",NA,1,1,0.488094179823862,TRUE
49,"ICA (oracle)",NA,2,2,0.323119902001875,TRUE
49,"ICA (oracle)",NA,3,3,0.174923353568991,TRUE
49,"ICA (oracle)",NA,4,4,0.217066518636556,TRUE
49,"ICA (oracle)",NA,5,5,0.250350016663526,TRUE
49,"ICA (oracle)",NA,6,6,0.279179577858543,FALSE
49,"ICA (oracle)",NA,7,7,0.305103348646121,TRUE
49,"ICA (oracle)",NA,8,8,0.32841577493838,TRUE
49,"ICA (oracle)",NA,9,9,0.350035850653249,FALSE
49,"ICA (oracle)",NA,10,10,0.370166442164152,FALSE
49,"ICA (oracle)",NA,11,11,0.38913460992296,FALSE
49,"ICA (oracle)",NA,12,12,0.407154219863017,FALSE
49,"ICA (oracle)",NA,13,13,0.424341048087794,FALSE
49,"ICA (oracle)",NA,14,14,0.440590280959307,FALSE
49,"ICA (oracle)",NA,15,15,0.456065030992752,FALSE
49,"ICA (oracle)",NA,16,16,0.470833654704024,FALSE
49,"ICA (oracle)",NA,17,17,0.484962038102795,FALSE
49,"ICA (oracle)",NA,18,18,0.498669604125193,FALSE
49,"ICA (oracle)",NA,19,19,0.511858764695252,FALSE
49,"ICA (oracle)",NA,20,20,0.524749277695717,FALSE
49,"ICA (oracle)",NA,21,21,0.537241114941204,FALSE
49,"ICA (oracle)",NA,22,22,0.549274540225727,FALSE
49,"ICA (oracle)",NA,23,23,0.560917176463091,FALSE
49,"ICA (oracle)",NA,24,24,0.572254617583042,FALSE
49,"ICA (oracle)",NA,25,25,0.58322862060108,FALSE
49,"ICA (oracle)",NA,26,26,0.593954388849324,FALSE
49,"ICA (oracle)",NA,27,27,0.604428725150798,FALSE
49,"ICA (oracle)",NA,28,28,0.614626463240166,FALSE
49,"ICA (oracle)",NA,29,29,0.624573542578369,FALSE
49,"ICA (oracle)",NA,30,30,0.634284098227372,FALSE
49,"SoftImpute (oracle)",1,0,0,0.743888315492004,NA
49,"SoftImpute (oracle)",1,1,1,0.488042205373623,NA
49,"SoftImpute (oracle)",1,2,2,0.322851607416545,NA
49,"SoftImpute (oracle)",1,3,3,0.174047590625838,NA
49,"SoftImpute (oracle)",1,4,4,0.215040597707659,NA
49,"SoftImpute (oracle)",1,5,5,0.247481134666606,NA
49,"SoftImpute (oracle)",1,6,6,0.275618319892352,NA
49,"SoftImpute (oracle)",1,7,7,0.300943313988067,NA
49,"SoftImpute (oracle)",1,8,8,0.323724048840376,NA
49,"SoftImpute (oracle)",1,9,9,0.344860558611374,NA
49,"SoftImpute (oracle)",1,10,10,0.364545500345143,NA
49,"SoftImpute (oracle)",1,11,11,0.383098248146984,NA
49,"SoftImpute (oracle)",1,12,12,0.400727313944873,NA
49,"SoftImpute (oracle)",1,13,13,0.417544643621551,NA
49,"SoftImpute (oracle)",1,14,14,0.433442984754518,NA
49,"SoftImpute (oracle)",1,15,15,0.44858281806033,NA
49,"SoftImpute (oracle)",1,16,16,0.463030583817486,NA
49,"SoftImpute (oracle)",1,17,17,0.476850580300613,NA
49,"SoftImpute (oracle)",1,18,18,0.49026052243233,NA
49,"SoftImpute (oracle)",1,19,19,0.503162106156941,NA
49,"SoftImpute (oracle)",1,20,20,0.515773743016936,NA
49,"SoftImpute (oracle)",1,21,21,0.52799495148298,NA
49,"SoftImpute (oracle)",1,22,22,0.539765516317774,NA
49,"SoftImpute (oracle)",1,23,23,0.551152366389509,NA
49,"SoftImpute (oracle)",1,24,24,0.562240430335326,NA
49,"SoftImpute (oracle)",1,25,25,0.57297119074322,NA
49,"SoftImpute (oracle)",1,26,26,0.583459218846628,NA
49,"SoftImpute (oracle)",1,27,27,0.593701005173843,NA
49,"SoftImpute (oracle)",1,28,28,0.603671151236763,NA
49,"SoftImpute (oracle)",1,29,29,0.613395274915218,NA
49,"SoftImpute (oracle)",1,30,30,0.622887242644787,NA
50,"PCA (oracle)",NA,0,0,0.746281417760977,NA
50,"PCA (oracle)",NA,1,1,0.501717411692427,NA
50,"PCA (oracle)",NA,2,2,0.355859254273555,NA
50,"PCA (oracle)",NA,3,3,0.180765734964541,NA
50,"PCA (oracle)",NA,4,4,0.221123621938334,NA
50,"PCA (oracle)",NA,5,5,0.254091464784643,NA
50,"PCA (oracle)",NA,6,6,0.282816799562712,NA
50,"PCA (oracle)",NA,7,7,0.308283779643235,NA
50,"PCA (oracle)",NA,8,8,0.331542620311337,NA
50,"PCA (oracle)",NA,9,9,0.353136048202219,NA
50,"PCA (oracle)",NA,10,10,0.373342481599349,NA
50,"PCA (oracle)",NA,11,11,0.39222876880406,NA
50,"PCA (oracle)",NA,12,12,0.410056533976871,NA
50,"PCA (oracle)",NA,13,13,0.426997230520824,NA
50,"PCA (oracle)",NA,14,14,0.443050497053823,NA
50,"PCA (oracle)",NA,15,15,0.458463307692129,NA
50,"PCA (oracle)",NA,16,16,0.473188236588347,NA
50,"PCA (oracle)",NA,17,17,0.487371773196094,NA
50,"PCA (oracle)",NA,18,18,0.501085422810816,NA
50,"PCA (oracle)",NA,19,19,0.514148731528129,NA
50,"PCA (oracle)",NA,20,20,0.526915157197954,NA
50,"PCA (oracle)",NA,21,21,0.53931592361493,NA
50,"PCA (oracle)",NA,22,22,0.551321706771297,NA
50,"PCA (oracle)",NA,23,23,0.56301810307507,NA
50,"PCA (oracle)",NA,24,24,0.574388223121446,NA
50,"PCA (oracle)",NA,25,25,0.585434286713434,NA
50,"PCA (oracle)",NA,26,26,0.596130579701857,NA
50,"PCA (oracle)",NA,27,27,0.606566527301323,NA
50,"PCA (oracle)",NA,28,28,0.616776043960168,NA
50,"PCA (oracle)",NA,29,29,0.626799252978035,NA
50,"PCA (oracle)",NA,30,30,0.636673462002068,NA
50,"ICA (oracle)",NA,0,0,0.746281417760977,NA
50,"ICA (oracle)",NA,1,1,0.501717411692427,TRUE
50,"ICA (oracle)",NA,2,2,0.355859254273555,TRUE
50,"ICA (oracle)",NA,3,3,0.180765734964541,TRUE
50,"ICA (oracle)",NA,4,4,0.221123621938334,TRUE
50,"ICA (oracle)",NA,5,5,0.254091464784643,TRUE
50,"ICA (oracle)",NA,6,6,0.282816799562712,TRUE
50,"ICA (oracle)",NA,7,7,0.308283779643235,FALSE
50,"ICA (oracle)",NA,8,8,0.331542620311337,FALSE
50,"ICA (oracle)",NA,9,9,0.35313604820222,FALSE
50,"ICA (oracle)",NA,10,10,0.373342481599349,FALSE
50,"ICA (oracle)",NA,11,11,0.39222876880406,FALSE
50,"ICA (oracle)",NA,12,12,0.410056533976871,FALSE
50,"ICA (oracle)",NA,13,13,0.426997230520824,FALSE
50,"ICA (oracle)",NA,14,14,0.443050497053823,FALSE
50,"ICA (oracle)",NA,15,15,0.458463307692129,FALSE
50,"ICA (oracle)",NA,16,16,0.473188236588347,FALSE
50,"ICA (oracle)",NA,17,17,0.487371773196094,FALSE
50,"ICA (oracle)",NA,18,18,0.501085422810816,FALSE
50,"ICA (oracle)",NA,19,19,0.514148731528129,FALSE
50,"ICA (oracle)",NA,20,20,0.526915157197954,FALSE
50,"ICA (oracle)",NA,21,21,0.53931592361493,FALSE
50,"ICA (oracle)",NA,22,22,0.551321706771297,FALSE
50,"ICA (oracle)",NA,23,23,0.56301810307507,FALSE
50,"ICA (oracle)",NA,24,24,0.574388223121446,FALSE
50,"ICA (oracle)",NA,25,25,0.585434286713434,FALSE
50,"ICA (oracle)",NA,26,26,0.596130579701857,FALSE
50,"ICA (oracle)",NA,27,27,0.606566527301323,FALSE
50,"ICA (oracle)",NA,28,28,0.616776043960168,FALSE
50,"ICA (oracle)",NA,29,29,0.626799252978035,FALSE
50,"ICA (oracle)",NA,30,30,0.636673462002068,FALSE
50,"SoftImpute (oracle)",1,0,0,0.746281417760977,NA
50,"SoftImpute (oracle)",1,1,1,0.501650735662408,NA
50,"SoftImpute (oracle)",1,2,2,0.355611675329954,NA
50,"SoftImpute (oracle)",1,3,3,0.179918859391983,NA
50,"SoftImpute (oracle)",1,4,4,0.219147553919052,NA
50,"SoftImpute (oracle)",1,5,5,0.251272165753665,NA
50,"SoftImpute (oracle)",1,6,6,0.279303028032297,NA
50,"SoftImpute (oracle)",1,7,7,0.304171049936677,NA
50,"SoftImpute (oracle)",1,8,8,0.326896145844687,NA
50,"SoftImpute (oracle)",1,9,9,0.348004130242926,NA
50,"SoftImpute (oracle)",1,10,10,0.367762932323731,NA
50,"SoftImpute (oracle)",1,11,11,0.386232600977867,NA
50,"SoftImpute (oracle)",1,12,12,0.403669086107132,NA
50,"SoftImpute (oracle)",1,13,13,0.42023976331742,NA
50,"SoftImpute (oracle)",1,14,14,0.435941553928469,NA
50,"SoftImpute (oracle)",1,15,15,0.451018558480276,NA
50,"SoftImpute (oracle)",1,16,16,0.46542178648207,NA
50,"SoftImpute (oracle)",1,17,17,0.479295919637761,NA
50,"SoftImpute (oracle)",1,18,18,0.492711126872456,NA
50,"SoftImpute (oracle)",1,19,19,0.505486448405003,NA
50,"SoftImpute (oracle)",1,20,20,0.517973593371479,NA
50,"SoftImpute (oracle)",1,21,21,0.530103279565394,NA
50,"SoftImpute (oracle)",1,22,22,0.541845646276949,NA
50,"SoftImpute (oracle)",1,23,23,0.55328555082365,NA
50,"SoftImpute (oracle)",1,24,24,0.564405680043048,NA
50,"SoftImpute (oracle)",1,25,25,0.575207834922443,NA
50,"SoftImpute (oracle)",1,26,26,0.58566599488368,NA
50,"SoftImpute (oracle)",1,27,27,0.595869043156465,NA
50,"SoftImpute (oracle)",1,28,28,0.605850524435449,NA
50,"SoftImpute (oracle)",1,29,29,0.615650209819272,NA
50,"SoftImpute (oracle)",1,30,30,0.625305092650025,NA
51,"PCA (oracle)",NA,0,0,0.784781278983817,NA
51,"PCA (oracle)",NA,1,1,0.527084904340278,NA
51,"PCA (oracle)",NA,2,2,0.377941513527223,NA
51,"PCA (oracle)",NA,3,3,0.176821302728325,NA
51,"PCA (oracle)",NA,4,4,0.217685495602807,NA
51,"PCA (oracle)",NA,5,5,0.251051475419026,NA
51,"PCA (oracle)",NA,6,6,0.279937317412315,NA
51,"PCA (oracle)",NA,7,7,0.305867459418849,NA
51,"PCA (oracle)",NA,8,8,0.329351132342476,NA
51,"PCA (oracle)",NA,9,9,0.35089322513658,NA
51,"PCA (oracle)",NA,10,10,0.370985964335057,NA
51,"PCA (oracle)",NA,11,11,0.38990002201234,NA
51,"PCA (oracle)",NA,12,12,0.407775498581711,NA
51,"PCA (oracle)",NA,13,13,0.424688707855067,NA
51,"PCA (oracle)",NA,14,14,0.44081159725829,NA
51,"PCA (oracle)",NA,15,15,0.456264016635052,NA
51,"PCA (oracle)",NA,16,16,0.471140639050191,NA
51,"PCA (oracle)",NA,17,17,0.485352872151802,NA
51,"PCA (oracle)",NA,18,18,0.499102349932459,NA
51,"PCA (oracle)",NA,19,19,0.51235498214747,NA
51,"PCA (oracle)",NA,20,20,0.525256182387465,NA
51,"PCA (oracle)",NA,21,21,0.537747470024283,NA
51,"PCA (oracle)",NA,22,22,0.549783270173136,NA
51,"PCA (oracle)",NA,23,23,0.561531531966165,NA
51,"PCA (oracle)",NA,24,24,0.572929421514108,NA
51,"PCA (oracle)",NA,25,25,0.5839902793958,NA
51,"PCA (oracle)",NA,26,26,0.594769927508348,NA
51,"PCA (oracle)",NA,27,27,0.605176788584035,NA
51,"PCA (oracle)",NA,28,28,0.615380756974544,NA
51,"PCA (oracle)",NA,29,29,0.625315494459989,NA
51,"PCA (oracle)",NA,30,30,0.635017872269613,NA
51,"ICA (oracle)",NA,0,0,0.784781278983817,NA
51,"ICA (oracle)",NA,1,1,0.527084904340278,TRUE
51,"ICA (oracle)",NA,2,2,0.377941513527223,TRUE
51,"ICA (oracle)",NA,3,3,0.176821302728325,TRUE
51,"ICA (oracle)",NA,4,4,0.217685495602806,TRUE
51,"ICA (oracle)",NA,5,5,0.251051475419026,TRUE
51,"ICA (oracle)",NA,6,6,0.279937317412315,TRUE
51,"ICA (oracle)",NA,7,7,0.305867459418849,TRUE
51,"ICA (oracle)",NA,8,8,0.329351132342476,FALSE
51,"ICA (oracle)",NA,9,9,0.35089322513658,FALSE
51,"ICA (oracle)",NA,10,10,0.370985964335058,FALSE
51,"ICA (oracle)",NA,11,11,0.38990002201234,FALSE
51,"ICA (oracle)",NA,12,12,0.407775498581711,FALSE
51,"ICA (oracle)",NA,13,13,0.424688707855067,FALSE
51,"ICA (oracle)",NA,14,14,0.44081159725829,FALSE
51,"ICA (oracle)",NA,15,15,0.456264016635052,FALSE
51,"ICA (oracle)",NA,16,16,0.471140639050191,TRUE
51,"ICA (oracle)",NA,17,17,0.485352872151802,FALSE
51,"ICA (oracle)",NA,18,18,0.499102349932459,FALSE
51,"ICA (oracle)",NA,19,19,0.512354982147469,FALSE
51,"ICA (oracle)",NA,20,20,0.525256182387465,FALSE
51,"ICA (oracle)",NA,21,21,0.537747470024283,FALSE
51,"ICA (oracle)",NA,22,22,0.549783270173136,FALSE
51,"ICA (oracle)",NA,23,23,0.561531531966165,FALSE
51,"ICA (oracle)",NA,24,24,0.572929421514108,FALSE
51,"ICA (oracle)",NA,25,25,0.5839902793958,FALSE
51,"ICA (oracle)",NA,26,26,0.594769927508348,FALSE
51,"ICA (oracle)",NA,27,27,0.605176788584035,FALSE
51,"ICA (oracle)",NA,28,28,0.615380756974544,FALSE
51,"ICA (oracle)",NA,29,29,0.625315494459989,FALSE
51,"ICA (oracle)",NA,30,30,0.635017872269613,FALSE
51,"SoftImpute (oracle)",1,0,0,0.784781278983817,NA
51,"SoftImpute (oracle)",1,1,1,0.527001407951896,NA
51,"SoftImpute (oracle)",1,2,2,0.37769281254171,NA
51,"SoftImpute (oracle)",1,3,3,0.175995940754267,NA
51,"SoftImpute (oracle)",1,4,4,0.215714971037368,NA
51,"SoftImpute (oracle)",1,5,5,0.248230807786904,NA
51,"SoftImpute (oracle)",1,6,6,0.276419485577533,NA
51,"SoftImpute (oracle)",1,7,7,0.301747497750164,NA
51,"SoftImpute (oracle)",1,8,8,0.324696178113937,NA
51,"SoftImpute (oracle)",1,9,9,0.345752987841497,NA
51,"SoftImpute (oracle)",1,10,10,0.365398492360759,NA
51,"SoftImpute (oracle)",1,11,11,0.383895822898536,NA
51,"SoftImpute (oracle)",1,12,12,0.401379886676599,NA
51,"SoftImpute (oracle)",1,13,13,0.417923200497074,NA
51,"SoftImpute (oracle)",1,14,14,0.433694454609197,NA
51,"SoftImpute (oracle)",1,15,15,0.44881102136069,NA
51,"SoftImpute (oracle)",1,16,16,0.46336560997716,NA
51,"SoftImpute (oracle)",1,17,17,0.477268454635915,NA
51,"SoftImpute (oracle)",1,18,18,0.490719492465225,NA
51,"SoftImpute (oracle)",1,19,19,0.503683748526559,NA
51,"SoftImpute (oracle)",1,20,20,0.51630545508874,NA
51,"SoftImpute (oracle)",1,21,21,0.528525568342568,NA
51,"SoftImpute (oracle)",1,22,22,0.540297999254807,NA
51,"SoftImpute (oracle)",1,23,23,0.551789765999337,NA
51,"SoftImpute (oracle)",1,24,24,0.562937714246704,NA
51,"SoftImpute (oracle)",1,25,25,0.573754737483259,NA
51,"SoftImpute (oracle)",1,26,26,0.584296160675284,NA
51,"SoftImpute (oracle)",1,27,27,0.594470292431113,NA
51,"SoftImpute (oracle)",1,28,28,0.604446332941072,NA
51,"SoftImpute (oracle)",1,29,29,0.614157840681715,NA
51,"SoftImpute (oracle)",1,30,30,0.623641362318312,NA
52,"PCA (oracle)",NA,0,0,0.841204629240471,NA
52,"PCA (oracle)",NA,1,1,0.547375570553901,NA
52,"PCA (oracle)",NA,2,2,0.38360468530668,NA
52,"PCA (oracle)",NA,3,3,0.177921171254434,NA
52,"PCA (oracle)",NA,4,4,0.218166844169649,NA
52,"PCA (oracle)",NA,5,5,0.251657419922421,NA
52,"PCA (oracle)",NA,6,6,0.280664096615573,NA
52,"PCA (oracle)",NA,7,7,0.306634715941673,NA
52,"PCA (oracle)",NA,8,8,0.330054500008817,NA
52,"PCA (oracle)",NA,9,9,0.351735497853887,NA
52,"PCA (oracle)",NA,10,10,0.37206001689267,NA
52,"PCA (oracle)",NA,11,11,0.391314390228311,NA
52,"PCA (oracle)",NA,12,12,0.409394830789122,NA
52,"PCA (oracle)",NA,13,13,0.426347438951785,NA
52,"PCA (oracle)",NA,14,14,0.442343249851039,NA
52,"PCA (oracle)",NA,15,15,0.457693523093318,NA
52,"PCA (oracle)",NA,16,16,0.472405203378218,NA
52,"PCA (oracle)",NA,17,17,0.486649676359823,NA
52,"PCA (oracle)",NA,18,18,0.50031334450055,NA
52,"PCA (oracle)",NA,19,19,0.513499108049302,NA
52,"PCA (oracle)",NA,20,20,0.52629615186226,NA
52,"PCA (oracle)",NA,21,21,0.538707370630661,NA
52,"PCA (oracle)",NA,22,22,0.550695620513201,NA
52,"PCA (oracle)",NA,23,23,0.562326895658405,NA
52,"PCA (oracle)",NA,24,24,0.57362320981098,NA
52,"PCA (oracle)",NA,25,25,0.584593479773664,NA
52,"PCA (oracle)",NA,26,26,0.595253917355835,NA
52,"PCA (oracle)",NA,27,27,0.605684748861487,NA
52,"PCA (oracle)",NA,28,28,0.615848723125241,NA
52,"PCA (oracle)",NA,29,29,0.625797711307592,NA
52,"PCA (oracle)",NA,30,30,0.635516948875296,NA
52,"ICA (oracle)",NA,0,0,0.841204629240471,NA
52,"ICA (oracle)",NA,1,1,0.547375570553901,TRUE
52,"ICA (oracle)",NA,2,2,0.38360468530668,TRUE
52,"ICA (oracle)",NA,3,3,0.177921171254434,TRUE
52,"ICA (oracle)",NA,4,4,0.218166844169649,TRUE
52,"ICA (oracle)",NA,5,5,0.251657419922421,TRUE
52,"ICA (oracle)",NA,6,6,0.280664096615573,TRUE
52,"ICA (oracle)",NA,7,7,0.306634715941673,TRUE
52,"ICA (oracle)",NA,8,8,0.330054500008817,TRUE
52,"ICA (oracle)",NA,9,9,0.351735497853887,FALSE
52,"ICA (oracle)",NA,10,10,0.37206001689267,FALSE
52,"ICA (oracle)",NA,11,11,0.391314390228311,FALSE
52,"ICA (oracle)",NA,12,12,0.409394830789122,FALSE
52,"ICA (oracle)",NA,13,13,0.426347438951785,FALSE
52,"ICA (oracle)",NA,14,14,0.442343249851039,FALSE
52,"ICA (oracle)",NA,15,15,0.457693523093318,FALSE
52,"ICA (oracle)",NA,16,16,0.472405203378218,FALSE
52,"ICA (oracle)",NA,17,17,0.486649676359824,FALSE
52,"ICA (oracle)",NA,18,18,0.50031334450055,FALSE
52,"ICA (oracle)",NA,19,19,0.513499108049302,FALSE
52,"ICA (oracle)",NA,20,20,0.52629615186226,FALSE
52,"ICA (oracle)",NA,21,21,0.538707370630662,FALSE
52,"ICA (oracle)",NA,22,22,0.550695620513201,FALSE
52,"ICA (oracle)",NA,23,23,0.562326895658406,FALSE
52,"ICA (oracle)",NA,24,24,0.57362320981098,FALSE
52,"ICA (oracle)",NA,25,25,0.584593479773664,FALSE
52,"ICA (oracle)",NA,26,26,0.595253917355835,FALSE
52,"ICA (oracle)",NA,27,27,0.605684748861487,FALSE
52,"ICA (oracle)",NA,28,28,0.615848723125241,FALSE
52,"ICA (oracle)",NA,29,29,0.625797711307592,FALSE
52,"ICA (oracle)",NA,30,30,0.635516948875295,FALSE
52,"SoftImpute (oracle)",1,0,0,0.841204629240471,NA
52,"SoftImpute (oracle)",1,1,1,0.5473274281468,NA
52,"SoftImpute (oracle)",1,2,2,0.383421007762802,NA
52,"SoftImpute (oracle)",1,3,3,0.177265874010103,NA
52,"SoftImpute (oracle)",1,4,4,0.216343200361051,NA
52,"SoftImpute (oracle)",1,5,5,0.248964032974661,NA
52,"SoftImpute (oracle)",1,6,6,0.277260263031968,NA
52,"SoftImpute (oracle)",1,7,7,0.302619320938823,NA
52,"SoftImpute (oracle)",1,8,8,0.3254972804249,NA
52,"SoftImpute (oracle)",1,9,9,0.34668665707667,NA
52,"SoftImpute (oracle)",1,10,10,0.366558340670172,NA
52,"SoftImpute (oracle)",1,11,11,0.385390875222494,NA
52,"SoftImpute (oracle)",1,12,12,0.403075935345167,NA
52,"SoftImpute (oracle)",1,13,13,0.419655698099841,NA
52,"SoftImpute (oracle)",1,14,14,0.435297768069058,NA
52,"SoftImpute (oracle)",1,15,15,0.450310225725196,NA
52,"SoftImpute (oracle)",1,16,16,0.464698270636113,NA
52,"SoftImpute (oracle)",1,17,17,0.478631387524408,NA
52,"SoftImpute (oracle)",1,18,18,0.491995125261871,NA
52,"SoftImpute (oracle)",1,19,19,0.504891104787343,NA
52,"SoftImpute (oracle)",1,20,20,0.517407440092933,NA
52,"SoftImpute (oracle)",1,21,21,0.52954630712112,NA
52,"SoftImpute (oracle)",1,22,22,0.541270033052763,NA
52,"SoftImpute (oracle)",1,23,23,0.552643900282822,NA
52,"SoftImpute (oracle)",1,24,24,0.563689393447067,NA
52,"SoftImpute (oracle)",1,25,25,0.57441498924841,NA
52,"SoftImpute (oracle)",1,26,26,0.584836488279121,NA
52,"SoftImpute (oracle)",1,27,27,0.595033588444316,NA
52,"SoftImpute (oracle)",1,28,28,0.604968839063837,NA
52,"SoftImpute (oracle)",1,29,29,0.614693718859709,NA
52,"SoftImpute (oracle)",1,30,30,0.624193261586522,NA
53,"PCA (oracle)",NA,0,0,0.823702291441797,NA
53,"PCA (oracle)",NA,1,1,0.518992774812228,NA
53,"PCA (oracle)",NA,2,2,0.366283550138249,NA
53,"PCA (oracle)",NA,3,3,0.175519969813249,NA
53,"PCA (oracle)",NA,4,4,0.216534137384126,NA
53,"PCA (oracle)",NA,5,5,0.250908287331575,NA
53,"PCA (oracle)",NA,6,6,0.280247497584833,NA
53,"PCA (oracle)",NA,7,7,0.305847572123997,NA
53,"PCA (oracle)",NA,8,8,0.329489479132095,NA
53,"PCA (oracle)",NA,9,9,0.351268920658611,NA
53,"PCA (oracle)",NA,10,10,0.37158360585591,NA
53,"PCA (oracle)",NA,11,11,0.390671810012212,NA
53,"PCA (oracle)",NA,12,12,0.408701575092056,NA
53,"PCA (oracle)",NA,13,13,0.425853515723697,NA
53,"PCA (oracle)",NA,14,14,0.442141557662257,NA
53,"PCA (oracle)",NA,15,15,0.457831096393811,NA
53,"PCA (oracle)",NA,16,16,0.472763890663511,NA
53,"PCA (oracle)",NA,17,17,0.487102615066571,NA
53,"PCA (oracle)",NA,18,18,0.50082189501142,NA
53,"PCA (oracle)",NA,19,19,0.514102955374007,NA
53,"PCA (oracle)",NA,20,20,0.52694520376286,NA
53,"PCA (oracle)",NA,21,21,0.539341082487316,NA
53,"PCA (oracle)",NA,22,22,0.551441059947126,NA
53,"PCA (oracle)",NA,23,23,0.563119653762634,NA
53,"PCA (oracle)",NA,24,24,0.574522185665109,NA
53,"PCA (oracle)",NA,25,25,0.585588949971934,NA
53,"PCA (oracle)",NA,26,26,0.596394893643548,NA
53,"PCA (oracle)",NA,27,27,0.6069023399245,NA
53,"PCA (oracle)",NA,28,28,0.617154529873637,NA
53,"PCA (oracle)",NA,29,29,0.627175766399578,NA
53,"PCA (oracle)",NA,30,30,0.636946236172536,NA
53,"ICA (oracle)",NA,0,0,0.823702291441797,NA
53,"ICA (oracle)",NA,1,1,0.518992774812228,TRUE
53,"ICA (oracle)",NA,2,2,0.366283550138249,TRUE
53,"ICA (oracle)",NA,3,3,0.175519969813249,TRUE
53,"ICA (oracle)",NA,4,4,0.216534137384126,TRUE
53,"ICA (oracle)",NA,5,5,0.250908287331576,TRUE
53,"ICA (oracle)",NA,6,6,0.280247497584834,TRUE
53,"ICA (oracle)",NA,7,7,0.305847572123997,FALSE
53,"ICA (oracle)",NA,8,8,0.329489479132095,TRUE
53,"ICA (oracle)",NA,9,9,0.351268920658611,FALSE
53,"ICA (oracle)",NA,10,10,0.37158360585591,FALSE
53,"ICA (oracle)",NA,11,11,0.390671810012213,TRUE
53,"ICA (oracle)",NA,12,12,0.408701575092057,FALSE
53,"ICA (oracle)",NA,13,13,0.425853515723697,FALSE
53,"ICA (oracle)",NA,14,14,0.442141557662258,FALSE
53,"ICA (oracle)",NA,15,15,0.457831096393811,FALSE
53,"ICA (oracle)",NA,16,16,0.472763890663512,FALSE
53,"ICA (oracle)",NA,17,17,0.487102615066571,FALSE
53,"ICA (oracle)",NA,18,18,0.50082189501142,FALSE
53,"ICA (oracle)",NA,19,19,0.514102955374007,FALSE
53,"ICA (oracle)",NA,20,20,0.52694520376286,FALSE
53,"ICA (oracle)",NA,21,21,0.539341082487316,FALSE
53,"ICA (oracle)",NA,22,22,0.551441059947127,FALSE
53,"ICA (oracle)",NA,23,23,0.563119653762634,FALSE
53,"ICA (oracle)",NA,24,24,0.574522185665109,FALSE
53,"ICA (oracle)",NA,25,25,0.585588949971934,FALSE
53,"ICA (oracle)",NA,26,26,0.596394893643549,FALSE
53,"ICA (oracle)",NA,27,27,0.6069023399245,FALSE
53,"ICA (oracle)",NA,28,28,0.617154529873638,FALSE
53,"ICA (oracle)",NA,29,29,0.627175766399578,FALSE
53,"ICA (oracle)",NA,30,30,0.636946236172537,FALSE
53,"SoftImpute (oracle)",1,0,0,0.823702291441797,NA
53,"SoftImpute (oracle)",1,1,1,0.518946115010173,NA
53,"SoftImpute (oracle)",1,2,2,0.366069014635472,NA
53,"SoftImpute (oracle)",1,3,3,0.174747665124937,NA
53,"SoftImpute (oracle)",1,4,4,0.214602947709246,NA
53,"SoftImpute (oracle)",1,5,5,0.248113836846744,NA
53,"SoftImpute (oracle)",1,6,6,0.276750591206226,NA
53,"SoftImpute (oracle)",1,7,7,0.301748519716046,NA
53,"SoftImpute (oracle)",1,8,8,0.324853274933057,NA
53,"SoftImpute (oracle)",1,9,9,0.346145404947295,NA
53,"SoftImpute (oracle)",1,10,10,0.366011243931334,NA
53,"SoftImpute (oracle)",1,11,11,0.384681519994659,NA
53,"SoftImpute (oracle)",1,12,12,0.40231889923809,NA
53,"SoftImpute (oracle)",1,13,13,0.419099845004939,NA
53,"SoftImpute (oracle)",1,14,14,0.435035480711457,NA
53,"SoftImpute (oracle)",1,15,15,0.450388287037792,NA
53,"SoftImpute (oracle)",1,16,16,0.464998713469549,NA
53,"SoftImpute (oracle)",1,17,17,0.479027562686482,NA
53,"SoftImpute (oracle)",1,18,18,0.492448345165751,NA
53,"SoftImpute (oracle)",1,19,19,0.505440831341469,NA
53,"SoftImpute (oracle)",1,20,20,0.518003607075039,NA
53,"SoftImpute (oracle)",1,21,21,0.530128419881882,NA
53,"SoftImpute (oracle)",1,22,22,0.541964760804458,NA
53,"SoftImpute (oracle)",1,23,23,0.553386915579312,NA
53,"SoftImpute (oracle)",1,24,24,0.564539390161659,NA
53,"SoftImpute (oracle)",1,25,25,0.575362208779151,NA
53,"SoftImpute (oracle)",1,26,26,0.585929776059395,NA
53,"SoftImpute (oracle)",1,27,27,0.596204176514046,NA
53,"SoftImpute (oracle)",1,28,28,0.606228256724535,NA
53,"SoftImpute (oracle)",1,29,29,0.616026000476971,NA
53,"SoftImpute (oracle)",1,30,30,0.625577402402927,NA
54,"PCA (oracle)",NA,0,0,0.748253500934717,NA
54,"PCA (oracle)",NA,1,1,0.477921447081453,NA
54,"PCA (oracle)",NA,2,2,0.33536962852142,NA
54,"PCA (oracle)",NA,3,3,0.174769015769714,NA
54,"PCA (oracle)",NA,4,4,0.215332364126547,NA
54,"PCA (oracle)",NA,5,5,0.248448599142374,NA
54,"PCA (oracle)",NA,6,6,0.277413582678715,NA
54,"PCA (oracle)",NA,7,7,0.30323865082138,NA
54,"PCA (oracle)",NA,8,8,0.326926459692459,NA
54,"PCA (oracle)",NA,9,9,0.348880985238132,NA
54,"PCA (oracle)",NA,10,10,0.369215591746537,NA
54,"PCA (oracle)",NA,11,11,0.388107163710108,NA
54,"PCA (oracle)",NA,12,12,0.405865500374979,NA
54,"PCA (oracle)",NA,13,13,0.422764787358937,NA
54,"PCA (oracle)",NA,14,14,0.438875490913169,NA
54,"PCA (oracle)",NA,15,15,0.454331668364198,NA
54,"PCA (oracle)",NA,16,16,0.46903144502812,NA
54,"PCA (oracle)",NA,17,17,0.483257463247732,NA
54,"PCA (oracle)",NA,18,18,0.496944408014248,NA
54,"PCA (oracle)",NA,19,19,0.510226685947771,NA
54,"PCA (oracle)",NA,20,20,0.523010996169578,NA
54,"PCA (oracle)",NA,21,21,0.535417956187792,NA
54,"PCA (oracle)",NA,22,22,0.547509492217912,NA
54,"PCA (oracle)",NA,23,23,0.559209957365473,NA
54,"PCA (oracle)",NA,24,24,0.57062905236606,NA
54,"PCA (oracle)",NA,25,25,0.581569142207828,NA
54,"PCA (oracle)",NA,26,26,0.592231957977169,NA
54,"PCA (oracle)",NA,27,27,0.602690108917645,NA
54,"PCA (oracle)",NA,28,28,0.612820202825079,NA
54,"PCA (oracle)",NA,29,29,0.622746535915956,NA
54,"PCA (oracle)",NA,30,30,0.632500081084703,NA
54,"ICA (oracle)",NA,0,0,0.748253500934717,NA
54,"ICA (oracle)",NA,1,1,0.477921447081453,TRUE
54,"ICA (oracle)",NA,2,2,0.33536962852142,TRUE
54,"ICA (oracle)",NA,3,3,0.174769015769714,TRUE
54,"ICA (oracle)",NA,4,4,0.215332364126547,TRUE
54,"ICA (oracle)",NA,5,5,0.248448599142374,FALSE
54,"ICA (oracle)",NA,6,6,0.277413582678715,TRUE
54,"ICA (oracle)",NA,7,7,0.30323865082138,TRUE
54,"ICA (oracle)",NA,8,8,0.326926459692459,FALSE
54,"ICA (oracle)",NA,9,9,0.348880985238132,FALSE
54,"ICA (oracle)",NA,10,10,0.369215591746537,FALSE
54,"ICA (oracle)",NA,11,11,0.388107163710108,FALSE
54,"ICA (oracle)",NA,12,12,0.405865500374979,FALSE
54,"ICA (oracle)",NA,13,13,0.422764787358937,FALSE
54,"ICA (oracle)",NA,14,14,0.438875490913169,FALSE
54,"ICA (oracle)",NA,15,15,0.454331668364198,FALSE
54,"ICA (oracle)",NA,16,16,0.46903144502812,FALSE
54,"ICA (oracle)",NA,17,17,0.483257463247732,FALSE
54,"ICA (oracle)",NA,18,18,0.496944408014248,FALSE
54,"ICA (oracle)",NA,19,19,0.510226685947771,FALSE
54,"ICA (oracle)",NA,20,20,0.523010996169578,FALSE
54,"ICA (oracle)",NA,21,21,0.535417956187792,FALSE
54,"ICA (oracle)",NA,22,22,0.547509492217912,FALSE
54,"ICA (oracle)",NA,23,23,0.559209957365473,FALSE
54,"ICA (oracle)",NA,24,24,0.570629052366061,FALSE
54,"ICA (oracle)",NA,25,25,0.581569142207828,FALSE
54,"ICA (oracle)",NA,26,26,0.592231957977168,FALSE
54,"ICA (oracle)",NA,27,27,0.602690108917645,FALSE
54,"ICA (oracle)",NA,28,28,0.612820202825079,FALSE
54,"ICA (oracle)",NA,29,29,0.622746535915956,FALSE
54,"ICA (oracle)",NA,30,30,0.632500081084704,FALSE
54,"SoftImpute (oracle)",1,0,0,0.748253500934717,NA
54,"SoftImpute (oracle)",1,1,1,0.47784796261143,NA
54,"SoftImpute (oracle)",1,2,2,0.335083775968143,NA
54,"SoftImpute (oracle)",1,3,3,0.173851729644564,NA
54,"SoftImpute (oracle)",1,4,4,0.213285441352433,NA
54,"SoftImpute (oracle)",1,5,5,0.245560840600036,NA
54,"SoftImpute (oracle)",1,6,6,0.273833491895472,NA
54,"SoftImpute (oracle)",1,7,7,0.299061074685333,NA
54,"SoftImpute (oracle)",1,8,8,0.322216332048696,NA
54,"SoftImpute (oracle)",1,9,9,0.3436868594845,NA
54,"SoftImpute (oracle)",1,10,10,0.363575930791043,NA
54,"SoftImpute (oracle)",1,11,11,0.382053077341293,NA
54,"SoftImpute (oracle)",1,12,12,0.399422280026786,NA
54,"SoftImpute (oracle)",1,13,13,0.415953370871513,NA
54,"SoftImpute (oracle)",1,14,14,0.431713943694744,NA
54,"SoftImpute (oracle)",1,15,15,0.446835578838205,NA
54,"SoftImpute (oracle)",1,16,16,0.461214963677178,NA
54,"SoftImpute (oracle)",1,17,17,0.47513261065743,NA
54,"SoftImpute (oracle)",1,18,18,0.488522231714911,NA
54,"SoftImpute (oracle)",1,19,19,0.501516943285551,NA
54,"SoftImpute (oracle)",1,20,20,0.514022844906293,NA
54,"SoftImpute (oracle)",1,21,21,0.526159565887466,NA
54,"SoftImpute (oracle)",1,22,22,0.5379882878676,NA
54,"SoftImpute (oracle)",1,23,23,0.54943300486348,NA
54,"SoftImpute (oracle)",1,24,24,0.560602706530671,NA
54,"SoftImpute (oracle)",1,25,25,0.57129978698896,NA
54,"SoftImpute (oracle)",1,26,26,0.581725150759499,NA
54,"SoftImpute (oracle)",1,27,27,0.591950920983829,NA
54,"SoftImpute (oracle)",1,28,28,0.601853699622146,NA
54,"SoftImpute (oracle)",1,29,29,0.611557235309579,NA
54,"SoftImpute (oracle)",1,30,30,0.621092200254504,NA
55,"PCA (oracle)",NA,0,0,0.771260167869531,NA
55,"PCA (oracle)",NA,1,1,0.465126801556944,NA
55,"PCA (oracle)",NA,2,2,0.330938959527709,NA
55,"PCA (oracle)",NA,3,3,0.174755903512282,NA
55,"PCA (oracle)",NA,4,4,0.215019446263378,NA
55,"PCA (oracle)",NA,5,5,0.248597597527735,NA
55,"PCA (oracle)",NA,6,6,0.277764323045375,NA
55,"PCA (oracle)",NA,7,7,0.303936157408487,NA
55,"PCA (oracle)",NA,8,8,0.327336068816018,NA
55,"PCA (oracle)",NA,9,9,0.348755649450685,NA
55,"PCA (oracle)",NA,10,10,0.368623070543005,NA
55,"PCA (oracle)",NA,11,11,0.387521681444748,NA
55,"PCA (oracle)",NA,12,12,0.405342084268347,NA
55,"PCA (oracle)",NA,13,13,0.422265412781041,NA
55,"PCA (oracle)",NA,14,14,0.438430263992352,NA
55,"PCA (oracle)",NA,15,15,0.453882440012577,NA
55,"PCA (oracle)",NA,16,16,0.468725442925766,NA
55,"PCA (oracle)",NA,17,17,0.482919664442176,NA
55,"PCA (oracle)",NA,18,18,0.496649437788752,NA
55,"PCA (oracle)",NA,19,19,0.509899158059762,NA
55,"PCA (oracle)",NA,20,20,0.52266627610252,NA
55,"PCA (oracle)",NA,21,21,0.535056516237429,NA
55,"PCA (oracle)",NA,22,22,0.547062456932096,NA
55,"PCA (oracle)",NA,23,23,0.558694929703348,NA
55,"PCA (oracle)",NA,24,24,0.570028787306651,NA
55,"PCA (oracle)",NA,25,25,0.580993260187023,NA
55,"PCA (oracle)",NA,26,26,0.591777504217115,NA
55,"PCA (oracle)",NA,27,27,0.602238227127417,NA
55,"PCA (oracle)",NA,28,28,0.612412041684792,NA
55,"PCA (oracle)",NA,29,29,0.622358756851903,NA
55,"PCA (oracle)",NA,30,30,0.632102565173264,NA
55,"ICA (oracle)",NA,0,0,0.771260167869531,NA
55,"ICA (oracle)",NA,1,1,0.465126801556944,TRUE
55,"ICA (oracle)",NA,2,2,0.330938959527709,TRUE
55,"ICA (oracle)",NA,3,3,0.174755903512282,TRUE
55,"ICA (oracle)",NA,4,4,0.215019446263379,TRUE
55,"ICA (oracle)",NA,5,5,0.248597597527735,TRUE
55,"ICA (oracle)",NA,6,6,0.277764323045375,FALSE
55,"ICA (oracle)",NA,7,7,0.303936157408487,FALSE
55,"ICA (oracle)",NA,8,8,0.327336068816019,FALSE
55,"ICA (oracle)",NA,9,9,0.348755649450685,TRUE
55,"ICA (oracle)",NA,10,10,0.368623070543005,FALSE
55,"ICA (oracle)",NA,11,11,0.387521681444748,FALSE
55,"ICA (oracle)",NA,12,12,0.405342084268347,FALSE
55,"ICA (oracle)",NA,13,13,0.422265412781041,FALSE
55,"ICA (oracle)",NA,14,14,0.438430263992352,FALSE
55,"ICA (oracle)",NA,15,15,0.453882440012578,FALSE
55,"ICA (oracle)",NA,16,16,0.468725442925766,FALSE
55,"ICA (oracle)",NA,17,17,0.482919664442176,FALSE
55,"ICA (oracle)",NA,18,18,0.496649437788752,FALSE
55,"ICA (oracle)",NA,19,19,0.509899158059762,FALSE
55,"ICA (oracle)",NA,20,20,0.52266627610252,FALSE
55,"ICA (oracle)",NA,21,21,0.535056516237429,FALSE
55,"ICA (oracle)",NA,22,22,0.547062456932096,FALSE
55,"ICA (oracle)",NA,23,23,0.558694929703348,FALSE
55,"ICA (oracle)",NA,24,24,0.570028787306651,FALSE
55,"ICA (oracle)",NA,25,25,0.580993260187023,FALSE
55,"ICA (oracle)",NA,26,26,0.591777504217116,FALSE
55,"ICA (oracle)",NA,27,27,0.602238227127417,FALSE
55,"ICA (oracle)",NA,28,28,0.612412041684792,FALSE
55,"ICA (oracle)",NA,29,29,0.622358756851903,FALSE
55,"ICA (oracle)",NA,30,30,0.632102565173264,FALSE
55,"SoftImpute (oracle)",1,0,0,0.771260167869531,NA
55,"SoftImpute (oracle)",1,1,1,0.465054320966316,NA
55,"SoftImpute (oracle)",1,2,2,0.330653298026996,NA
55,"SoftImpute (oracle)",1,3,3,0.173823548410741,NA
55,"SoftImpute (oracle)",1,4,4,0.212962713169327,NA
55,"SoftImpute (oracle)",1,5,5,0.245698055756674,NA
55,"SoftImpute (oracle)",1,6,6,0.274172700354725,NA
55,"SoftImpute (oracle)",1,7,7,0.299746623147409,NA
55,"SoftImpute (oracle)",1,8,8,0.322616201646772,NA
55,"SoftImpute (oracle)",1,9,9,0.343554419352175,NA
55,"SoftImpute (oracle)",1,10,10,0.362978238867911,NA
55,"SoftImpute (oracle)",1,11,11,0.381462557881331,NA
55,"SoftImpute (oracle)",1,12,12,0.398893782000084,NA
55,"SoftImpute (oracle)",1,13,13,0.415448987929808,NA
55,"SoftImpute (oracle)",1,14,14,0.431263695679333,NA
55,"SoftImpute (oracle)",1,15,15,0.44638146947944,NA
55,"SoftImpute (oracle)",1,16,16,0.460903837185537,NA
55,"SoftImpute (oracle)",1,17,17,0.474789891874628,NA
55,"SoftImpute (oracle)",1,18,18,0.48822235211638,NA
55,"SoftImpute (oracle)",1,19,19,0.501184689818876,NA
55,"SoftImpute (oracle)",1,20,20,0.513673536399536,NA
55,"SoftImpute (oracle)",1,21,21,0.525793662740832,NA
55,"SoftImpute (oracle)",1,22,22,0.537537058841343,NA
55,"SoftImpute (oracle)",1,23,23,0.54891400065061,NA
55,"SoftImpute (oracle)",1,24,24,0.559998707032484,NA
55,"SoftImpute (oracle)",1,25,25,0.570720159125989,NA
55,"SoftImpute (oracle)",1,26,26,0.581266725230402,NA
55,"SoftImpute (oracle)",1,27,27,0.591495112511056,NA
55,"SoftImpute (oracle)",1,28,28,0.601441559741589,NA
55,"SoftImpute (oracle)",1,29,29,0.611165480064452,NA
55,"SoftImpute (oracle)",1,30,30,0.620690777329291,NA
56,"PCA (oracle)",NA,0,0,0.741279163135187,NA
56,"PCA (oracle)",NA,1,1,0.460203389407002,NA
56,"PCA (oracle)",NA,2,2,0.328937702074095,NA
56,"PCA (oracle)",NA,3,3,0.176156472684513,NA
56,"PCA (oracle)",NA,4,4,0.218556184672453,NA
56,"PCA (oracle)",NA,5,5,0.251793368773633,NA
56,"PCA (oracle)",NA,6,6,0.281114858901024,NA
56,"PCA (oracle)",NA,7,7,0.307274676025241,NA
56,"PCA (oracle)",NA,8,8,0.331149351266056,NA
56,"PCA (oracle)",NA,9,9,0.352719609534956,NA
56,"PCA (oracle)",NA,10,10,0.372933430173704,NA
56,"PCA (oracle)",NA,11,11,0.391801417747203,NA
56,"PCA (oracle)",NA,12,12,0.409777132154108,NA
56,"PCA (oracle)",NA,13,13,0.426924395653281,NA
56,"PCA (oracle)",NA,14,14,0.443019867758395,NA
56,"PCA (oracle)",NA,15,15,0.458473524269503,NA
56,"PCA (oracle)",NA,16,16,0.473152104091743,NA
56,"PCA (oracle)",NA,17,17,0.487323796704369,NA
56,"PCA (oracle)",NA,18,18,0.500970517751863,NA
56,"PCA (oracle)",NA,19,19,0.514117891976896,NA
56,"PCA (oracle)",NA,20,20,0.526869294588099,NA
56,"PCA (oracle)",NA,21,21,0.539246281388503,NA
56,"PCA (oracle)",NA,22,22,0.551249320509064,NA
56,"PCA (oracle)",NA,23,23,0.562895920516292,NA
56,"PCA (oracle)",NA,24,24,0.574242885038308,NA
56,"PCA (oracle)",NA,25,25,0.585219575375243,NA
56,"PCA (oracle)",NA,26,26,0.595905954108526,NA
56,"PCA (oracle)",NA,27,27,0.606323721882811,NA
56,"PCA (oracle)",NA,28,28,0.616545486852709,NA
56,"PCA (oracle)",NA,29,29,0.626468275005307,NA
56,"PCA (oracle)",NA,30,30,0.636073363634223,NA
56,"ICA (oracle)",NA,0,0,0.741279163135187,NA
56,"ICA (oracle)",NA,1,1,0.460203389407002,TRUE
56,"ICA (oracle)",NA,2,2,0.328937702074095,TRUE
56,"ICA (oracle)",NA,3,3,0.176156472684513,TRUE
56,"ICA (oracle)",NA,4,4,0.218556184672453,TRUE
56,"ICA (oracle)",NA,5,5,0.251793368773633,TRUE
56,"ICA (oracle)",NA,6,6,0.281114858901024,TRUE
56,"ICA (oracle)",NA,7,7,0.307274676025241,FALSE
56,"ICA (oracle)",NA,8,8,0.331149351266056,TRUE
56,"ICA (oracle)",NA,9,9,0.352719609534957,TRUE
56,"ICA (oracle)",NA,10,10,0.372933430173704,FALSE
56,"ICA (oracle)",NA,11,11,0.391801417747203,FALSE
56,"ICA (oracle)",NA,12,12,0.409777132154109,TRUE
56,"ICA (oracle)",NA,13,13,0.426924395653281,FALSE
56,"ICA (oracle)",NA,14,14,0.443019867758395,FALSE
56,"ICA (oracle)",NA,15,15,0.458473524269504,FALSE
56,"ICA (oracle)",NA,16,16,0.473152104091743,FALSE
56,"ICA (oracle)",NA,17,17,0.487323796704369,FALSE
56,"ICA (oracle)",NA,18,18,0.500970517751863,FALSE
56,"ICA (oracle)",NA,19,19,0.514117891976896,FALSE
56,"ICA (oracle)",NA,20,20,0.526869294588099,FALSE
56,"ICA (oracle)",NA,21,21,0.539246281388503,FALSE
56,"ICA (oracle)",NA,22,22,0.551249320509064,FALSE
56,"ICA (oracle)",NA,23,23,0.562895920516292,FALSE
56,"ICA (oracle)",NA,24,24,0.574242885038308,FALSE
56,"ICA (oracle)",NA,25,25,0.585219575375243,FALSE
56,"ICA (oracle)",NA,26,26,0.595905954108526,FALSE
56,"ICA (oracle)",NA,27,27,0.606323721882811,FALSE
56,"ICA (oracle)",NA,28,28,0.616545486852709,FALSE
56,"ICA (oracle)",NA,29,29,0.626468275005307,FALSE
56,"ICA (oracle)",NA,30,30,0.636073363634223,FALSE
56,"SoftImpute (oracle)",1,0,0,0.741279163135187,NA
56,"SoftImpute (oracle)",1,1,1,0.460160788391972,NA
56,"SoftImpute (oracle)",1,2,2,0.32869548422411,NA
56,"SoftImpute (oracle)",1,3,3,0.175295088906228,NA
56,"SoftImpute (oracle)",1,4,4,0.216542204491377,NA
56,"SoftImpute (oracle)",1,5,5,0.24893665658714,NA
56,"SoftImpute (oracle)",1,6,6,0.277562773792881,NA
56,"SoftImpute (oracle)",1,7,7,0.30312277995004,NA
56,"SoftImpute (oracle)",1,8,8,0.32646356588361,NA
56,"SoftImpute (oracle)",1,9,9,0.347550754588502,NA
56,"SoftImpute (oracle)",1,10,10,0.367318820853844,NA
56,"SoftImpute (oracle)",1,11,11,0.385771858567322,NA
56,"SoftImpute (oracle)",1,12,12,0.403357224975807,NA
56,"SoftImpute (oracle)",1,13,13,0.420135123285593,NA
56,"SoftImpute (oracle)",1,14,14,0.435880137156067,NA
56,"SoftImpute (oracle)",1,15,15,0.450998903905082,NA
56,"SoftImpute (oracle)",1,16,16,0.465356832225107,NA
56,"SoftImpute (oracle)",1,17,17,0.479219983272189,NA
56,"SoftImpute (oracle)",1,18,18,0.492569187595261,NA
56,"SoftImpute (oracle)",1,19,19,0.505429038131229,NA
56,"SoftImpute (oracle)",1,20,20,0.517901832173619,NA
56,"SoftImpute (oracle)",1,21,21,0.530008385134003,NA
56,"SoftImpute (oracle)",1,22,22,0.541748557959827,NA
56,"SoftImpute (oracle)",1,23,23,0.553139288653939,NA
56,"SoftImpute (oracle)",1,24,24,0.564236784284756,NA
56,"SoftImpute (oracle)",1,25,25,0.574970162867961,NA
56,"SoftImpute (oracle)",1,26,26,0.585418832668171,NA
56,"SoftImpute (oracle)",1,27,27,0.595604120175672,NA
56,"SoftImpute (oracle)",1,28,28,0.605598176938087,NA
56,"SoftImpute (oracle)",1,29,29,0.615298010691404,NA
56,"SoftImpute (oracle)",1,30,30,0.62468470906834,NA
57,"PCA (oracle)",NA,0,0,0.816527489052878,NA
57,"PCA (oracle)",NA,1,1,0.530866038998362,NA
57,"PCA (oracle)",NA,2,2,0.355782899762043,NA
57,"PCA (oracle)",NA,3,3,0.177142387283941,NA
57,"PCA (oracle)",NA,4,4,0.218090202514156,NA
57,"PCA (oracle)",NA,5,5,0.251682343654909,NA
57,"PCA (oracle)",NA,6,6,0.280783813060892,NA
57,"PCA (oracle)",NA,7,7,0.306588926088951,NA
57,"PCA (oracle)",NA,8,8,0.330154741083473,NA
57,"PCA (oracle)",NA,9,9,0.351907614078624,NA
57,"PCA (oracle)",NA,10,10,0.372189932760327,NA
57,"PCA (oracle)",NA,11,11,0.391279191183161,NA
57,"PCA (oracle)",NA,12,12,0.409263037983052,NA
57,"PCA (oracle)",NA,13,13,0.426251234739634,NA
57,"PCA (oracle)",NA,14,14,0.442291545632882,NA
57,"PCA (oracle)",NA,15,15,0.457657387689865,NA
57,"PCA (oracle)",NA,16,16,0.47244771152269,NA
57,"PCA (oracle)",NA,17,17,0.486651654810976,NA
57,"PCA (oracle)",NA,18,18,0.500224095396652,NA
57,"PCA (oracle)",NA,19,19,0.513470766526965,NA
57,"PCA (oracle)",NA,20,20,0.526278980515919,NA
57,"PCA (oracle)",NA,21,21,0.538627128289776,NA
57,"PCA (oracle)",NA,22,22,0.550520822692176,NA
57,"PCA (oracle)",NA,23,23,0.56209066531354,NA
57,"PCA (oracle)",NA,24,24,0.573425649680947,NA
57,"PCA (oracle)",NA,25,25,0.584340330816818,NA
57,"PCA (oracle)",NA,26,26,0.595083436054543,NA
57,"PCA (oracle)",NA,27,27,0.605540566260261,NA
57,"PCA (oracle)",NA,28,28,0.615744892685849,NA
57,"PCA (oracle)",NA,29,29,0.625642888969068,NA
57,"PCA (oracle)",NA,30,30,0.635336992620596,NA
57,"ICA (oracle)",NA,0,0,0.816527489052878,NA
57,"ICA (oracle)",NA,1,1,0.530866038998362,TRUE
57,"ICA (oracle)",NA,2,2,0.355782899762043,TRUE
57,"ICA (oracle)",NA,3,3,0.177142387283941,TRUE
57,"ICA (oracle)",NA,4,4,0.218090202514156,TRUE
57,"ICA (oracle)",NA,5,5,0.251682343654909,FALSE
57,"ICA (oracle)",NA,6,6,0.280783813060892,TRUE
57,"ICA (oracle)",NA,7,7,0.306588926088951,TRUE
57,"ICA (oracle)",NA,8,8,0.330154741083473,TRUE
57,"ICA (oracle)",NA,9,9,0.351907614078624,TRUE
57,"ICA (oracle)",NA,10,10,0.372189932760327,FALSE
57,"ICA (oracle)",NA,11,11,0.391279191183161,FALSE
57,"ICA (oracle)",NA,12,12,0.409263037983052,FALSE
57,"ICA (oracle)",NA,13,13,0.426251234739633,FALSE
57,"ICA (oracle)",NA,14,14,0.442291545632882,FALSE
57,"ICA (oracle)",NA,15,15,0.457657387689865,FALSE
57,"ICA (oracle)",NA,16,16,0.47244771152269,FALSE
57,"ICA (oracle)",NA,17,17,0.486651654810976,FALSE
57,"ICA (oracle)",NA,18,18,0.500224095396652,FALSE
57,"ICA (oracle)",NA,19,19,0.513470766526965,FALSE
57,"ICA (oracle)",NA,20,20,0.526278980515919,FALSE
57,"ICA (oracle)",NA,21,21,0.538627128289777,FALSE
57,"ICA (oracle)",NA,22,22,0.550520822692176,FALSE
57,"ICA (oracle)",NA,23,23,0.56209066531354,FALSE
57,"ICA (oracle)",NA,24,24,0.573425649680947,FALSE
57,"ICA (oracle)",NA,25,25,0.584340330816818,FALSE
57,"ICA (oracle)",NA,26,26,0.595083436054543,FALSE
57,"ICA (oracle)",NA,27,27,0.605540566260261,FALSE
57,"ICA (oracle)",NA,28,28,0.61574489268585,FALSE
57,"ICA (oracle)",NA,29,29,0.625642888969068,FALSE
57,"ICA (oracle)",NA,30,30,0.635336992620596,FALSE
57,"SoftImpute (oracle)",1,0,0,0.816527489052878,NA
57,"SoftImpute (oracle)",1,1,1,0.530802197011228,NA
57,"SoftImpute (oracle)",1,2,2,0.355549689098561,NA
57,"SoftImpute (oracle)",1,3,3,0.176347958255528,NA
57,"SoftImpute (oracle)",1,4,4,0.216144826793382,NA
57,"SoftImpute (oracle)",1,5,5,0.248882415766014,NA
57,"SoftImpute (oracle)",1,6,6,0.277283803978385,NA
57,"SoftImpute (oracle)",1,7,7,0.302486265420011,NA
57,"SoftImpute (oracle)",1,8,8,0.325515749834723,NA
57,"SoftImpute (oracle)",1,9,9,0.34678175262128,NA
57,"SoftImpute (oracle)",1,10,10,0.366615593858109,NA
57,"SoftImpute (oracle)",1,11,11,0.385287117456776,NA
57,"SoftImpute (oracle)",1,12,12,0.402878882522803,NA
57,"SoftImpute (oracle)",1,13,13,0.419496690296924,NA
57,"SoftImpute (oracle)",1,14,14,0.435185375759492,NA
57,"SoftImpute (oracle)",1,15,15,0.450215377033991,NA
57,"SoftImpute (oracle)",1,16,16,0.464683668485962,NA
57,"SoftImpute (oracle)",1,17,17,0.478578026956327,NA
57,"SoftImpute (oracle)",1,18,18,0.491852276397426,NA
57,"SoftImpute (oracle)",1,19,19,0.504810375209587,NA
57,"SoftImpute (oracle)",1,20,20,0.517339118771195,NA
57,"SoftImpute (oracle)",1,21,21,0.5294162388895,NA
57,"SoftImpute (oracle)",1,22,22,0.541046714922382,NA
57,"SoftImpute (oracle)",1,23,23,0.552360287351409,NA
57,"SoftImpute (oracle)",1,24,24,0.563445276596684,NA
57,"SoftImpute (oracle)",1,25,25,0.574116275593654,NA
57,"SoftImpute (oracle)",1,26,26,0.584621047572817,NA
57,"SoftImpute (oracle)",1,27,27,0.594845148074719,NA
57,"SoftImpute (oracle)",1,28,28,0.604821377188236,NA
57,"SoftImpute (oracle)",1,29,29,0.614496072455749,NA
57,"SoftImpute (oracle)",1,30,30,0.623971186905714,NA
58,"PCA (oracle)",NA,0,0,0.809315547873621,NA
58,"PCA (oracle)",NA,1,1,0.539935787584545,NA
58,"PCA (oracle)",NA,2,2,0.397958525318325,NA
58,"PCA (oracle)",NA,3,3,0.175157394289711,NA
58,"PCA (oracle)",NA,4,4,0.216340653855085,NA
58,"PCA (oracle)",NA,5,5,0.24976094844055,NA
58,"PCA (oracle)",NA,6,6,0.279236257004883,NA
58,"PCA (oracle)",NA,7,7,0.305246591712473,NA
58,"PCA (oracle)",NA,8,8,0.32878822856117,NA
58,"PCA (oracle)",NA,9,9,0.350648093332758,NA
58,"PCA (oracle)",NA,10,10,0.370925273821207,NA
58,"PCA (oracle)",NA,11,11,0.390132470026987,NA
58,"PCA (oracle)",NA,12,12,0.408145632776017,NA
58,"PCA (oracle)",NA,13,13,0.425196445884114,NA
58,"PCA (oracle)",NA,14,14,0.441397848515564,NA
58,"PCA (oracle)",NA,15,15,0.456842972674007,NA
58,"PCA (oracle)",NA,16,16,0.471693352325105,NA
58,"PCA (oracle)",NA,17,17,0.48599278764433,NA
58,"PCA (oracle)",NA,18,18,0.49958909558477,NA
58,"PCA (oracle)",NA,19,19,0.512868310975898,NA
58,"PCA (oracle)",NA,20,20,0.525701108084619,NA
58,"PCA (oracle)",NA,21,21,0.538187269167109,NA
58,"PCA (oracle)",NA,22,22,0.550268801022701,NA
58,"PCA (oracle)",NA,23,23,0.562037436911809,NA
58,"PCA (oracle)",NA,24,24,0.573429488478597,NA
58,"PCA (oracle)",NA,25,25,0.584463643247957,NA
58,"PCA (oracle)",NA,26,26,0.595204396252445,NA
58,"PCA (oracle)",NA,27,27,0.605621592809438,NA
58,"PCA (oracle)",NA,28,28,0.615799704142066,NA
58,"PCA (oracle)",NA,29,29,0.625743326985474,NA
58,"PCA (oracle)",NA,30,30,0.635459473532477,NA
58,"ICA (oracle)",NA,0,0,0.809315547873621,NA
58,"ICA (oracle)",NA,1,1,0.539935787584545,TRUE
58,"ICA (oracle)",NA,2,2,0.397958525318325,TRUE
58,"ICA (oracle)",NA,3,3,0.17515739428971,TRUE
58,"ICA (oracle)",NA,4,4,0.216340653855085,TRUE
58,"ICA (oracle)",NA,5,5,0.24976094844055,TRUE
58,"ICA (oracle)",NA,6,6,0.279236257004883,TRUE
58,"ICA (oracle)",NA,7,7,0.305246591712473,TRUE
58,"ICA (oracle)",NA,8,8,0.32878822856117,TRUE
58,"ICA (oracle)",NA,9,9,0.350648093332759,FALSE
58,"ICA (oracle)",NA,10,10,0.370925273821207,FALSE
58,"ICA (oracle)",NA,11,11,0.390132470026987,FALSE
58,"ICA (oracle)",NA,12,12,0.408145632776018,FALSE
58,"ICA (oracle)",NA,13,13,0.425196445884114,FALSE
58,"ICA (oracle)",NA,14,14,0.441397848515564,FALSE
58,"ICA (oracle)",NA,15,15,0.456842972674007,FALSE
58,"ICA (oracle)",NA,16,16,0.471693352325105,FALSE
58,"ICA (oracle)",NA,17,17,0.48599278764433,FALSE
58,"ICA (oracle)",NA,18,18,0.49958909558477,FALSE
58,"ICA (oracle)",NA,19,19,0.512868310975898,FALSE
58,"ICA (oracle)",NA,20,20,0.525701108084619,FALSE
58,"ICA (oracle)",NA,21,21,0.538187269167109,FALSE
58,"ICA (oracle)",NA,22,22,0.550268801022701,FALSE
58,"ICA (oracle)",NA,23,23,0.562037436911809,FALSE
58,"ICA (oracle)",NA,24,24,0.573429488478598,FALSE
58,"ICA (oracle)",NA,25,25,0.584463643247957,FALSE
58,"ICA (oracle)",NA,26,26,0.595204396252445,FALSE
58,"ICA (oracle)",NA,27,27,0.605621592809437,FALSE
58,"ICA (oracle)",NA,28,28,0.615799704142066,FALSE
58,"ICA (oracle)",NA,29,29,0.625743326985474,FALSE
58,"ICA (oracle)",NA,30,30,0.635459473532477,FALSE
58,"SoftImpute (oracle)",1,0,0,0.809315547873621,NA
58,"SoftImpute (oracle)",1,1,1,0.539870684934807,NA
58,"SoftImpute (oracle)",1,2,2,0.39770887167243,NA
58,"SoftImpute (oracle)",1,3,3,0.174334098697005,NA
58,"SoftImpute (oracle)",1,4,4,0.214365774232111,NA
58,"SoftImpute (oracle)",1,5,5,0.246934758442829,NA
58,"SoftImpute (oracle)",1,6,6,0.275709444985508,NA
58,"SoftImpute (oracle)",1,7,7,0.30111772374585,NA
58,"SoftImpute (oracle)",1,8,8,0.324124547332087,NA
58,"SoftImpute (oracle)",1,9,9,0.345498317398814,NA
58,"SoftImpute (oracle)",1,10,10,0.365328083047758,NA
58,"SoftImpute (oracle)",1,11,11,0.384118073492215,NA
58,"SoftImpute (oracle)",1,12,12,0.40173988267871,NA
58,"SoftImpute (oracle)",1,13,13,0.418420846604895,NA
58,"SoftImpute (oracle)",1,14,14,0.434270815632754,NA
58,"SoftImpute (oracle)",1,15,15,0.44938049492845,NA
58,"SoftImpute (oracle)",1,16,16,0.463909254102989,NA
58,"SoftImpute (oracle)",1,17,17,0.477899387431865,NA
58,"SoftImpute (oracle)",1,18,18,0.491197924998914,NA
58,"SoftImpute (oracle)",1,19,19,0.504188945376013,NA
58,"SoftImpute (oracle)",1,20,20,0.516742637170956,NA
58,"SoftImpute (oracle)",1,21,21,0.528957838914966,NA
58,"SoftImpute (oracle)",1,22,22,0.540776082448509,NA
58,"SoftImpute (oracle)",1,23,23,0.552288355739894,NA
58,"SoftImpute (oracle)",1,24,24,0.56343064712064,NA
58,"SoftImpute (oracle)",1,25,25,0.574221184658194,NA
58,"SoftImpute (oracle)",1,26,26,0.584723944992767,NA
58,"SoftImpute (oracle)",1,27,27,0.594908520222772,NA
58,"SoftImpute (oracle)",1,28,28,0.604858889329868,NA
58,"SoftImpute (oracle)",1,29,29,0.614579378557424,NA
58,"SoftImpute (oracle)",1,30,30,0.624076748156384,NA
59,"PCA (oracle)",NA,0,0,0.754598098741141,NA
59,"PCA (oracle)",NA,1,1,0.509913993348074,NA
59,"PCA (oracle)",NA,2,2,0.346422515401828,NA
59,"PCA (oracle)",NA,3,3,0.175163077636109,NA
59,"PCA (oracle)",NA,4,4,0.215777299676087,NA
59,"PCA (oracle)",NA,5,5,0.249243809615769,NA
59,"PCA (oracle)",NA,6,6,0.278316995936992,NA
59,"PCA (oracle)",NA,7,7,0.304112250470011,NA
59,"PCA (oracle)",NA,8,8,0.327493136783812,NA
59,"PCA (oracle)",NA,9,9,0.349007298796761,NA
59,"PCA (oracle)",NA,10,10,0.369138968021959,NA
59,"PCA (oracle)",NA,11,11,0.388157238235101,NA
59,"PCA (oracle)",NA,12,12,0.406215469400403,NA
59,"PCA (oracle)",NA,13,13,0.423163473550643,NA
59,"PCA (oracle)",NA,14,14,0.439352248656484,NA
59,"PCA (oracle)",NA,15,15,0.454872822638105,NA
59,"PCA (oracle)",NA,16,16,0.469633369314165,NA
59,"PCA (oracle)",NA,17,17,0.483810884417934,NA
59,"PCA (oracle)",NA,18,18,0.49748752354582,NA
59,"PCA (oracle)",NA,19,19,0.510707474756326,NA
59,"PCA (oracle)",NA,20,20,0.523465518865109,NA
59,"PCA (oracle)",NA,21,21,0.535804603977116,NA
59,"PCA (oracle)",NA,22,22,0.547811655457891,NA
59,"PCA (oracle)",NA,23,23,0.559498858627159,NA
59,"PCA (oracle)",NA,24,24,0.570843226137225,NA
59,"PCA (oracle)",NA,25,25,0.581950488615823,NA
59,"PCA (oracle)",NA,26,26,0.592647017539074,NA
59,"PCA (oracle)",NA,27,27,0.603106785399698,NA
59,"PCA (oracle)",NA,28,28,0.61323390524818,NA
59,"PCA (oracle)",NA,29,29,0.623159265023454,NA
59,"PCA (oracle)",NA,30,30,0.632831154786403,NA
59,"ICA (oracle)",NA,0,0,0.754598098741141,NA
59,"ICA (oracle)",NA,1,1,0.509913993348074,TRUE
59,"ICA (oracle)",NA,2,2,0.346422515401828,TRUE
59,"ICA (oracle)",NA,3,3,0.175163077636109,TRUE
59,"ICA (oracle)",NA,4,4,0.215777299676087,TRUE
59,"ICA (oracle)",NA,5,5,0.249243809615769,TRUE
59,"ICA (oracle)",NA,6,6,0.278316995936992,TRUE
59,"ICA (oracle)",NA,7,7,0.304112250470011,FALSE
59,"ICA (oracle)",NA,8,8,0.327493136783812,FALSE
59,"ICA (oracle)",NA,9,9,0.349007298796761,FALSE
59,"ICA (oracle)",NA,10,10,0.369138968021958,FALSE
59,"ICA (oracle)",NA,11,11,0.3881572382351,FALSE
59,"ICA (oracle)",NA,12,12,0.406215469400402,FALSE
59,"ICA (oracle)",NA,13,13,0.423163473550643,FALSE
59,"ICA (oracle)",NA,14,14,0.439352248656484,FALSE
59,"ICA (oracle)",NA,15,15,0.454872822638105,FALSE
59,"ICA (oracle)",NA,16,16,0.469633369314165,FALSE
59,"ICA (oracle)",NA,17,17,0.483810884417934,FALSE
59,"ICA (oracle)",NA,18,18,0.49748752354582,FALSE
59,"ICA (oracle)",NA,19,19,0.510707474756326,FALSE
59,"ICA (oracle)",NA,20,20,0.523465518865109,FALSE
59,"ICA (oracle)",NA,21,21,0.535804603977116,FALSE
59,"ICA (oracle)",NA,22,22,0.547811655457891,FALSE
59,"ICA (oracle)",NA,23,23,0.559498858627159,FALSE
59,"ICA (oracle)",NA,24,24,0.570843226137225,FALSE
59,"ICA (oracle)",NA,25,25,0.581950488615824,FALSE
59,"ICA (oracle)",NA,26,26,0.592647017539074,FALSE
59,"ICA (oracle)",NA,27,27,0.603106785399698,FALSE
59,"ICA (oracle)",NA,28,28,0.61323390524818,FALSE
59,"ICA (oracle)",NA,29,29,0.623159265023455,FALSE
59,"ICA (oracle)",NA,30,30,0.632831154786403,FALSE
59,"SoftImpute (oracle)",1,0,0,0.754598098741141,NA
59,"SoftImpute (oracle)",1,1,1,0.509866965530745,NA
59,"SoftImpute (oracle)",1,2,2,0.346222602878114,NA
59,"SoftImpute (oracle)",1,3,3,0.174428669154657,NA
59,"SoftImpute (oracle)",1,4,4,0.213879825872942,NA
59,"SoftImpute (oracle)",1,5,5,0.246483900268723,NA
59,"SoftImpute (oracle)",1,6,6,0.274851467288474,NA
59,"SoftImpute (oracle)",1,7,7,0.300040131167583,NA
59,"SoftImpute (oracle)",1,8,8,0.32288250536695,NA
59,"SoftImpute (oracle)",1,9,9,0.343908312778512,NA
59,"SoftImpute (oracle)",1,10,10,0.363589994128166,NA
59,"SoftImpute (oracle)",1,11,11,0.382189018010283,NA
59,"SoftImpute (oracle)",1,12,12,0.399853449968213,NA
59,"SoftImpute (oracle)",1,13,13,0.416429928639945,NA
59,"SoftImpute (oracle)",1,14,14,0.432265550955592,NA
59,"SoftImpute (oracle)",1,15,15,0.447448920343342,NA
59,"SoftImpute (oracle)",1,16,16,0.461886708518969,NA
59,"SoftImpute (oracle)",1,17,17,0.475753980691836,NA
59,"SoftImpute (oracle)",1,18,18,0.489131500006401,NA
59,"SoftImpute (oracle)",1,19,19,0.502062359577255,NA
59,"SoftImpute (oracle)",1,20,20,0.514540517828846,NA
59,"SoftImpute (oracle)",1,21,21,0.526608096603101,NA
59,"SoftImpute (oracle)",1,22,22,0.53835119138231,NA
59,"SoftImpute (oracle)",1,23,23,0.549781427021242,NA
59,"SoftImpute (oracle)",1,24,24,0.560875399613097,NA
59,"SoftImpute (oracle)",1,25,25,0.571738178787745,NA
59,"SoftImpute (oracle)",1,26,26,0.582196170136175,NA
59,"SoftImpute (oracle)",1,27,27,0.592422603882036,NA
59,"SoftImpute (oracle)",1,28,28,0.602321527350852,NA
59,"SoftImpute (oracle)",1,29,29,0.612023249085023,NA
59,"SoftImpute (oracle)",1,30,30,0.621475946815929,NA
60,"PCA (oracle)",NA,0,0,0.815546677665381,NA
60,"PCA (oracle)",NA,1,1,0.519605873257185,NA
60,"PCA (oracle)",NA,2,2,0.344411632861541,NA
60,"PCA (oracle)",NA,3,3,0.172666795661001,NA
60,"PCA (oracle)",NA,4,4,0.214773719602809,NA
60,"PCA (oracle)",NA,5,5,0.249095792052178,NA
60,"PCA (oracle)",NA,6,6,0.278869247725437,NA
60,"PCA (oracle)",NA,7,7,0.305069078194359,NA
60,"PCA (oracle)",NA,8,8,0.328484758349863,NA
60,"PCA (oracle)",NA,9,9,0.350446751084806,NA
60,"PCA (oracle)",NA,10,10,0.371036065422524,NA
60,"PCA (oracle)",NA,11,11,0.390346987148527,NA
60,"PCA (oracle)",NA,12,12,0.408326056031126,NA
60,"PCA (oracle)",NA,13,13,0.425448936084545,NA
60,"PCA (oracle)",NA,14,14,0.44188134498238,NA
60,"PCA (oracle)",NA,15,15,0.457445513807736,NA
60,"PCA (oracle)",NA,16,16,0.472215219960374,NA
60,"PCA (oracle)",NA,17,17,0.486366814741701,NA
60,"PCA (oracle)",NA,18,18,0.500051975904858,NA
60,"PCA (oracle)",NA,19,19,0.513297234993056,NA
60,"PCA (oracle)",NA,20,20,0.526125313218725,NA
60,"PCA (oracle)",NA,21,21,0.538512159315627,NA
60,"PCA (oracle)",NA,22,22,0.550576699682267,NA
60,"PCA (oracle)",NA,23,23,0.562251586440173,NA
60,"PCA (oracle)",NA,24,24,0.573557860169702,NA
60,"PCA (oracle)",NA,25,25,0.584559257945512,NA
60,"PCA (oracle)",NA,26,26,0.595303361364165,NA
60,"PCA (oracle)",NA,27,27,0.605727804692663,NA
60,"PCA (oracle)",NA,28,28,0.615916923073308,NA
60,"PCA (oracle)",NA,29,29,0.625860807198985,NA
60,"PCA (oracle)",NA,30,30,0.635590903160088,NA
60,"ICA (oracle)",NA,0,0,0.815546677665381,NA
60,"ICA (oracle)",NA,1,1,0.519605873257184,TRUE
60,"ICA (oracle)",NA,2,2,0.344411632861541,TRUE
60,"ICA (oracle)",NA,3,3,0.172666795661001,TRUE
60,"ICA (oracle)",NA,4,4,0.214773719602808,TRUE
60,"ICA (oracle)",NA,5,5,0.249095792052178,TRUE
60,"ICA (oracle)",NA,6,6,0.278869247725437,TRUE
60,"ICA (oracle)",NA,7,7,0.305069078194358,TRUE
60,"ICA (oracle)",NA,8,8,0.328484758349863,TRUE
60,"ICA (oracle)",NA,9,9,0.350446751084806,FALSE
60,"ICA (oracle)",NA,10,10,0.371036065422524,FALSE
60,"ICA (oracle)",NA,11,11,0.390346987148527,FALSE
60,"ICA (oracle)",NA,12,12,0.408326056031126,FALSE
60,"ICA (oracle)",NA,13,13,0.425448936084545,FALSE
60,"ICA (oracle)",NA,14,14,0.44188134498238,FALSE
60,"ICA (oracle)",NA,15,15,0.457445513807736,FALSE
60,"ICA (oracle)",NA,16,16,0.472215219960374,FALSE
60,"ICA (oracle)",NA,17,17,0.486366814741701,FALSE
60,"ICA (oracle)",NA,18,18,0.500051975904858,FALSE
60,"ICA (oracle)",NA,19,19,0.513297234993056,FALSE
60,"ICA (oracle)",NA,20,20,0.526125313218725,FALSE
60,"ICA (oracle)",NA,21,21,0.538512159315627,FALSE
60,"ICA (oracle)",NA,22,22,0.550576699682267,FALSE
60,"ICA (oracle)",NA,23,23,0.562251586440173,FALSE
60,"ICA (oracle)",NA,24,24,0.573557860169702,FALSE
60,"ICA (oracle)",NA,25,25,0.584559257945512,FALSE
60,"ICA (oracle)",NA,26,26,0.595303361364165,FALSE
60,"ICA (oracle)",NA,27,27,0.605727804692663,FALSE
60,"ICA (oracle)",NA,28,28,0.615916923073308,FALSE
60,"ICA (oracle)",NA,29,29,0.625860807198985,FALSE
60,"ICA (oracle)",NA,30,30,0.635590903160088,FALSE
60,"SoftImpute (oracle)",1,0,0,0.815546677665381,NA
60,"SoftImpute (oracle)",1,1,1,0.519548953311399,NA
60,"SoftImpute (oracle)",1,2,2,0.344162377707681,NA
60,"SoftImpute (oracle)",1,3,3,0.171809898296446,NA
60,"SoftImpute (oracle)",1,4,4,0.212758926330964,NA
60,"SoftImpute (oracle)",1,5,5,0.246227611795908,NA
60,"SoftImpute (oracle)",1,6,6,0.275302884780565,NA
60,"SoftImpute (oracle)",1,7,7,0.300902986413248,NA
60,"SoftImpute (oracle)",1,8,8,0.323786953533019,NA
60,"SoftImpute (oracle)",1,9,9,0.345264522676082,NA
60,"SoftImpute (oracle)",1,10,10,0.365407117169239,NA
60,"SoftImpute (oracle)",1,11,11,0.38430209027561,NA
60,"SoftImpute (oracle)",1,12,12,0.401891272639088,NA
60,"SoftImpute (oracle)",1,13,13,0.418645281092693,NA
60,"SoftImpute (oracle)",1,14,14,0.434726695440883,NA
60,"SoftImpute (oracle)",1,15,15,0.449956080388666,NA
60,"SoftImpute (oracle)",1,16,16,0.464405266083088,NA
60,"SoftImpute (oracle)",1,17,17,0.478248723157921,NA
60,"SoftImpute (oracle)",1,18,18,0.491636592461993,NA
60,"SoftImpute (oracle)",1,19,19,0.50459438997725,NA
60,"SoftImpute (oracle)",1,20,20,0.517143969191636,NA
60,"SoftImpute (oracle)",1,21,21,0.52926063410939,NA
60,"SoftImpute (oracle)",1,22,22,0.541062424904041,NA
60,"SoftImpute (oracle)",1,23,23,0.552481623111796,NA
60,"SoftImpute (oracle)",1,24,24,0.563538753785349,NA
60,"SoftImpute (oracle)",1,25,25,0.574296995285279,NA
60,"SoftImpute (oracle)",1,26,26,0.584803458930324,NA
60,"SoftImpute (oracle)",1,27,27,0.594995600699337,NA
60,"SoftImpute (oracle)",1,28,28,0.604957269729272,NA
60,"SoftImpute (oracle)",1,29,29,0.614678321933665,NA
60,"SoftImpute (oracle)",1,30,30,0.624189895178245,NA
61,"PCA (oracle)",NA,0,0,0.762877291897778,NA
61,"PCA (oracle)",NA,1,1,0.481264462478897,NA
61,"PCA (oracle)",NA,2,2,0.353143529767692,NA
61,"PCA (oracle)",NA,3,3,0.176101561232486,NA
61,"PCA (oracle)",NA,4,4,0.216669499331893,NA
61,"PCA (oracle)",NA,5,5,0.250093754811299,NA
61,"PCA (oracle)",NA,6,6,0.279314115671419,NA
61,"PCA (oracle)",NA,7,7,0.305455289132208,NA
61,"PCA (oracle)",NA,8,8,0.329250811465482,NA
61,"PCA (oracle)",NA,9,9,0.351200451422041,NA
61,"PCA (oracle)",NA,10,10,0.371483553079463,NA
61,"PCA (oracle)",NA,11,11,0.390572492704795,NA
61,"PCA (oracle)",NA,12,12,0.408498092777177,NA
61,"PCA (oracle)",NA,13,13,0.42558013548586,NA
61,"PCA (oracle)",NA,14,14,0.441841281669967,NA
61,"PCA (oracle)",NA,15,15,0.457446656080004,NA
61,"PCA (oracle)",NA,16,16,0.472339264683265,NA
61,"PCA (oracle)",NA,17,17,0.486728108061095,NA
61,"PCA (oracle)",NA,18,18,0.500559312558834,NA
61,"PCA (oracle)",NA,19,19,0.513863342495409,NA
61,"PCA (oracle)",NA,20,20,0.52665190510705,NA
61,"PCA (oracle)",NA,21,21,0.539045757954174,NA
61,"PCA (oracle)",NA,22,22,0.551021078064105,NA
61,"PCA (oracle)",NA,23,23,0.562660247530343,NA
61,"PCA (oracle)",NA,24,24,0.573999296007395,NA
61,"PCA (oracle)",NA,25,25,0.5849796825681,NA
61,"PCA (oracle)",NA,26,26,0.595691612842659,NA
61,"PCA (oracle)",NA,27,27,0.606148204215066,NA
61,"PCA (oracle)",NA,28,28,0.616324939328742,NA
61,"PCA (oracle)",NA,29,29,0.626343438645822,NA
61,"PCA (oracle)",NA,30,30,0.636129029145966,NA
61,"ICA (oracle)",NA,0,0,0.762877291897778,NA
61,"ICA (oracle)",NA,1,1,0.481264462478897,TRUE
61,"ICA (oracle)",NA,2,2,0.353143529767692,TRUE
61,"ICA (oracle)",NA,3,3,0.176101561232486,TRUE
61,"ICA (oracle)",NA,4,4,0.216669499331892,TRUE
61,"ICA (oracle)",NA,5,5,0.250093754811299,TRUE
61,"ICA (oracle)",NA,6,6,0.279314115671418,TRUE
61,"ICA (oracle)",NA,7,7,0.305455289132208,TRUE
61,"ICA (oracle)",NA,8,8,0.329250811465482,TRUE
61,"ICA (oracle)",NA,9,9,0.351200451422042,TRUE
61,"ICA (oracle)",NA,10,10,0.371483553079463,TRUE
61,"ICA (oracle)",NA,11,11,0.390572492704795,FALSE
61,"ICA (oracle)",NA,12,12,0.408498092777177,FALSE
61,"ICA (oracle)",NA,13,13,0.42558013548586,FALSE
61,"ICA (oracle)",NA,14,14,0.441841281669968,FALSE
61,"ICA (oracle)",NA,15,15,0.457446656080005,FALSE
61,"ICA (oracle)",NA,16,16,0.472339264683264,FALSE
61,"ICA (oracle)",NA,17,17,0.486728108061095,FALSE
61,"ICA (oracle)",NA,18,18,0.500559312558833,FALSE
61,"ICA (oracle)",NA,19,19,0.513863342495409,FALSE
61,"ICA (oracle)",NA,20,20,0.52665190510705,FALSE
61,"ICA (oracle)",NA,21,21,0.539045757954174,FALSE
61,"ICA (oracle)",NA,22,22,0.551021078064105,FALSE
61,"ICA (oracle)",NA,23,23,0.562660247530344,FALSE
61,"ICA (oracle)",NA,24,24,0.573999296007395,FALSE
61,"ICA (oracle)",NA,25,25,0.5849796825681,FALSE
61,"ICA (oracle)",NA,26,26,0.595691612842659,FALSE
61,"ICA (oracle)",NA,27,27,0.606148204215066,FALSE
61,"ICA (oracle)",NA,28,28,0.616324939328742,FALSE
61,"ICA (oracle)",NA,29,29,0.626343438645822,FALSE
61,"ICA (oracle)",NA,30,30,0.636129029145966,FALSE
61,"SoftImpute (oracle)",1,0,0,0.762877291897778,NA
61,"SoftImpute (oracle)",1,1,1,0.481212339200997,NA
61,"SoftImpute (oracle)",1,2,2,0.352922472203986,NA
61,"SoftImpute (oracle)",1,3,3,0.175313219428397,NA
61,"SoftImpute (oracle)",1,4,4,0.214730343990261,NA
61,"SoftImpute (oracle)",1,5,5,0.247298894582555,NA
61,"SoftImpute (oracle)",1,6,6,0.275816975601236,NA
61,"SoftImpute (oracle)",1,7,7,0.301353000339342,NA
61,"SoftImpute (oracle)",1,8,8,0.32461083019741,NA
61,"SoftImpute (oracle)",1,9,9,0.346072686981937,NA
61,"SoftImpute (oracle)",1,10,10,0.365907269942661,NA
61,"SoftImpute (oracle)",1,11,11,0.384578452882478,NA
61,"SoftImpute (oracle)",1,12,12,0.402112137592421,NA
61,"SoftImpute (oracle)",1,13,13,0.41882349401463,NA
61,"SoftImpute (oracle)",1,14,14,0.434732388619655,NA
61,"SoftImpute (oracle)",1,15,15,0.450001319210432,NA
61,"SoftImpute (oracle)",1,16,16,0.464571711554572,NA
61,"SoftImpute (oracle)",1,17,17,0.478650593684662,NA
61,"SoftImpute (oracle)",1,18,18,0.492183063679503,NA
61,"SoftImpute (oracle)",1,19,19,0.505198516450419,NA
61,"SoftImpute (oracle)",1,20,20,0.517707786829282,NA
61,"SoftImpute (oracle)",1,21,21,0.529830619756392,NA
61,"SoftImpute (oracle)",1,22,22,0.541542636352097,NA
61,"SoftImpute (oracle)",1,23,23,0.55292548271931,NA
61,"SoftImpute (oracle)",1,24,24,0.564014639700013,NA
61,"SoftImpute (oracle)",1,25,25,0.574751294437466,NA
61,"SoftImpute (oracle)",1,26,26,0.585225069774087,NA
61,"SoftImpute (oracle)",1,27,27,0.595448728566099,NA
61,"SoftImpute (oracle)",1,28,28,0.60539752091203,NA
61,"SoftImpute (oracle)",1,29,29,0.615192521241723,NA
61,"SoftImpute (oracle)",1,30,30,0.624758996729627,NA
62,"PCA (oracle)",NA,0,0,0.861343323763926,NA
62,"PCA (oracle)",NA,1,1,0.537797527891459,NA
62,"PCA (oracle)",NA,2,2,0.376951105939157,NA
62,"PCA (oracle)",NA,3,3,0.175655235160887,NA
62,"PCA (oracle)",NA,4,4,0.216988666322323,NA
62,"PCA (oracle)",NA,5,5,0.250741941248433,NA
62,"PCA (oracle)",NA,6,6,0.280282525697861,NA
62,"PCA (oracle)",NA,7,7,0.306183119177193,NA
62,"PCA (oracle)",NA,8,8,0.32968704512976,NA
62,"PCA (oracle)",NA,9,9,0.351308116440331,NA
62,"PCA (oracle)",NA,10,10,0.371499485143021,NA
62,"PCA (oracle)",NA,11,11,0.39026777594848,NA
62,"PCA (oracle)",NA,12,12,0.408193676864295,NA
62,"PCA (oracle)",NA,13,13,0.425197692323872,NA
62,"PCA (oracle)",NA,14,14,0.44136242433557,NA
62,"PCA (oracle)",NA,15,15,0.456766770840901,NA
62,"PCA (oracle)",NA,16,16,0.471548611650807,NA
62,"PCA (oracle)",NA,17,17,0.485846701259933,NA
62,"PCA (oracle)",NA,18,18,0.499617186402599,NA
62,"PCA (oracle)",NA,19,19,0.512941861648652,NA
62,"PCA (oracle)",NA,20,20,0.525725301554734,NA
62,"PCA (oracle)",NA,21,21,0.538096960997479,NA
62,"PCA (oracle)",NA,22,22,0.55007394393662,NA
62,"PCA (oracle)",NA,23,23,0.561720424524457,NA
62,"PCA (oracle)",NA,24,24,0.573016865510986,NA
62,"PCA (oracle)",NA,25,25,0.584064938509007,NA
62,"PCA (oracle)",NA,26,26,0.594866489890763,NA
62,"PCA (oracle)",NA,27,27,0.605348981211954,NA
62,"PCA (oracle)",NA,28,28,0.615507002792377,NA
62,"PCA (oracle)",NA,29,29,0.625479773831737,NA
62,"PCA (oracle)",NA,30,30,0.635156623201064,NA
62,"ICA (oracle)",NA,0,0,0.861343323763926,NA
62,"ICA (oracle)",NA,1,1,0.537797527891459,TRUE
62,"ICA (oracle)",NA,2,2,0.376951105939157,TRUE
62,"ICA (oracle)",NA,3,3,0.175655235160887,TRUE
62,"ICA (oracle)",NA,4,4,0.216988666322323,TRUE
62,"ICA (oracle)",NA,5,5,0.250741941248432,TRUE
62,"ICA (oracle)",NA,6,6,0.28028252569786,TRUE
62,"ICA (oracle)",NA,7,7,0.306183119177193,TRUE
62,"ICA (oracle)",NA,8,8,0.32968704512976,FALSE
62,"ICA (oracle)",NA,9,9,0.351308116440331,FALSE
62,"ICA (oracle)",NA,10,10,0.371499485143021,FALSE
62,"ICA (oracle)",NA,11,11,0.390267775948479,FALSE
62,"ICA (oracle)",NA,12,12,0.408193676864295,FALSE
62,"ICA (oracle)",NA,13,13,0.425197692323872,FALSE
62,"ICA (oracle)",NA,14,14,0.44136242433557,FALSE
62,"ICA (oracle)",NA,15,15,0.456766770840901,FALSE
62,"ICA (oracle)",NA,16,16,0.471548611650807,FALSE
62,"ICA (oracle)",NA,17,17,0.485846701259933,FALSE
62,"ICA (oracle)",NA,18,18,0.499617186402599,FALSE
62,"ICA (oracle)",NA,19,19,0.512941861648652,FALSE
62,"ICA (oracle)",NA,20,20,0.525725301554733,FALSE
62,"ICA (oracle)",NA,21,21,0.538096960997479,FALSE
62,"ICA (oracle)",NA,22,22,0.550073943936621,FALSE
62,"ICA (oracle)",NA,23,23,0.561720424524457,FALSE
62,"ICA (oracle)",NA,24,24,0.573016865510986,FALSE
62,"ICA (oracle)",NA,25,25,0.584064938509006,FALSE
62,"ICA (oracle)",NA,26,26,0.594866489890763,FALSE
62,"ICA (oracle)",NA,27,27,0.605348981211954,FALSE
62,"ICA (oracle)",NA,28,28,0.615507002792377,FALSE
62,"ICA (oracle)",NA,29,29,0.625479773831737,FALSE
62,"ICA (oracle)",NA,30,30,0.635156623201064,FALSE
62,"SoftImpute (oracle)",1,0,0,0.861343323763926,NA
62,"SoftImpute (oracle)",1,1,1,0.537727710666129,NA
62,"SoftImpute (oracle)",1,2,2,0.37674389251542,NA
62,"SoftImpute (oracle)",1,3,3,0.174889448632971,NA
62,"SoftImpute (oracle)",1,4,4,0.215060256842985,NA
62,"SoftImpute (oracle)",1,5,5,0.247954507118603,NA
62,"SoftImpute (oracle)",1,6,6,0.276790696688728,NA
62,"SoftImpute (oracle)",1,7,7,0.30208727353665,NA
62,"SoftImpute (oracle)",1,8,8,0.3250545190333,NA
62,"SoftImpute (oracle)",1,9,9,0.346188717372136,NA
62,"SoftImpute (oracle)",1,10,10,0.365931461642404,NA
62,"SoftImpute (oracle)",1,11,11,0.384282667606792,NA
62,"SoftImpute (oracle)",1,12,12,0.401816219350751,NA
62,"SoftImpute (oracle)",1,13,13,0.418449401734977,NA
62,"SoftImpute (oracle)",1,14,14,0.434261806756856,NA
62,"SoftImpute (oracle)",1,15,15,0.449329929504355,NA
62,"SoftImpute (oracle)",1,16,16,0.463789522692732,NA
62,"SoftImpute (oracle)",1,17,17,0.477777570411273,NA
62,"SoftImpute (oracle)",1,18,18,0.491249176102445,NA
62,"SoftImpute (oracle)",1,19,19,0.504284950771307,NA
62,"SoftImpute (oracle)",1,20,20,0.51678886403668,NA
62,"SoftImpute (oracle)",1,21,21,0.528889326863008,NA
62,"SoftImpute (oracle)",1,22,22,0.54060278913708,NA
62,"SoftImpute (oracle)",1,23,23,0.551992732160956,NA
62,"SoftImpute (oracle)",1,24,24,0.563039198779769,NA
62,"SoftImpute (oracle)",1,25,25,0.573843205770268,NA
62,"SoftImpute (oracle)",1,26,26,0.584406236411633,NA
62,"SoftImpute (oracle)",1,27,27,0.594655593649066,NA
62,"SoftImpute (oracle)",1,28,28,0.604585585678995,NA
62,"SoftImpute (oracle)",1,29,29,0.614334837062804,NA
62,"SoftImpute (oracle)",1,30,30,0.623792703347798,NA
63,"PCA (oracle)",NA,0,0,0.805518936727414,NA
63,"PCA (oracle)",NA,1,1,0.519035723011957,NA
63,"PCA (oracle)",NA,2,2,0.365729901043437,NA
63,"PCA (oracle)",NA,3,3,0.174540994904187,NA
63,"PCA (oracle)",NA,4,4,0.215323306719587,NA
63,"PCA (oracle)",NA,5,5,0.248820646236575,NA
63,"PCA (oracle)",NA,6,6,0.277940244249981,NA
63,"PCA (oracle)",NA,7,7,0.304139526592062,NA
63,"PCA (oracle)",NA,8,8,0.327896957480446,NA
63,"PCA (oracle)",NA,9,9,0.34974854956252,NA
63,"PCA (oracle)",NA,10,10,0.369980943924745,NA
63,"PCA (oracle)",NA,11,11,0.389036892963648,NA
63,"PCA (oracle)",NA,12,12,0.406952406795214,NA
63,"PCA (oracle)",NA,13,13,0.423980168654909,NA
63,"PCA (oracle)",NA,14,14,0.440255296641661,NA
63,"PCA (oracle)",NA,15,15,0.455731157901811,NA
63,"PCA (oracle)",NA,16,16,0.470663363998877,NA
63,"PCA (oracle)",NA,17,17,0.485064577827581,NA
63,"PCA (oracle)",NA,18,18,0.498783541707511,NA
63,"PCA (oracle)",NA,19,19,0.512008764255364,NA
63,"PCA (oracle)",NA,20,20,0.524860934783881,NA
63,"PCA (oracle)",NA,21,21,0.537308521499027,NA
63,"PCA (oracle)",NA,22,22,0.549347620869124,NA
63,"PCA (oracle)",NA,23,23,0.560973521619375,NA
63,"PCA (oracle)",NA,24,24,0.572287476025961,NA
63,"PCA (oracle)",NA,25,25,0.583339022596986,NA
63,"PCA (oracle)",NA,26,26,0.594105323696591,NA
63,"PCA (oracle)",NA,27,27,0.604607208166198,NA
63,"PCA (oracle)",NA,28,28,0.614860811502781,NA
63,"PCA (oracle)",NA,29,29,0.624767659614788,NA
63,"PCA (oracle)",NA,30,30,0.634502943692172,NA
63,"ICA (oracle)",NA,0,0,0.805518936727414,NA
63,"ICA (oracle)",NA,1,1,0.519035723011956,TRUE
63,"ICA (oracle)",NA,2,2,0.365729901043437,TRUE
63,"ICA (oracle)",NA,3,3,0.174540994904186,TRUE
63,"ICA (oracle)",NA,4,4,0.215323306719587,TRUE
63,"ICA (oracle)",NA,5,5,0.248820646236575,TRUE
63,"ICA (oracle)",NA,6,6,0.277940244249981,TRUE
63,"ICA (oracle)",NA,7,7,0.304139526592062,TRUE
63,"ICA (oracle)",NA,8,8,0.327896957480446,FALSE
63,"ICA (oracle)",NA,9,9,0.34974854956252,FALSE
63,"ICA (oracle)",NA,10,10,0.369980943924745,FALSE
63,"ICA (oracle)",NA,11,11,0.389036892963648,FALSE
63,"ICA (oracle)",NA,12,12,0.406952406795214,FALSE
63,"ICA (oracle)",NA,13,13,0.423980168654909,FALSE
63,"ICA (oracle)",NA,14,14,0.440255296641661,FALSE
63,"ICA (oracle)",NA,15,15,0.455731157901811,FALSE
63,"ICA (oracle)",NA,16,16,0.470663363998876,FALSE
63,"ICA (oracle)",NA,17,17,0.48506457782758,FALSE
63,"ICA (oracle)",NA,18,18,0.49878354170751,FALSE
63,"ICA (oracle)",NA,19,19,0.512008764255364,FALSE
63,"ICA (oracle)",NA,20,20,0.524860934783881,FALSE
63,"ICA (oracle)",NA,21,21,0.537308521499026,FALSE
63,"ICA (oracle)",NA,22,22,0.549347620869124,FALSE
63,"ICA (oracle)",NA,23,23,0.560973521619375,FALSE
63,"ICA (oracle)",NA,24,24,0.57228747602596,FALSE
63,"ICA (oracle)",NA,25,25,0.583339022596986,FALSE
63,"ICA (oracle)",NA,26,26,0.594105323696591,FALSE
63,"ICA (oracle)",NA,27,27,0.604607208166199,FALSE
63,"ICA (oracle)",NA,28,28,0.614860811502781,FALSE
63,"ICA (oracle)",NA,29,29,0.624767659614788,FALSE
63,"ICA (oracle)",NA,30,30,0.634502943692171,FALSE
63,"SoftImpute (oracle)",1,0,0,0.805518936727414,NA
63,"SoftImpute (oracle)",1,1,1,0.518967193109843,NA
63,"SoftImpute (oracle)",1,2,2,0.365478342161506,NA
63,"SoftImpute (oracle)",1,3,3,0.173665434274272,NA
63,"SoftImpute (oracle)",1,4,4,0.213308094885162,NA
63,"SoftImpute (oracle)",1,5,5,0.245957924122888,NA
63,"SoftImpute (oracle)",1,6,6,0.274382009158424,NA
63,"SoftImpute (oracle)",1,7,7,0.29998048245157,NA
63,"SoftImpute (oracle)",1,8,8,0.323204031960593,NA
63,"SoftImpute (oracle)",1,9,9,0.344571154282659,NA
63,"SoftImpute (oracle)",1,10,10,0.36435760911632,NA
63,"SoftImpute (oracle)",1,11,11,0.382997948459902,NA
63,"SoftImpute (oracle)",1,12,12,0.400523325374485,NA
63,"SoftImpute (oracle)",1,13,13,0.417182093342996,NA
63,"SoftImpute (oracle)",1,14,14,0.433106285168982,NA
63,"SoftImpute (oracle)",1,15,15,0.448247254276558,NA
63,"SoftImpute (oracle)",1,16,16,0.462858215804327,NA
63,"SoftImpute (oracle)",1,17,17,0.476950422855043,NA
63,"SoftImpute (oracle)",1,18,18,0.490371815904198,NA
63,"SoftImpute (oracle)",1,19,19,0.503309450726937,NA
63,"SoftImpute (oracle)",1,20,20,0.515882906403174,NA
63,"SoftImpute (oracle)",1,21,21,0.528060027824075,NA
63,"SoftImpute (oracle)",1,22,22,0.539836308142714,NA
63,"SoftImpute (oracle)",1,23,23,0.551206512111808,NA
63,"SoftImpute (oracle)",1,24,24,0.562271188881626,NA
63,"SoftImpute (oracle)",1,25,25,0.573079357391183,NA
63,"SoftImpute (oracle)",1,26,26,0.583607871931496,NA
63,"SoftImpute (oracle)",1,27,27,0.593877190191952,NA
63,"SoftImpute (oracle)",1,28,28,0.603903120981558,NA
63,"SoftImpute (oracle)",1,29,29,0.613587152459973,NA
63,"SoftImpute (oracle)",1,30,30,0.623103833201317,NA
64,"PCA (oracle)",NA,0,0,0.808612908281123,NA
64,"PCA (oracle)",NA,1,1,0.505228413130108,NA
64,"PCA (oracle)",NA,2,2,0.358405082144231,NA
64,"PCA (oracle)",NA,3,3,0.177710545613869,NA
64,"PCA (oracle)",NA,4,4,0.217198791057534,NA
64,"PCA (oracle)",NA,5,5,0.250126072148646,NA
64,"PCA (oracle)",NA,6,6,0.27899761204936,NA
64,"PCA (oracle)",NA,7,7,0.304962512618108,NA
64,"PCA (oracle)",NA,8,8,0.328538414548604,NA
64,"PCA (oracle)",NA,9,9,0.350382221575893,NA
64,"PCA (oracle)",NA,10,10,0.370735926984719,NA
64,"PCA (oracle)",NA,11,11,0.389578706208755,NA
64,"PCA (oracle)",NA,12,12,0.407544104788745,NA
64,"PCA (oracle)",NA,13,13,0.42453034714248,NA
64,"PCA (oracle)",NA,14,14,0.440760673624211,NA
64,"PCA (oracle)",NA,15,15,0.456242835979758,NA
64,"PCA (oracle)",NA,16,16,0.471144985161304,NA
64,"PCA (oracle)",NA,17,17,0.485417745497187,NA
64,"PCA (oracle)",NA,18,18,0.499213395071378,NA
64,"PCA (oracle)",NA,19,19,0.512454477443335,NA
64,"PCA (oracle)",NA,20,20,0.525126252659029,NA
64,"PCA (oracle)",NA,21,21,0.53743038733694,NA
64,"PCA (oracle)",NA,22,22,0.549436945058771,NA
64,"PCA (oracle)",NA,23,23,0.561161530711733,NA
64,"PCA (oracle)",NA,24,24,0.572590255857375,NA
64,"PCA (oracle)",NA,25,25,0.583692464872321,NA
64,"PCA (oracle)",NA,26,26,0.594503695340776,NA
64,"PCA (oracle)",NA,27,27,0.605036544481112,NA
64,"PCA (oracle)",NA,28,28,0.615255808347577,NA
64,"PCA (oracle)",NA,29,29,0.625231662156129,NA
64,"PCA (oracle)",NA,30,30,0.635009222299318,NA
64,"ICA (oracle)",NA,0,0,0.808612908281123,NA
64,"ICA (oracle)",NA,1,1,0.505228413130108,TRUE
64,"ICA (oracle)",NA,2,2,0.358405082144232,TRUE
64,"ICA (oracle)",NA,3,3,0.177710545613869,TRUE
64,"ICA (oracle)",NA,4,4,0.217198791057534,TRUE
64,"ICA (oracle)",NA,5,5,0.250126072148646,TRUE
64,"ICA (oracle)",NA,6,6,0.27899761204936,TRUE
64,"ICA (oracle)",NA,7,7,0.304962512618108,TRUE
64,"ICA (oracle)",NA,8,8,0.328538414548604,FALSE
64,"ICA (oracle)",NA,9,9,0.350382221575893,FALSE
64,"ICA (oracle)",NA,10,10,0.37073592698472,FALSE
64,"ICA (oracle)",NA,11,11,0.389578706208755,FALSE
64,"ICA (oracle)",NA,12,12,0.407544104788745,FALSE
64,"ICA (oracle)",NA,13,13,0.42453034714248,FALSE
64,"ICA (oracle)",NA,14,14,0.440760673624212,FALSE
64,"ICA (oracle)",NA,15,15,0.456242835979759,FALSE
64,"ICA (oracle)",NA,16,16,0.471144985161304,FALSE
64,"ICA (oracle)",NA,17,17,0.485417745497188,FALSE
64,"ICA (oracle)",NA,18,18,0.499213395071378,FALSE
64,"ICA (oracle)",NA,19,19,0.512454477443335,FALSE
64,"ICA (oracle)",NA,20,20,0.525126252659029,FALSE
64,"ICA (oracle)",NA,21,21,0.53743038733694,FALSE
64,"ICA (oracle)",NA,22,22,0.549436945058771,FALSE
64,"ICA (oracle)",NA,23,23,0.561161530711733,FALSE
64,"ICA (oracle)",NA,24,24,0.572590255857375,FALSE
64,"ICA (oracle)",NA,25,25,0.583692464872321,FALSE
64,"ICA (oracle)",NA,26,26,0.594503695340776,FALSE
64,"ICA (oracle)",NA,27,27,0.605036544481113,FALSE
64,"ICA (oracle)",NA,28,28,0.615255808347577,FALSE
64,"ICA (oracle)",NA,29,29,0.625231662156128,FALSE
64,"ICA (oracle)",NA,30,30,0.635009222299318,FALSE
64,"SoftImpute (oracle)",1,0,0,0.808612908281123,NA
64,"SoftImpute (oracle)",1,1,1,0.505165037897306,NA
64,"SoftImpute (oracle)",1,2,2,0.35814769946444,NA
64,"SoftImpute (oracle)",1,3,3,0.176891053720064,NA
64,"SoftImpute (oracle)",1,4,4,0.215246961651531,NA
64,"SoftImpute (oracle)",1,5,5,0.247324149726132,NA
64,"SoftImpute (oracle)",1,6,6,0.275496099471544,NA
64,"SoftImpute (oracle)",1,7,7,0.300856919622127,NA
64,"SoftImpute (oracle)",1,8,8,0.323896124861534,NA
64,"SoftImpute (oracle)",1,9,9,0.345252512252073,NA
64,"SoftImpute (oracle)",1,10,10,0.365157393924929,NA
64,"SoftImpute (oracle)",1,11,11,0.38358320799261,NA
64,"SoftImpute (oracle)",1,12,12,0.401156492078478,NA
64,"SoftImpute (oracle)",1,13,13,0.417772277797148,NA
64,"SoftImpute (oracle)",1,14,14,0.433650379384055,NA
64,"SoftImpute (oracle)",1,15,15,0.448796373155959,NA
64,"SoftImpute (oracle)",1,16,16,0.463376215668811,NA
64,"SoftImpute (oracle)",1,17,17,0.477339250781683,NA
64,"SoftImpute (oracle)",1,18,18,0.490836188383884,NA
64,"SoftImpute (oracle)",1,19,19,0.503788784479522,NA
64,"SoftImpute (oracle)",1,20,20,0.516181491935253,NA
64,"SoftImpute (oracle)",1,21,21,0.528214752341927,NA
64,"SoftImpute (oracle)",1,22,22,0.539957856921836,NA
64,"SoftImpute (oracle)",1,23,23,0.551425855859985,NA
64,"SoftImpute (oracle)",1,24,24,0.562604432377423,NA
64,"SoftImpute (oracle)",1,25,25,0.573462587109598,NA
64,"SoftImpute (oracle)",1,26,26,0.584035406808637,NA
64,"SoftImpute (oracle)",1,27,27,0.594335131440928,NA
64,"SoftImpute (oracle)",1,28,28,0.604326342657701,NA
64,"SoftImpute (oracle)",1,29,29,0.61407878805823,NA
64,"SoftImpute (oracle)",1,30,30,0.623637242402503,NA
65,"PCA (oracle)",NA,0,0,0.758924482851052,NA
65,"PCA (oracle)",NA,1,1,0.51091435177439,NA
65,"PCA (oracle)",NA,2,2,0.352938260043672,NA
65,"PCA (oracle)",NA,3,3,0.17480379904039,NA
65,"PCA (oracle)",NA,4,4,0.215129172769499,NA
65,"PCA (oracle)",NA,5,5,0.248891034422391,NA
65,"PCA (oracle)",NA,6,6,0.277867687198814,NA
65,"PCA (oracle)",NA,7,7,0.303823350978227,NA
65,"PCA (oracle)",NA,8,8,0.327248477359767,NA
65,"PCA (oracle)",NA,9,9,0.349012176963704,NA
65,"PCA (oracle)",NA,10,10,0.369348590809603,NA
65,"PCA (oracle)",NA,11,11,0.388492674245541,NA
65,"PCA (oracle)",NA,12,12,0.406518415293816,NA
65,"PCA (oracle)",NA,13,13,0.423833595028479,NA
65,"PCA (oracle)",NA,14,14,0.440357277130576,NA
65,"PCA (oracle)",NA,15,15,0.455972908630079,NA
65,"PCA (oracle)",NA,16,16,0.470711374687853,NA
65,"PCA (oracle)",NA,17,17,0.484845661973122,NA
65,"PCA (oracle)",NA,18,18,0.498464611763605,NA
65,"PCA (oracle)",NA,19,19,0.511562961150409,NA
65,"PCA (oracle)",NA,20,20,0.524270299596909,NA
65,"PCA (oracle)",NA,21,21,0.536582884517943,NA
65,"PCA (oracle)",NA,22,22,0.548586268305581,NA
65,"PCA (oracle)",NA,23,23,0.56027057493348,NA
65,"PCA (oracle)",NA,24,24,0.571615825092038,NA
65,"PCA (oracle)",NA,25,25,0.58257616802849,NA
65,"PCA (oracle)",NA,26,26,0.593296643903052,NA
65,"PCA (oracle)",NA,27,27,0.603756311277339,NA
65,"PCA (oracle)",NA,28,28,0.613952434118486,NA
65,"PCA (oracle)",NA,29,29,0.623856171089313,NA
65,"PCA (oracle)",NA,30,30,0.633505157799889,NA
65,"ICA (oracle)",NA,0,0,0.758924482851052,NA
65,"ICA (oracle)",NA,1,1,0.51091435177439,TRUE
65,"ICA (oracle)",NA,2,2,0.352938260043672,TRUE
65,"ICA (oracle)",NA,3,3,0.17480379904039,TRUE
65,"ICA (oracle)",NA,4,4,0.215129172769499,TRUE
65,"ICA (oracle)",NA,5,5,0.248891034422391,FALSE
65,"ICA (oracle)",NA,6,6,0.277867687198814,TRUE
65,"ICA (oracle)",NA,7,7,0.303823350978227,FALSE
65,"ICA (oracle)",NA,8,8,0.327248477359767,FALSE
65,"ICA (oracle)",NA,9,9,0.349012176963703,FALSE
65,"ICA (oracle)",NA,10,10,0.369348590809603,FALSE
65,"ICA (oracle)",NA,11,11,0.388492674245541,FALSE
65,"ICA (oracle)",NA,12,12,0.406518415293815,FALSE
65,"ICA (oracle)",NA,13,13,0.423833595028479,FALSE
65,"ICA (oracle)",NA,14,14,0.440357277130576,FALSE
65,"ICA (oracle)",NA,15,15,0.455972908630079,FALSE
65,"ICA (oracle)",NA,16,16,0.470711374687853,FALSE
65,"ICA (oracle)",NA,17,17,0.484845661973122,FALSE
65,"ICA (oracle)",NA,18,18,0.498464611763605,FALSE
65,"ICA (oracle)",NA,19,19,0.511562961150409,FALSE
65,"ICA (oracle)",NA,20,20,0.524270299596909,FALSE
65,"ICA (oracle)",NA,21,21,0.536582884517943,FALSE
65,"ICA (oracle)",NA,22,22,0.548586268305582,FALSE
65,"ICA (oracle)",NA,23,23,0.56027057493348,FALSE
65,"ICA (oracle)",NA,24,24,0.571615825092038,FALSE
65,"ICA (oracle)",NA,25,25,0.582576168028489,FALSE
65,"ICA (oracle)",NA,26,26,0.593296643903052,FALSE
65,"ICA (oracle)",NA,27,27,0.603756311277338,FALSE
65,"ICA (oracle)",NA,28,28,0.613952434118486,FALSE
65,"ICA (oracle)",NA,29,29,0.623856171089313,FALSE
65,"ICA (oracle)",NA,30,30,0.63350515779989,FALSE
65,"SoftImpute (oracle)",1,0,0,0.758924482851052,NA
65,"SoftImpute (oracle)",1,1,1,0.510847857672246,NA
65,"SoftImpute (oracle)",1,2,2,0.352710882943619,NA
65,"SoftImpute (oracle)",1,3,3,0.174014138351757,NA
65,"SoftImpute (oracle)",1,4,4,0.213188471486217,NA
65,"SoftImpute (oracle)",1,5,5,0.246090952981438,NA
65,"SoftImpute (oracle)",1,6,6,0.274366443535401,NA
65,"SoftImpute (oracle)",1,7,7,0.299717550666435,NA
65,"SoftImpute (oracle)",1,8,8,0.322606263756686,NA
65,"SoftImpute (oracle)",1,9,9,0.343882518732025,NA
65,"SoftImpute (oracle)",1,10,10,0.363769891509486,NA
65,"SoftImpute (oracle)",1,11,11,0.382495806566242,NA
65,"SoftImpute (oracle)",1,12,12,0.400129155875501,NA
65,"SoftImpute (oracle)",1,13,13,0.417072889499287,NA
65,"SoftImpute (oracle)",1,14,14,0.433243582789855,NA
65,"SoftImpute (oracle)",1,15,15,0.44852276917836,NA
65,"SoftImpute (oracle)",1,16,16,0.462939448858616,NA
65,"SoftImpute (oracle)",1,17,17,0.476764426122183,NA
65,"SoftImpute (oracle)",1,18,18,0.490085140608447,NA
65,"SoftImpute (oracle)",1,19,19,0.502895368963128,NA
65,"SoftImpute (oracle)",1,20,20,0.515323542120023,NA
65,"SoftImpute (oracle)",1,21,21,0.52736522873427,NA
65,"SoftImpute (oracle)",1,22,22,0.539105166042127,NA
65,"SoftImpute (oracle)",1,23,23,0.550532978742545,NA
65,"SoftImpute (oracle)",1,24,24,0.561628267082502,NA
65,"SoftImpute (oracle)",1,25,25,0.572344872008345,NA
65,"SoftImpute (oracle)",1,26,26,0.582827122532846,NA
65,"SoftImpute (oracle)",1,27,27,0.593053804595279,NA
65,"SoftImpute (oracle)",1,28,28,0.603021896598141,NA
65,"SoftImpute (oracle)",1,29,29,0.612702360424073,NA
65,"SoftImpute (oracle)",1,30,30,0.622132505709986,NA
66,"PCA (oracle)",NA,0,0,0.833756325490557,NA
66,"PCA (oracle)",NA,1,1,0.555525991011049,NA
66,"PCA (oracle)",NA,2,2,0.385165788664549,NA
66,"PCA (oracle)",NA,3,3,0.17553006451727,NA
66,"PCA (oracle)",NA,4,4,0.216148379634334,NA
66,"PCA (oracle)",NA,5,5,0.249443814187668,NA
66,"PCA (oracle)",NA,6,6,0.278294072892229,NA
66,"PCA (oracle)",NA,7,7,0.304248167433535,NA
66,"PCA (oracle)",NA,8,8,0.327973993438501,NA
66,"PCA (oracle)",NA,9,9,0.349810337223789,NA
66,"PCA (oracle)",NA,10,10,0.369979321788172,NA
66,"PCA (oracle)",NA,11,11,0.388906351096545,NA
66,"PCA (oracle)",NA,12,12,0.406832795761712,NA
66,"PCA (oracle)",NA,13,13,0.423855298127758,NA
66,"PCA (oracle)",NA,14,14,0.439987950691931,NA
66,"PCA (oracle)",NA,15,15,0.455265746004506,NA
66,"PCA (oracle)",NA,16,16,0.470052443370854,NA
66,"PCA (oracle)",NA,17,17,0.484298896136547,NA
66,"PCA (oracle)",NA,18,18,0.49808491453082,NA
66,"PCA (oracle)",NA,19,19,0.511298216173336,NA
66,"PCA (oracle)",NA,20,20,0.524095106187419,NA
66,"PCA (oracle)",NA,21,21,0.536534547129085,NA
66,"PCA (oracle)",NA,22,22,0.548637907196844,NA
66,"PCA (oracle)",NA,23,23,0.560316272686387,NA
66,"PCA (oracle)",NA,24,24,0.571678410502057,NA
66,"PCA (oracle)",NA,25,25,0.582756125047839,NA
66,"PCA (oracle)",NA,26,26,0.593588152141632,NA
66,"PCA (oracle)",NA,27,27,0.604101578255558,NA
66,"PCA (oracle)",NA,28,28,0.614294547454783,NA
66,"PCA (oracle)",NA,29,29,0.624278858687284,NA
66,"PCA (oracle)",NA,30,30,0.634035036702575,NA
66,"ICA (oracle)",NA,0,0,0.833756325490557,NA
66,"ICA (oracle)",NA,1,1,0.555525991011049,TRUE
66,"ICA (oracle)",NA,2,2,0.385165788664549,TRUE
66,"ICA (oracle)",NA,3,3,0.17553006451727,TRUE
66,"ICA (oracle)",NA,4,4,0.216148379634334,TRUE
66,"ICA (oracle)",NA,5,5,0.249443814187668,TRUE
66,"ICA (oracle)",NA,6,6,0.27829407289223,TRUE
66,"ICA (oracle)",NA,7,7,0.304248167433534,FALSE
66,"ICA (oracle)",NA,8,8,0.327973993438501,FALSE
66,"ICA (oracle)",NA,9,9,0.349810337223789,FALSE
66,"ICA (oracle)",NA,10,10,0.369979321788172,FALSE
66,"ICA (oracle)",NA,11,11,0.388906351096545,FALSE
66,"ICA (oracle)",NA,12,12,0.406832795761712,FALSE
66,"ICA (oracle)",NA,13,13,0.423855298127758,FALSE
66,"ICA (oracle)",NA,14,14,0.439987950691931,FALSE
66,"ICA (oracle)",NA,15,15,0.455265746004507,FALSE
66,"ICA (oracle)",NA,16,16,0.470052443370854,FALSE
66,"ICA (oracle)",NA,17,17,0.484298896136547,FALSE
66,"ICA (oracle)",NA,18,18,0.498084914530819,FALSE
66,"ICA (oracle)",NA,19,19,0.511298216173336,FALSE
66,"ICA (oracle)",NA,20,20,0.524095106187419,FALSE
66,"ICA (oracle)",NA,21,21,0.536534547129085,FALSE
66,"ICA (oracle)",NA,22,22,0.548637907196844,FALSE
66,"ICA (oracle)",NA,23,23,0.560316272686387,FALSE
66,"ICA (oracle)",NA,24,24,0.571678410502057,FALSE
66,"ICA (oracle)",NA,25,25,0.58275612504784,FALSE
66,"ICA (oracle)",NA,26,26,0.593588152141631,FALSE
66,"ICA (oracle)",NA,27,27,0.604101578255558,FALSE
66,"ICA (oracle)",NA,28,28,0.614294547454783,FALSE
66,"ICA (oracle)",NA,29,29,0.624278858687284,FALSE
66,"ICA (oracle)",NA,30,30,0.634035036702575,FALSE
66,"SoftImpute (oracle)",1,0,0,0.833756325490557,NA
66,"SoftImpute (oracle)",1,1,1,0.555450361373121,NA
66,"SoftImpute (oracle)",1,2,2,0.384927706954718,NA
66,"SoftImpute (oracle)",1,3,3,0.17471127545696,NA
66,"SoftImpute (oracle)",1,4,4,0.214182790712763,NA
66,"SoftImpute (oracle)",1,5,5,0.246626333107567,NA
66,"SoftImpute (oracle)",1,6,6,0.274778275427488,NA
66,"SoftImpute (oracle)",1,7,7,0.300129238110339,NA
66,"SoftImpute (oracle)",1,8,8,0.323318465486352,NA
66,"SoftImpute (oracle)",1,9,9,0.344668096621902,NA
66,"SoftImpute (oracle)",1,10,10,0.364389466490901,NA
66,"SoftImpute (oracle)",1,11,11,0.382899673313075,NA
66,"SoftImpute (oracle)",1,12,12,0.40043451776066,NA
66,"SoftImpute (oracle)",1,13,13,0.41708679704155,NA
66,"SoftImpute (oracle)",1,14,14,0.432867806952731,NA
66,"SoftImpute (oracle)",1,15,15,0.447810250252444,NA
66,"SoftImpute (oracle)",1,16,16,0.462275141394772,NA
66,"SoftImpute (oracle)",1,17,17,0.476212101561446,NA
66,"SoftImpute (oracle)",1,18,18,0.489699583142722,NA
66,"SoftImpute (oracle)",1,19,19,0.502624602378903,NA
66,"SoftImpute (oracle)",1,20,20,0.515142239858887,NA
66,"SoftImpute (oracle)",1,21,21,0.527310612161674,NA
66,"SoftImpute (oracle)",1,22,22,0.539150430607638,NA
66,"SoftImpute (oracle)",1,23,23,0.550572450628548,NA
66,"SoftImpute (oracle)",1,24,24,0.561684713151558,NA
66,"SoftImpute (oracle)",1,25,25,0.572518537782632,NA
66,"SoftImpute (oracle)",1,26,26,0.58311220923295,NA
66,"SoftImpute (oracle)",1,27,27,0.593392650714238,NA
66,"SoftImpute (oracle)",1,28,28,0.603357715549607,NA
66,"SoftImpute (oracle)",1,29,29,0.61311868053812,NA
66,"SoftImpute (oracle)",1,30,30,0.622655879418455,NA
67,"PCA (oracle)",NA,0,0,0.727358141874185,NA
67,"PCA (oracle)",NA,1,1,0.504166025933365,NA
67,"PCA (oracle)",NA,2,2,0.36756073819173,NA
67,"PCA (oracle)",NA,3,3,0.173568199273855,NA
67,"PCA (oracle)",NA,4,4,0.214995302116117,NA
67,"PCA (oracle)",NA,5,5,0.248656105285288,NA
67,"PCA (oracle)",NA,6,6,0.277749595714758,NA
67,"PCA (oracle)",NA,7,7,0.303767364164614,NA
67,"PCA (oracle)",NA,8,8,0.327051014117575,NA
67,"PCA (oracle)",NA,9,9,0.348660332393309,NA
67,"PCA (oracle)",NA,10,10,0.368928391954593,NA
67,"PCA (oracle)",NA,11,11,0.387926279358804,NA
67,"PCA (oracle)",NA,12,12,0.405829351343387,NA
67,"PCA (oracle)",NA,13,13,0.422806086497101,NA
67,"PCA (oracle)",NA,14,14,0.438925805207663,NA
67,"PCA (oracle)",NA,15,15,0.454334518550369,NA
67,"PCA (oracle)",NA,16,16,0.469218738429358,NA
67,"PCA (oracle)",NA,17,17,0.483357049524438,NA
67,"PCA (oracle)",NA,18,18,0.497075180051412,NA
67,"PCA (oracle)",NA,19,19,0.510315829868301,NA
67,"PCA (oracle)",NA,20,20,0.523019024743814,NA
67,"PCA (oracle)",NA,21,21,0.535417529300525,NA
67,"PCA (oracle)",NA,22,22,0.547421215840086,NA
67,"PCA (oracle)",NA,23,23,0.559075562797897,NA
67,"PCA (oracle)",NA,24,24,0.570444597780284,NA
67,"PCA (oracle)",NA,25,25,0.581600318562506,NA
67,"PCA (oracle)",NA,26,26,0.592342405909242,NA
67,"PCA (oracle)",NA,27,27,0.60280549361629,NA
67,"PCA (oracle)",NA,28,28,0.612962843033533,NA
67,"PCA (oracle)",NA,29,29,0.622874493384849,NA
67,"PCA (oracle)",NA,30,30,0.632575977955383,NA
67,"ICA (oracle)",NA,0,0,0.727358141874185,NA
67,"ICA (oracle)",NA,1,1,0.504166025933365,TRUE
67,"ICA (oracle)",NA,2,2,0.36756073819173,TRUE
67,"ICA (oracle)",NA,3,3,0.173568199273855,TRUE
67,"ICA (oracle)",NA,4,4,0.214995302116117,TRUE
67,"ICA (oracle)",NA,5,5,0.248656105285288,TRUE
67,"ICA (oracle)",NA,6,6,0.277749595714758,TRUE
67,"ICA (oracle)",NA,7,7,0.303767364164614,FALSE
67,"ICA (oracle)",NA,8,8,0.327051014117575,FALSE
67,"ICA (oracle)",NA,9,9,0.348660332393309,FALSE
67,"ICA (oracle)",NA,10,10,0.368928391954592,FALSE
67,"ICA (oracle)",NA,11,11,0.387926279358804,FALSE
67,"ICA (oracle)",NA,12,12,0.405829351343387,FALSE
67,"ICA (oracle)",NA,13,13,0.422806086497101,FALSE
67,"ICA (oracle)",NA,14,14,0.438925805207663,FALSE
67,"ICA (oracle)",NA,15,15,0.454334518550369,FALSE
67,"ICA (oracle)",NA,16,16,0.469218738429359,FALSE
67,"ICA (oracle)",NA,17,17,0.483357049524438,FALSE
67,"ICA (oracle)",NA,18,18,0.497075180051412,FALSE
67,"ICA (oracle)",NA,19,19,0.510315829868301,FALSE
67,"ICA (oracle)",NA,20,20,0.523019024743814,FALSE
67,"ICA (oracle)",NA,21,21,0.535417529300525,FALSE
67,"ICA (oracle)",NA,22,22,0.547421215840086,FALSE
67,"ICA (oracle)",NA,23,23,0.559075562797897,FALSE
67,"ICA (oracle)",NA,24,24,0.570444597780284,FALSE
67,"ICA (oracle)",NA,25,25,0.581600318562506,FALSE
67,"ICA (oracle)",NA,26,26,0.592342405909242,FALSE
67,"ICA (oracle)",NA,27,27,0.602805493616291,FALSE
67,"ICA (oracle)",NA,28,28,0.612962843033534,FALSE
67,"ICA (oracle)",NA,29,29,0.62287449338485,FALSE
67,"ICA (oracle)",NA,30,30,0.632575977955383,FALSE
67,"SoftImpute (oracle)",1,0,0,0.727358141874185,NA
67,"SoftImpute (oracle)",1,1,1,0.504093496532655,NA
67,"SoftImpute (oracle)",1,2,2,0.367296158862341,NA
67,"SoftImpute (oracle)",1,3,3,0.172642185878698,NA
67,"SoftImpute (oracle)",1,4,4,0.212931880453242,NA
67,"SoftImpute (oracle)",1,5,5,0.245750222253492,NA
67,"SoftImpute (oracle)",1,6,6,0.274152708155269,NA
67,"SoftImpute (oracle)",1,7,7,0.299573687107118,NA
67,"SoftImpute (oracle)",1,8,8,0.322327715981283,NA
67,"SoftImpute (oracle)",1,9,9,0.34345511638657,NA
67,"SoftImpute (oracle)",1,10,10,0.363278423009866,NA
67,"SoftImpute (oracle)",1,11,11,0.381862008833388,NA
67,"SoftImpute (oracle)",1,12,12,0.399375939890081,NA
67,"SoftImpute (oracle)",1,13,13,0.415984664182093,NA
67,"SoftImpute (oracle)",1,14,14,0.43175459757914,NA
67,"SoftImpute (oracle)",1,15,15,0.446829221591472,NA
67,"SoftImpute (oracle)",1,16,16,0.461392877944562,NA
67,"SoftImpute (oracle)",1,17,17,0.475223321359982,NA
67,"SoftImpute (oracle)",1,18,18,0.488644304370834,NA
67,"SoftImpute (oracle)",1,19,19,0.501597716980327,NA
67,"SoftImpute (oracle)",1,20,20,0.514022901927692,NA
67,"SoftImpute (oracle)",1,21,21,0.526151370840846,NA
67,"SoftImpute (oracle)",1,22,22,0.537892608274741,NA
67,"SoftImpute (oracle)",1,23,23,0.549291458856952,NA
67,"SoftImpute (oracle)",1,24,24,0.560411345126441,NA
67,"SoftImpute (oracle)",1,25,25,0.571323706590927,NA
67,"SoftImpute (oracle)",1,26,26,0.581828295887579,NA
67,"SoftImpute (oracle)",1,27,27,0.592059122398942,NA
67,"SoftImpute (oracle)",1,28,28,0.60198921722725,NA
67,"SoftImpute (oracle)",1,29,29,0.611678221693817,NA
67,"SoftImpute (oracle)",1,30,30,0.621161353551699,NA
68,"PCA (oracle)",NA,0,0,0.736406423328926,NA
68,"PCA (oracle)",NA,1,1,0.491525501480231,NA
68,"PCA (oracle)",NA,2,2,0.346241208989265,NA
68,"PCA (oracle)",NA,3,3,0.175382839695631,NA
68,"PCA (oracle)",NA,4,4,0.216518638462234,NA
68,"PCA (oracle)",NA,5,5,0.250108216964327,NA
68,"PCA (oracle)",NA,6,6,0.279255389855844,NA
68,"PCA (oracle)",NA,7,7,0.305310594526231,NA
68,"PCA (oracle)",NA,8,8,0.328925335690107,NA
68,"PCA (oracle)",NA,9,9,0.35052762046169,NA
68,"PCA (oracle)",NA,10,10,0.370820270687909,NA
68,"PCA (oracle)",NA,11,11,0.389807804190245,NA
68,"PCA (oracle)",NA,12,12,0.407735218903411,NA
68,"PCA (oracle)",NA,13,13,0.424751537536107,NA
68,"PCA (oracle)",NA,14,14,0.440991444610663,NA
68,"PCA (oracle)",NA,15,15,0.456663382166804,NA
68,"PCA (oracle)",NA,16,16,0.471548394913105,NA
68,"PCA (oracle)",NA,17,17,0.485861085807663,NA
68,"PCA (oracle)",NA,18,18,0.499684921788791,NA
68,"PCA (oracle)",NA,19,19,0.512975221374735,NA
68,"PCA (oracle)",NA,20,20,0.525897450295234,NA
68,"PCA (oracle)",NA,21,21,0.538271115723393,NA
68,"PCA (oracle)",NA,22,22,0.550320519043488,NA
68,"PCA (oracle)",NA,23,23,0.562067237800172,NA
68,"PCA (oracle)",NA,24,24,0.573525125074363,NA
68,"PCA (oracle)",NA,25,25,0.584553206307036,NA
68,"PCA (oracle)",NA,26,26,0.595380318424524,NA
68,"PCA (oracle)",NA,27,27,0.605858008530173,NA
68,"PCA (oracle)",NA,28,28,0.616106870664979,NA
68,"PCA (oracle)",NA,29,29,0.626128788587226,NA
68,"PCA (oracle)",NA,30,30,0.635928427935352,NA
68,"ICA (oracle)",NA,0,0,0.736406423328926,NA
68,"ICA (oracle)",NA,1,1,0.491525501480231,TRUE
68,"ICA (oracle)",NA,2,2,0.346241208989265,TRUE
68,"ICA (oracle)",NA,3,3,0.175382839695631,TRUE
68,"ICA (oracle)",NA,4,4,0.216518638462234,TRUE
68,"ICA (oracle)",NA,5,5,0.250108216964327,TRUE
68,"ICA (oracle)",NA,6,6,0.279255389855844,FALSE
68,"ICA (oracle)",NA,7,7,0.305310594526231,FALSE
68,"ICA (oracle)",NA,8,8,0.328925335690107,FALSE
68,"ICA (oracle)",NA,9,9,0.35052762046169,FALSE
68,"ICA (oracle)",NA,10,10,0.370820270687908,FALSE
68,"ICA (oracle)",NA,11,11,0.389807804190245,FALSE
68,"ICA (oracle)",NA,12,12,0.407735218903411,FALSE
68,"ICA (oracle)",NA,13,13,0.424751537536107,FALSE
68,"ICA (oracle)",NA,14,14,0.440991444610663,FALSE
68,"ICA (oracle)",NA,15,15,0.456663382166804,FALSE
68,"ICA (oracle)",NA,16,16,0.471548394913105,FALSE
68,"ICA (oracle)",NA,17,17,0.485861085807664,FALSE
68,"ICA (oracle)",NA,18,18,0.499684921788791,FALSE
68,"ICA (oracle)",NA,19,19,0.512975221374736,FALSE
68,"ICA (oracle)",NA,20,20,0.525897450295234,FALSE
68,"ICA (oracle)",NA,21,21,0.538271115723393,FALSE
68,"ICA (oracle)",NA,22,22,0.550320519043489,FALSE
68,"ICA (oracle)",NA,23,23,0.562067237800172,FALSE
68,"ICA (oracle)",NA,24,24,0.573525125074364,FALSE
68,"ICA (oracle)",NA,25,25,0.584553206307036,FALSE
68,"ICA (oracle)",NA,26,26,0.595380318424525,FALSE
68,"ICA (oracle)",NA,27,27,0.605858008530173,FALSE
68,"ICA (oracle)",NA,28,28,0.616106870664979,FALSE
68,"ICA (oracle)",NA,29,29,0.626128788587226,FALSE
68,"ICA (oracle)",NA,30,30,0.635928427935352,FALSE
68,"SoftImpute (oracle)",1,0,0,0.736406423328926,NA
68,"SoftImpute (oracle)",1,1,1,0.491462447117694,NA
68,"SoftImpute (oracle)",1,2,2,0.345983706866601,NA
68,"SoftImpute (oracle)",1,3,3,0.174521247984938,NA
68,"SoftImpute (oracle)",1,4,4,0.214513453615364,NA
68,"SoftImpute (oracle)",1,5,5,0.247254791434114,NA
68,"SoftImpute (oracle)",1,6,6,0.275706141594326,NA
68,"SoftImpute (oracle)",1,7,7,0.301160985413588,NA
68,"SoftImpute (oracle)",1,8,8,0.3242421129976,NA
68,"SoftImpute (oracle)",1,9,9,0.345360502985277,NA
68,"SoftImpute (oracle)",1,10,10,0.365206603613423,NA
68,"SoftImpute (oracle)",1,11,11,0.383778409420496,NA
68,"SoftImpute (oracle)",1,12,12,0.401315339213339,NA
68,"SoftImpute (oracle)",1,13,13,0.417962421567953,NA
68,"SoftImpute (oracle)",1,14,14,0.433851237386123,NA
68,"SoftImpute (oracle)",1,15,15,0.449187547542463,NA
68,"SoftImpute (oracle)",1,16,16,0.463751255387334,NA
68,"SoftImpute (oracle)",1,17,17,0.477754981965857,NA
68,"SoftImpute (oracle)",1,18,18,0.491280828368711,NA
68,"SoftImpute (oracle)",1,19,19,0.504283245391422,NA
68,"SoftImpute (oracle)",1,20,20,0.516926475305841,NA
68,"SoftImpute (oracle)",1,21,21,0.529029741144919,NA
68,"SoftImpute (oracle)",1,22,22,0.54081619578329,NA
68,"SoftImpute (oracle)",1,23,23,0.552306845281659,NA
68,"SoftImpute (oracle)",1,24,24,0.563515051620837,NA
68,"SoftImpute (oracle)",1,25,25,0.574299744520686,NA
68,"SoftImpute (oracle)",1,26,26,0.584888872905925,NA
68,"SoftImpute (oracle)",1,27,27,0.595133997851612,NA
68,"SoftImpute (oracle)",1,28,28,0.605155144978572,NA
68,"SoftImpute (oracle)",1,29,29,0.614953935318895,NA
68,"SoftImpute (oracle)",1,30,30,0.624534787700616,NA
69,"PCA (oracle)",NA,0,0,0.811158672359846,NA
69,"PCA (oracle)",NA,1,1,0.517624224092862,NA
69,"PCA (oracle)",NA,2,2,0.354751107234581,NA
69,"PCA (oracle)",NA,3,3,0.17571176548519,NA
69,"PCA (oracle)",NA,4,4,0.217237765586594,NA
69,"PCA (oracle)",NA,5,5,0.251417577479769,NA
69,"PCA (oracle)",NA,6,6,0.28092884362682,NA
69,"PCA (oracle)",NA,7,7,0.307041117994629,NA
69,"PCA (oracle)",NA,8,8,0.330819753333308,NA
69,"PCA (oracle)",NA,9,9,0.352583222749089,NA
69,"PCA (oracle)",NA,10,10,0.37298874379456,NA
69,"PCA (oracle)",NA,11,11,0.391917042311458,NA
69,"PCA (oracle)",NA,12,12,0.409827127571807,NA
69,"PCA (oracle)",NA,13,13,0.426827042514503,NA
69,"PCA (oracle)",NA,14,14,0.443028700111151,NA
69,"PCA (oracle)",NA,15,15,0.458590748981852,NA
69,"PCA (oracle)",NA,16,16,0.473335782715147,NA
69,"PCA (oracle)",NA,17,17,0.487599001068999,NA
69,"PCA (oracle)",NA,18,18,0.501360483115019,NA
69,"PCA (oracle)",NA,19,19,0.514591542857395,NA
69,"PCA (oracle)",NA,20,20,0.527412874938193,NA
69,"PCA (oracle)",NA,21,21,0.539851505543098,NA
69,"PCA (oracle)",NA,22,22,0.55197979759673,NA
69,"PCA (oracle)",NA,23,23,0.563602296575942,NA
69,"PCA (oracle)",NA,24,24,0.574953166246388,NA
69,"PCA (oracle)",NA,25,25,0.585991498120649,NA
69,"PCA (oracle)",NA,26,26,0.596773528768432,NA
69,"PCA (oracle)",NA,27,27,0.607325982795016,NA
69,"PCA (oracle)",NA,28,28,0.617535836162627,NA
69,"PCA (oracle)",NA,29,29,0.627509724539328,NA
69,"PCA (oracle)",NA,30,30,0.637310765188406,NA
69,"ICA (oracle)",NA,0,0,0.811158672359846,NA
69,"ICA (oracle)",NA,1,1,0.517624224092862,TRUE
69,"ICA (oracle)",NA,2,2,0.354751107234581,TRUE
69,"ICA (oracle)",NA,3,3,0.17571176548519,TRUE
69,"ICA (oracle)",NA,4,4,0.217237765586594,TRUE
69,"ICA (oracle)",NA,5,5,0.251417577479769,TRUE
69,"ICA (oracle)",NA,6,6,0.280928843626819,FALSE
69,"ICA (oracle)",NA,7,7,0.307041117994629,FALSE
69,"ICA (oracle)",NA,8,8,0.330819753333307,FALSE
69,"ICA (oracle)",NA,9,9,0.352583222749089,FALSE
69,"ICA (oracle)",NA,10,10,0.37298874379456,FALSE
69,"ICA (oracle)",NA,11,11,0.391917042311458,FALSE
69,"ICA (oracle)",NA,12,12,0.409827127571807,FALSE
69,"ICA (oracle)",NA,13,13,0.426827042514503,FALSE
69,"ICA (oracle)",NA,14,14,0.443028700111151,FALSE
69,"ICA (oracle)",NA,15,15,0.458590748981852,FALSE
69,"ICA (oracle)",NA,16,16,0.473335782715147,FALSE
69,"ICA (oracle)",NA,17,17,0.487599001068999,FALSE
69,"ICA (oracle)",NA,18,18,0.501360483115019,FALSE
69,"ICA (oracle)",NA,19,19,0.514591542857394,FALSE
69,"ICA (oracle)",NA,20,20,0.527412874938193,FALSE
69,"ICA (oracle)",NA,21,21,0.539851505543097,FALSE
69,"ICA (oracle)",NA,22,22,0.55197979759673,FALSE
69,"ICA (oracle)",NA,23,23,0.563602296575942,FALSE
69,"ICA (oracle)",NA,24,24,0.574953166246388,FALSE
69,"ICA (oracle)",NA,25,25,0.585991498120649,FALSE
69,"ICA (oracle)",NA,26,26,0.596773528768432,FALSE
69,"ICA (oracle)",NA,27,27,0.607325982795015,FALSE
69,"ICA (oracle)",NA,28,28,0.617535836162627,FALSE
69,"ICA (oracle)",NA,29,29,0.627509724539327,FALSE
69,"ICA (oracle)",NA,30,30,0.637310765188406,FALSE
69,"SoftImpute (oracle)",1,0,0,0.811158672359846,NA
69,"SoftImpute (oracle)",1,1,1,0.517552539900074,NA
69,"SoftImpute (oracle)",1,2,2,0.354526063647267,NA
69,"SoftImpute (oracle)",1,3,3,0.174896844855747,NA
69,"SoftImpute (oracle)",1,4,4,0.215267870154284,NA
69,"SoftImpute (oracle)",1,5,5,0.248591621163229,NA
69,"SoftImpute (oracle)",1,6,6,0.277403085174476,NA
69,"SoftImpute (oracle)",1,7,7,0.302913469978559,NA
69,"SoftImpute (oracle)",1,8,8,0.326156802447456,NA
69,"SoftImpute (oracle)",1,9,9,0.347434995861817,NA
69,"SoftImpute (oracle)",1,10,10,0.36739296028346,NA
69,"SoftImpute (oracle)",1,11,11,0.385905218581937,NA
69,"SoftImpute (oracle)",1,12,12,0.403424400115995,NA
69,"SoftImpute (oracle)",1,13,13,0.420054695823143,NA
69,"SoftImpute (oracle)",1,14,14,0.435904973001505,NA
69,"SoftImpute (oracle)",1,15,15,0.451131305446251,NA
69,"SoftImpute (oracle)",1,16,16,0.465555049969766,NA
69,"SoftImpute (oracle)",1,17,17,0.47950908421287,NA
69,"SoftImpute (oracle)",1,18,18,0.492972403422236,NA
69,"SoftImpute (oracle)",1,19,19,0.505915420068714,NA
69,"SoftImpute (oracle)",1,20,20,0.51845769860284,NA
69,"SoftImpute (oracle)",1,21,21,0.530625498550863,NA
69,"SoftImpute (oracle)",1,22,22,0.542490406901519,NA
69,"SoftImpute (oracle)",1,23,23,0.553856896150341,NA
69,"SoftImpute (oracle)",1,24,24,0.564958099775937,NA
69,"SoftImpute (oracle)",1,25,25,0.575752801347687,NA
69,"SoftImpute (oracle)",1,26,26,0.586296742370554,NA
69,"SoftImpute (oracle)",1,27,27,0.596616264903024,NA
69,"SoftImpute (oracle)",1,28,28,0.606598313476219,NA
69,"SoftImpute (oracle)",1,29,29,0.616349010656867,NA
69,"SoftImpute (oracle)",1,30,30,0.625931092953596,NA
70,"PCA (oracle)",NA,0,0,0.827211523766728,NA
70,"PCA (oracle)",NA,1,1,0.50793735705904,NA
70,"PCA (oracle)",NA,2,2,0.379273337475003,NA
70,"PCA (oracle)",NA,3,3,0.175981536855149,NA
70,"PCA (oracle)",NA,4,4,0.216767733880534,NA
70,"PCA (oracle)",NA,5,5,0.250534109901697,NA
70,"PCA (oracle)",NA,6,6,0.280051926394972,NA
70,"PCA (oracle)",NA,7,7,0.306185659983905,NA
70,"PCA (oracle)",NA,8,8,0.329999340658873,NA
70,"PCA (oracle)",NA,9,9,0.352028240899777,NA
70,"PCA (oracle)",NA,10,10,0.372508931461721,NA
70,"PCA (oracle)",NA,11,11,0.391701296686998,NA
70,"PCA (oracle)",NA,12,12,0.409664818494684,NA
70,"PCA (oracle)",NA,13,13,0.426766074768017,NA
70,"PCA (oracle)",NA,14,14,0.442899486351168,NA
70,"PCA (oracle)",NA,15,15,0.458451517842589,NA
70,"PCA (oracle)",NA,16,16,0.473268255444755,NA
70,"PCA (oracle)",NA,17,17,0.487548060842286,NA
70,"PCA (oracle)",NA,18,18,0.50128448503371,NA
70,"PCA (oracle)",NA,19,19,0.514483689758687,NA
70,"PCA (oracle)",NA,20,20,0.527180709172159,NA
70,"PCA (oracle)",NA,21,21,0.539590818703351,NA
70,"PCA (oracle)",NA,22,22,0.551584174143291,NA
70,"PCA (oracle)",NA,23,23,0.563231721668896,NA
70,"PCA (oracle)",NA,24,24,0.574569717224689,NA
70,"PCA (oracle)",NA,25,25,0.585553135546582,NA
70,"PCA (oracle)",NA,26,26,0.596269243781887,NA
70,"PCA (oracle)",NA,27,27,0.606673467015163,NA
70,"PCA (oracle)",NA,28,28,0.616808669999699,NA
70,"PCA (oracle)",NA,29,29,0.626712114130157,NA
70,"PCA (oracle)",NA,30,30,0.636417819842569,NA
70,"ICA (oracle)",NA,0,0,0.827211523766728,NA
70,"ICA (oracle)",NA,1,1,0.50793735705904,TRUE
70,"ICA (oracle)",NA,2,2,0.379273337475002,TRUE
70,"ICA (oracle)",NA,3,3,0.175981536855149,TRUE
70,"ICA (oracle)",NA,4,4,0.216767733880534,TRUE
70,"ICA (oracle)",NA,5,5,0.250534109901697,TRUE
70,"ICA (oracle)",NA,6,6,0.280051926394972,TRUE
70,"ICA (oracle)",NA,7,7,0.306185659983905,TRUE
70,"ICA (oracle)",NA,8,8,0.329999340658874,TRUE
70,"ICA (oracle)",NA,9,9,0.352028240899777,TRUE
70,"ICA (oracle)",NA,10,10,0.372508931461721,FALSE
70,"ICA (oracle)",NA,11,11,0.391701296686998,FALSE
70,"ICA (oracle)",NA,12,12,0.409664818494684,FALSE
70,"ICA (oracle)",NA,13,13,0.426766074768017,FALSE
70,"ICA (oracle)",NA,14,14,0.442899486351168,FALSE
70,"ICA (oracle)",NA,15,15,0.45845151784259,FALSE
70,"ICA (oracle)",NA,16,16,0.473268255444755,FALSE
70,"ICA (oracle)",NA,17,17,0.487548060842285,FALSE
70,"ICA (oracle)",NA,18,18,0.50128448503371,FALSE
70,"ICA (oracle)",NA,19,19,0.514483689758687,FALSE
70,"ICA (oracle)",NA,20,20,0.527180709172159,FALSE
70,"ICA (oracle)",NA,21,21,0.539590818703351,FALSE
70,"ICA (oracle)",NA,22,22,0.551584174143291,FALSE
70,"ICA (oracle)",NA,23,23,0.563231721668897,FALSE
70,"ICA (oracle)",NA,24,24,0.574569717224689,FALSE
70,"ICA (oracle)",NA,25,25,0.585553135546582,FALSE
70,"ICA (oracle)",NA,26,26,0.596269243781887,FALSE
70,"ICA (oracle)",NA,27,27,0.606673467015163,FALSE
70,"ICA (oracle)",NA,28,28,0.616808669999699,FALSE
70,"ICA (oracle)",NA,29,29,0.626712114130157,FALSE
70,"ICA (oracle)",NA,30,30,0.636417819842569,FALSE
70,"SoftImpute (oracle)",1,0,0,0.827211523766728,NA
70,"SoftImpute (oracle)",1,1,1,0.507893176693919,NA
70,"SoftImpute (oracle)",1,2,2,0.379046704791791,NA
70,"SoftImpute (oracle)",1,3,3,0.175151895125254,NA
70,"SoftImpute (oracle)",1,4,4,0.214792732505937,NA
70,"SoftImpute (oracle)",1,5,5,0.247705956801977,NA
70,"SoftImpute (oracle)",1,6,6,0.276523612748216,NA
70,"SoftImpute (oracle)",1,7,7,0.302055193493521,NA
70,"SoftImpute (oracle)",1,8,8,0.325333357759058,NA
70,"SoftImpute (oracle)",1,9,9,0.346875979075938,NA
70,"SoftImpute (oracle)",1,10,10,0.366908967567746,NA
70,"SoftImpute (oracle)",1,11,11,0.385684564546112,NA
70,"SoftImpute (oracle)",1,12,12,0.40325720230138,NA
70,"SoftImpute (oracle)",1,13,13,0.419988720588386,NA
70,"SoftImpute (oracle)",1,14,14,0.435771118751359,NA
70,"SoftImpute (oracle)",1,15,15,0.450987604984787,NA
70,"SoftImpute (oracle)",1,16,16,0.465482990191271,NA
70,"SoftImpute (oracle)",1,17,17,0.479453696348915,NA
70,"SoftImpute (oracle)",1,18,18,0.492892137957048,NA
70,"SoftImpute (oracle)",1,19,19,0.5058034813933,NA
70,"SoftImpute (oracle)",1,20,20,0.518221843477015,NA
70,"SoftImpute (oracle)",1,21,21,0.530361261376763,NA
70,"SoftImpute (oracle)",1,22,22,0.542091610762862,NA
70,"SoftImpute (oracle)",1,23,23,0.553483134688356,NA
70,"SoftImpute (oracle)",1,24,24,0.564571539669448,NA
70,"SoftImpute (oracle)",1,25,25,0.575311497297798,NA
70,"SoftImpute (oracle)",1,26,26,0.585789702264195,NA
70,"SoftImpute (oracle)",1,27,27,0.595961362984213,NA
70,"SoftImpute (oracle)",1,28,28,0.605868950392932,NA
70,"SoftImpute (oracle)",1,29,29,0.615549376297034,NA
70,"SoftImpute (oracle)",1,30,30,0.625036345813942,NA
71,"PCA (oracle)",NA,0,0,0.78571327146151,NA
71,"PCA (oracle)",NA,1,1,0.470121871462717,NA
71,"PCA (oracle)",NA,2,2,0.327016138226614,NA
71,"PCA (oracle)",NA,3,3,0.17740028955104,NA
71,"PCA (oracle)",NA,4,4,0.2181927958725,NA
71,"PCA (oracle)",NA,5,5,0.252269701338493,NA
71,"PCA (oracle)",NA,6,6,0.282053055493456,NA
71,"PCA (oracle)",NA,7,7,0.30803099489151,NA
71,"PCA (oracle)",NA,8,8,0.331658184087418,NA
71,"PCA (oracle)",NA,9,9,0.353323035442047,NA
71,"PCA (oracle)",NA,10,10,0.373562166331415,NA
71,"PCA (oracle)",NA,11,11,0.392549946235821,NA
71,"PCA (oracle)",NA,12,12,0.410573393880424,NA
71,"PCA (oracle)",NA,13,13,0.427673067971239,NA
71,"PCA (oracle)",NA,14,14,0.443941701840839,NA
71,"PCA (oracle)",NA,15,15,0.459414382106916,NA
71,"PCA (oracle)",NA,16,16,0.474338106350029,NA
71,"PCA (oracle)",NA,17,17,0.488645908815237,NA
71,"PCA (oracle)",NA,18,18,0.502365483382224,NA
71,"PCA (oracle)",NA,19,19,0.51556208881048,NA
71,"PCA (oracle)",NA,20,20,0.528367519710975,NA
71,"PCA (oracle)",NA,21,21,0.540770757980585,NA
71,"PCA (oracle)",NA,22,22,0.552875280600824,NA
71,"PCA (oracle)",NA,23,23,0.564576507585853,NA
71,"PCA (oracle)",NA,24,24,0.575929229315894,NA
71,"PCA (oracle)",NA,25,25,0.587010687544058,NA
71,"PCA (oracle)",NA,26,26,0.597776055627107,NA
71,"PCA (oracle)",NA,27,27,0.608321361597611,NA
71,"PCA (oracle)",NA,28,28,0.618583285004346,NA
71,"PCA (oracle)",NA,29,29,0.628567339330388,NA
71,"PCA (oracle)",NA,30,30,0.638366723100687,NA
71,"ICA (oracle)",NA,0,0,0.78571327146151,NA
71,"ICA (oracle)",NA,1,1,0.470121871462717,TRUE
71,"ICA (oracle)",NA,2,2,0.327016138226614,TRUE
71,"ICA (oracle)",NA,3,3,0.17740028955104,TRUE
71,"ICA (oracle)",NA,4,4,0.2181927958725,TRUE
71,"ICA (oracle)",NA,5,5,0.252269701338493,FALSE
71,"ICA (oracle)",NA,6,6,0.282053055493456,FALSE
71,"ICA (oracle)",NA,7,7,0.30803099489151,FALSE
71,"ICA (oracle)",NA,8,8,0.331658184087419,FALSE
71,"ICA (oracle)",NA,9,9,0.353323035442047,FALSE
71,"ICA (oracle)",NA,10,10,0.373562166331415,FALSE
71,"ICA (oracle)",NA,11,11,0.392549946235822,FALSE
71,"ICA (oracle)",NA,12,12,0.410573393880424,FALSE
71,"ICA (oracle)",NA,13,13,0.427673067971239,FALSE
71,"ICA (oracle)",NA,14,14,0.443941701840839,FALSE
71,"ICA (oracle)",NA,15,15,0.459414382106917,FALSE
71,"ICA (oracle)",NA,16,16,0.474338106350029,FALSE
71,"ICA (oracle)",NA,17,17,0.488645908815237,FALSE
71,"ICA (oracle)",NA,18,18,0.502365483382224,TRUE
71,"ICA (oracle)",NA,19,19,0.515562088810479,FALSE
71,"ICA (oracle)",NA,20,20,0.528367519710975,FALSE
71,"ICA (oracle)",NA,21,21,0.540770757980585,FALSE
71,"ICA (oracle)",NA,22,22,0.552875280600824,FALSE
71,"ICA (oracle)",NA,23,23,0.564576507585853,FALSE
71,"ICA (oracle)",NA,24,24,0.575929229315894,FALSE
71,"ICA (oracle)",NA,25,25,0.587010687544058,FALSE
71,"ICA (oracle)",NA,26,26,0.597776055627107,FALSE
71,"ICA (oracle)",NA,27,27,0.608321361597611,FALSE
71,"ICA (oracle)",NA,28,28,0.618583285004346,FALSE
71,"ICA (oracle)",NA,29,29,0.628567339330388,FALSE
71,"ICA (oracle)",NA,30,30,0.638366723100687,FALSE
71,"SoftImpute (oracle)",1,0,0,0.78571327146151,NA
71,"SoftImpute (oracle)",1,1,1,0.470053510079795,NA
71,"SoftImpute (oracle)",1,2,2,0.326750091234119,NA
71,"SoftImpute (oracle)",1,3,3,0.176487729987279,NA
71,"SoftImpute (oracle)",1,4,4,0.216152830117591,NA
71,"SoftImpute (oracle)",1,5,5,0.249384648127019,NA
71,"SoftImpute (oracle)",1,6,6,0.278473454506215,NA
71,"SoftImpute (oracle)",1,7,7,0.303855118213786,NA
71,"SoftImpute (oracle)",1,8,8,0.326951355875738,NA
71,"SoftImpute (oracle)",1,9,9,0.34813418531379,NA
71,"SoftImpute (oracle)",1,10,10,0.367928669098598,NA
71,"SoftImpute (oracle)",1,11,11,0.386502120903464,NA
71,"SoftImpute (oracle)",1,12,12,0.404135977030748,NA
71,"SoftImpute (oracle)",1,13,13,0.420867210637525,NA
71,"SoftImpute (oracle)",1,14,14,0.436785587908853,NA
71,"SoftImpute (oracle)",1,15,15,0.451923962414931,NA
71,"SoftImpute (oracle)",1,16,16,0.466526966827652,NA
71,"SoftImpute (oracle)",1,17,17,0.480526434445047,NA
71,"SoftImpute (oracle)",1,18,18,0.49394882664773,NA
71,"SoftImpute (oracle)",1,19,19,0.506858268142762,NA
71,"SoftImpute (oracle)",1,20,20,0.519385410254367,NA
71,"SoftImpute (oracle)",1,21,21,0.531518569902251,NA
71,"SoftImpute (oracle)",1,22,22,0.543360381105195,NA
71,"SoftImpute (oracle)",1,23,23,0.554805983331625,NA
71,"SoftImpute (oracle)",1,24,24,0.565909573436813,NA
71,"SoftImpute (oracle)",1,25,25,0.576747807122662,NA
71,"SoftImpute (oracle)",1,26,26,0.587275599247993,NA
71,"SoftImpute (oracle)",1,27,27,0.597588437961734,NA
71,"SoftImpute (oracle)",1,28,28,0.607622858082083,NA
71,"SoftImpute (oracle)",1,29,29,0.617384099049768,NA
71,"SoftImpute (oracle)",1,30,30,0.62696490992038,NA
72,"PCA (oracle)",NA,0,0,0.789424285020541,NA
72,"PCA (oracle)",NA,1,1,0.506574570528448,NA
72,"PCA (oracle)",NA,2,2,0.351940480302096,NA
72,"PCA (oracle)",NA,3,3,0.176430387797292,NA
72,"PCA (oracle)",NA,4,4,0.217091928585606,NA
72,"PCA (oracle)",NA,5,5,0.250308210554735,NA
72,"PCA (oracle)",NA,6,6,0.279292545541892,NA
72,"PCA (oracle)",NA,7,7,0.30537140391889,NA
72,"PCA (oracle)",NA,8,8,0.328859957417145,NA
72,"PCA (oracle)",NA,9,9,0.350522579087277,NA
72,"PCA (oracle)",NA,10,10,0.370709041620047,NA
72,"PCA (oracle)",NA,11,11,0.389542948855601,NA
72,"PCA (oracle)",NA,12,12,0.407409369651227,NA
72,"PCA (oracle)",NA,13,13,0.424416543744093,NA
72,"PCA (oracle)",NA,14,14,0.440648162426576,NA
72,"PCA (oracle)",NA,15,15,0.456149484275035,NA
72,"PCA (oracle)",NA,16,16,0.470978114840516,NA
72,"PCA (oracle)",NA,17,17,0.485118331643207,NA
72,"PCA (oracle)",NA,18,18,0.498862558747382,NA
72,"PCA (oracle)",NA,19,19,0.512048772519746,NA
72,"PCA (oracle)",NA,20,20,0.52483311391621,NA
72,"PCA (oracle)",NA,21,21,0.537288403812586,NA
72,"PCA (oracle)",NA,22,22,0.54933982100979,NA
72,"PCA (oracle)",NA,23,23,0.561036449055765,NA
72,"PCA (oracle)",NA,24,24,0.57233859850251,NA
72,"PCA (oracle)",NA,25,25,0.58338415615554,NA
72,"PCA (oracle)",NA,26,26,0.594038010951418,NA
72,"PCA (oracle)",NA,27,27,0.60442063525267,NA
72,"PCA (oracle)",NA,28,28,0.614570064143534,NA
72,"PCA (oracle)",NA,29,29,0.624496857482068,NA
72,"PCA (oracle)",NA,30,30,0.634200614260438,NA
72,"ICA (oracle)",NA,0,0,0.789424285020541,NA
72,"ICA (oracle)",NA,1,1,0.506574570528448,TRUE
72,"ICA (oracle)",NA,2,2,0.351940480302096,TRUE
72,"ICA (oracle)",NA,3,3,0.176430387797292,TRUE
72,"ICA (oracle)",NA,4,4,0.217091928585605,TRUE
72,"ICA (oracle)",NA,5,5,0.250308210554735,FALSE
72,"ICA (oracle)",NA,6,6,0.279292545541892,FALSE
72,"ICA (oracle)",NA,7,7,0.305371403918889,FALSE
72,"ICA (oracle)",NA,8,8,0.328859957417145,FALSE
72,"ICA (oracle)",NA,9,9,0.350522579087277,FALSE
72,"ICA (oracle)",NA,10,10,0.370709041620047,FALSE
72,"ICA (oracle)",NA,11,11,0.389542948855601,FALSE
72,"ICA (oracle)",NA,12,12,0.407409369651227,FALSE
72,"ICA (oracle)",NA,13,13,0.424416543744093,FALSE
72,"ICA (oracle)",NA,14,14,0.440648162426575,FALSE
72,"ICA (oracle)",NA,15,15,0.456149484275035,FALSE
72,"ICA (oracle)",NA,16,16,0.470978114840515,FALSE
72,"ICA (oracle)",NA,17,17,0.485118331643206,FALSE
72,"ICA (oracle)",NA,18,18,0.498862558747382,FALSE
72,"ICA (oracle)",NA,19,19,0.512048772519746,FALSE
72,"ICA (oracle)",NA,20,20,0.52483311391621,FALSE
72,"ICA (oracle)",NA,21,21,0.537288403812585,FALSE
72,"ICA (oracle)",NA,22,22,0.54933982100979,FALSE
72,"ICA (oracle)",NA,23,23,0.561036449055764,FALSE
72,"ICA (oracle)",NA,24,24,0.57233859850251,FALSE
72,"ICA (oracle)",NA,25,25,0.58338415615554,FALSE
72,"ICA (oracle)",NA,26,26,0.594038010951417,FALSE
72,"ICA (oracle)",NA,27,27,0.60442063525267,FALSE
72,"ICA (oracle)",NA,28,28,0.614570064143534,FALSE
72,"ICA (oracle)",NA,29,29,0.624496857482068,FALSE
72,"ICA (oracle)",NA,30,30,0.634200614260438,FALSE
72,"SoftImpute (oracle)",1,0,0,0.789424285020541,NA
72,"SoftImpute (oracle)",1,1,1,0.506517317351944,NA
72,"SoftImpute (oracle)",1,2,2,0.351732167699515,NA
72,"SoftImpute (oracle)",1,3,3,0.175604368352671,NA
72,"SoftImpute (oracle)",1,4,4,0.21512185115046,NA
72,"SoftImpute (oracle)",1,5,5,0.24748833250303,NA
72,"SoftImpute (oracle)",1,6,6,0.275774404174196,NA
72,"SoftImpute (oracle)",1,7,7,0.301250178308418,NA
72,"SoftImpute (oracle)",1,8,8,0.324203647626925,NA
72,"SoftImpute (oracle)",1,9,9,0.345380481565585,NA
72,"SoftImpute (oracle)",1,10,10,0.365119403777918,NA
72,"SoftImpute (oracle)",1,11,11,0.38353690645056,NA
72,"SoftImpute (oracle)",1,12,12,0.401011971845272,NA
72,"SoftImpute (oracle)",1,13,13,0.417649001382299,NA
72,"SoftImpute (oracle)",1,14,14,0.433528726516436,NA
72,"SoftImpute (oracle)",1,15,15,0.448694126443188,NA
72,"SoftImpute (oracle)",1,16,16,0.463200911908007,NA
72,"SoftImpute (oracle)",1,17,17,0.477031974897325,NA
72,"SoftImpute (oracle)",1,18,18,0.490477811655914,NA
72,"SoftImpute (oracle)",1,19,19,0.503375844855566,NA
72,"SoftImpute (oracle)",1,20,20,0.515880992117078,NA
72,"SoftImpute (oracle)",1,21,21,0.528065199970731,NA
72,"SoftImpute (oracle)",1,22,22,0.539853216882722,NA
72,"SoftImpute (oracle)",1,23,23,0.551293473337987,NA
72,"SoftImpute (oracle)",1,24,24,0.56234590266092,NA
72,"SoftImpute (oracle)",1,25,25,0.573147653236349,NA
72,"SoftImpute (oracle)",1,26,26,0.583563566481553,NA
72,"SoftImpute (oracle)",1,27,27,0.593713500041277,NA
72,"SoftImpute (oracle)",1,28,28,0.603635109076283,NA
72,"SoftImpute (oracle)",1,29,29,0.613338669156696,NA
72,"SoftImpute (oracle)",1,30,30,0.622823545142283,NA
73,"PCA (oracle)",NA,0,0,0.73044531420034,NA
73,"PCA (oracle)",NA,1,1,0.478434001621537,NA
73,"PCA (oracle)",NA,2,2,0.33489589966118,NA
73,"PCA (oracle)",NA,3,3,0.176574004705071,NA
73,"PCA (oracle)",NA,4,4,0.216566757354021,NA
73,"PCA (oracle)",NA,5,5,0.249734037245937,NA
73,"PCA (oracle)",NA,6,6,0.278624312139918,NA
73,"PCA (oracle)",NA,7,7,0.304646127797956,NA
73,"PCA (oracle)",NA,8,8,0.328013987285828,NA
73,"PCA (oracle)",NA,9,9,0.349767214291025,NA
73,"PCA (oracle)",NA,10,10,0.370149274587306,NA
73,"PCA (oracle)",NA,11,11,0.389235400208405,NA
73,"PCA (oracle)",NA,12,12,0.407241469323069,NA
73,"PCA (oracle)",NA,13,13,0.424372989259378,NA
73,"PCA (oracle)",NA,14,14,0.440751575816529,NA
73,"PCA (oracle)",NA,15,15,0.456420987501907,NA
73,"PCA (oracle)",NA,16,16,0.471409271105895,NA
73,"PCA (oracle)",NA,17,17,0.485682716358223,NA
73,"PCA (oracle)",NA,18,18,0.499472481141595,NA
73,"PCA (oracle)",NA,19,19,0.512866408861381,NA
73,"PCA (oracle)",NA,20,20,0.525858439681487,NA
73,"PCA (oracle)",NA,21,21,0.538242455045315,NA
73,"PCA (oracle)",NA,22,22,0.550217509005744,NA
73,"PCA (oracle)",NA,23,23,0.561828782899222,NA
73,"PCA (oracle)",NA,24,24,0.573173802130992,NA
73,"PCA (oracle)",NA,25,25,0.584187831041005,NA
73,"PCA (oracle)",NA,26,26,0.594990906129927,NA
73,"PCA (oracle)",NA,27,27,0.605500662978136,NA
73,"PCA (oracle)",NA,28,28,0.615756361460665,NA
73,"PCA (oracle)",NA,29,29,0.625789143811403,NA
73,"PCA (oracle)",NA,30,30,0.635542543099374,NA
73,"ICA (oracle)",NA,0,0,0.73044531420034,NA
73,"ICA (oracle)",NA,1,1,0.478434001621537,TRUE
73,"ICA (oracle)",NA,2,2,0.33489589966118,TRUE
73,"ICA (oracle)",NA,3,3,0.176574004705072,TRUE
73,"ICA (oracle)",NA,4,4,0.216566757354021,TRUE
73,"ICA (oracle)",NA,5,5,0.249734037245937,TRUE
73,"ICA (oracle)",NA,6,6,0.278624312139918,FALSE
73,"ICA (oracle)",NA,7,7,0.304646127797956,FALSE
73,"ICA (oracle)",NA,8,8,0.328013987285828,TRUE
73,"ICA (oracle)",NA,9,9,0.349767214291026,FALSE
73,"ICA (oracle)",NA,10,10,0.370149274587306,FALSE
73,"ICA (oracle)",NA,11,11,0.389235400208405,FALSE
73,"ICA (oracle)",NA,12,12,0.40724146932307,FALSE
73,"ICA (oracle)",NA,13,13,0.424372989259378,FALSE
73,"ICA (oracle)",NA,14,14,0.44075157581653,FALSE
73,"ICA (oracle)",NA,15,15,0.456420987501907,FALSE
73,"ICA (oracle)",NA,16,16,0.471409271105895,FALSE
73,"ICA (oracle)",NA,17,17,0.485682716358224,FALSE
73,"ICA (oracle)",NA,18,18,0.499472481141595,FALSE
73,"ICA (oracle)",NA,19,19,0.512866408861381,FALSE
73,"ICA (oracle)",NA,20,20,0.525858439681488,FALSE
73,"ICA (oracle)",NA,21,21,0.538242455045315,FALSE
73,"ICA (oracle)",NA,22,22,0.550217509005744,FALSE
73,"ICA (oracle)",NA,23,23,0.561828782899222,FALSE
73,"ICA (oracle)",NA,24,24,0.573173802130992,FALSE
73,"ICA (oracle)",NA,25,25,0.584187831041004,FALSE
73,"ICA (oracle)",NA,26,26,0.594990906129927,FALSE
73,"ICA (oracle)",NA,27,27,0.605500662978136,FALSE
73,"ICA (oracle)",NA,28,28,0.615756361460666,FALSE
73,"ICA (oracle)",NA,29,29,0.625789143811403,FALSE
73,"ICA (oracle)",NA,30,30,0.635542543099374,FALSE
73,"SoftImpute (oracle)",1,0,0,0.73044531420034,NA
73,"SoftImpute (oracle)",1,1,1,0.478352256983598,NA
73,"SoftImpute (oracle)",1,2,2,0.33461228061661,NA
73,"SoftImpute (oracle)",1,3,3,0.175642564330732,NA
73,"SoftImpute (oracle)",1,4,4,0.214516498680892,NA
73,"SoftImpute (oracle)",1,5,5,0.246844265285031,NA
73,"SoftImpute (oracle)",1,6,6,0.275043596364064,NA
73,"SoftImpute (oracle)",1,7,7,0.30046759781608,NA
73,"SoftImpute (oracle)",1,8,8,0.323304696755993,NA
73,"SoftImpute (oracle)",1,9,9,0.344574851070982,NA
73,"SoftImpute (oracle)",1,10,10,0.364511292896298,NA
73,"SoftImpute (oracle)",1,11,11,0.38318245507056,NA
73,"SoftImpute (oracle)",1,12,12,0.40079876228474,NA
73,"SoftImpute (oracle)",1,13,13,0.417561580102034,NA
73,"SoftImpute (oracle)",1,14,14,0.433589490795994,NA
73,"SoftImpute (oracle)",1,15,15,0.448924007369026,NA
73,"SoftImpute (oracle)",1,16,16,0.463591377695582,NA
73,"SoftImpute (oracle)",1,17,17,0.477556552724744,NA
73,"SoftImpute (oracle)",1,18,18,0.491048948551602,NA
73,"SoftImpute (oracle)",1,19,19,0.504155244550646,NA
73,"SoftImpute (oracle)",1,20,20,0.516868584789476,NA
73,"SoftImpute (oracle)",1,21,21,0.528982606425412,NA
73,"SoftImpute (oracle)",1,22,22,0.540695283139153,NA
73,"SoftImpute (oracle)",1,23,23,0.55205116116092,NA
73,"SoftImpute (oracle)",1,24,24,0.563147080274329,NA
73,"SoftImpute (oracle)",1,25,25,0.573918049994515,NA
73,"SoftImpute (oracle)",1,26,26,0.584483474415347,NA
73,"SoftImpute (oracle)",1,27,27,0.594760854619583,NA
73,"SoftImpute (oracle)",1,28,28,0.604789071481505,NA
73,"SoftImpute (oracle)",1,29,29,0.614598937822694,NA
73,"SoftImpute (oracle)",1,30,30,0.624133876800815,NA
74,"PCA (oracle)",NA,0,0,0.781421707232779,NA
74,"PCA (oracle)",NA,1,1,0.502372881729094,NA
74,"PCA (oracle)",NA,2,2,0.360499069231016,NA
74,"PCA (oracle)",NA,3,3,0.174055710136645,NA
74,"PCA (oracle)",NA,4,4,0.215355335689466,NA
74,"PCA (oracle)",NA,5,5,0.249237461269049,NA
74,"PCA (oracle)",NA,6,6,0.278666768418942,NA
74,"PCA (oracle)",NA,7,7,0.305215232178235,NA
74,"PCA (oracle)",NA,8,8,0.329091000906923,NA
74,"PCA (oracle)",NA,9,9,0.351250169534615,NA
74,"PCA (oracle)",NA,10,10,0.371661036355222,NA
74,"PCA (oracle)",NA,11,11,0.390866951571202,NA
74,"PCA (oracle)",NA,12,12,0.409012413359936,NA
74,"PCA (oracle)",NA,13,13,0.426206701565057,NA
74,"PCA (oracle)",NA,14,14,0.442571723439433,NA
74,"PCA (oracle)",NA,15,15,0.458170328179056,NA
74,"PCA (oracle)",NA,16,16,0.473064907056611,NA
74,"PCA (oracle)",NA,17,17,0.4873504888599,NA
74,"PCA (oracle)",NA,18,18,0.501203518078787,NA
74,"PCA (oracle)",NA,19,19,0.514432662161661,NA
74,"PCA (oracle)",NA,20,20,0.527123810091142,NA
74,"PCA (oracle)",NA,21,21,0.53941332404889,NA
74,"PCA (oracle)",NA,22,22,0.551388180445862,NA
74,"PCA (oracle)",NA,23,23,0.562976363965268,NA
74,"PCA (oracle)",NA,24,24,0.574295805221314,NA
74,"PCA (oracle)",NA,25,25,0.585238751211759,NA
74,"PCA (oracle)",NA,26,26,0.595876314703155,NA
74,"PCA (oracle)",NA,27,27,0.606269175418887,NA
74,"PCA (oracle)",NA,28,28,0.616449366500033,NA
74,"PCA (oracle)",NA,29,29,0.626441712909282,NA
74,"PCA (oracle)",NA,30,30,0.63622648266129,NA
74,"ICA (oracle)",NA,0,0,0.781421707232779,NA
74,"ICA (oracle)",NA,1,1,0.502372881729094,TRUE
74,"ICA (oracle)",NA,2,2,0.360499069231016,TRUE
74,"ICA (oracle)",NA,3,3,0.174055710136645,TRUE
74,"ICA (oracle)",NA,4,4,0.215355335689466,TRUE
74,"ICA (oracle)",NA,5,5,0.249237461269049,TRUE
74,"ICA (oracle)",NA,6,6,0.278666768418941,TRUE
74,"ICA (oracle)",NA,7,7,0.305215232178235,TRUE
74,"ICA (oracle)",NA,8,8,0.329091000906923,TRUE
74,"ICA (oracle)",NA,9,9,0.351250169534615,FALSE
74,"ICA (oracle)",NA,10,10,0.371661036355222,FALSE
74,"ICA (oracle)",NA,11,11,0.390866951571202,FALSE
74,"ICA (oracle)",NA,12,12,0.409012413359935,FALSE
74,"ICA (oracle)",NA,13,13,0.426206701565057,FALSE
74,"ICA (oracle)",NA,14,14,0.442571723439432,FALSE
74,"ICA (oracle)",NA,15,15,0.458170328179056,FALSE
74,"ICA (oracle)",NA,16,16,0.47306490705661,FALSE
74,"ICA (oracle)",NA,17,17,0.487350488859899,FALSE
74,"ICA (oracle)",NA,18,18,0.501203518078786,FALSE
74,"ICA (oracle)",NA,19,19,0.51443266216166,FALSE
74,"ICA (oracle)",NA,20,20,0.527123810091141,FALSE
74,"ICA (oracle)",NA,21,21,0.53941332404889,FALSE
74,"ICA (oracle)",NA,22,22,0.551388180445861,FALSE
74,"ICA (oracle)",NA,23,23,0.562976363965268,FALSE
74,"ICA (oracle)",NA,24,24,0.574295805221314,FALSE
74,"ICA (oracle)",NA,25,25,0.585238751211759,FALSE
74,"ICA (oracle)",NA,26,26,0.595876314703155,FALSE
74,"ICA (oracle)",NA,27,27,0.606269175418886,FALSE
74,"ICA (oracle)",NA,28,28,0.616449366500033,FALSE
74,"ICA (oracle)",NA,29,29,0.626441712909282,FALSE
74,"ICA (oracle)",NA,30,30,0.63622648266129,FALSE
74,"SoftImpute (oracle)",1,0,0,0.781421707232779,NA
74,"SoftImpute (oracle)",1,1,1,0.502302852936304,NA
74,"SoftImpute (oracle)",1,2,2,0.360260641236779,NA
74,"SoftImpute (oracle)",1,3,3,0.173270232642392,NA
74,"SoftImpute (oracle)",1,4,4,0.213407969029933,NA
74,"SoftImpute (oracle)",1,5,5,0.246431039717081,NA
74,"SoftImpute (oracle)",1,6,6,0.275157577626232,NA
74,"SoftImpute (oracle)",1,7,7,0.301099759273752,NA
74,"SoftImpute (oracle)",1,8,8,0.324438374119939,NA
74,"SoftImpute (oracle)",1,9,9,0.346109734871086,NA
74,"SoftImpute (oracle)",1,10,10,0.366072338943821,NA
74,"SoftImpute (oracle)",1,11,11,0.384860756565046,NA
74,"SoftImpute (oracle)",1,12,12,0.402614210080893,NA
74,"SoftImpute (oracle)",1,13,13,0.419438042189167,NA
74,"SoftImpute (oracle)",1,14,14,0.435451033893105,NA
74,"SoftImpute (oracle)",1,15,15,0.450713680396956,NA
74,"SoftImpute (oracle)",1,16,16,0.465286453071331,NA
74,"SoftImpute (oracle)",1,17,17,0.479262706783985,NA
74,"SoftImpute (oracle)",1,18,18,0.492817273655889,NA
74,"SoftImpute (oracle)",1,19,19,0.505758322129981,NA
74,"SoftImpute (oracle)",1,20,20,0.518170683769128,NA
74,"SoftImpute (oracle)",1,21,21,0.530189663371529,NA
74,"SoftImpute (oracle)",1,22,22,0.541901421235099,NA
74,"SoftImpute (oracle)",1,23,23,0.55323359332009,NA
74,"SoftImpute (oracle)",1,24,24,0.564303361064947,NA
74,"SoftImpute (oracle)",1,25,25,0.575002823436254,NA
74,"SoftImpute (oracle)",1,26,26,0.585402554893664,NA
74,"SoftImpute (oracle)",1,27,27,0.595562765133347,NA
74,"SoftImpute (oracle)",1,28,28,0.605515124938841,NA
74,"SoftImpute (oracle)",1,29,29,0.615284145239634,NA
74,"SoftImpute (oracle)",1,30,30,0.624849907585145,NA
75,"PCA (oracle)",NA,0,0,0.749438161638516,NA
75,"PCA (oracle)",NA,1,1,0.504689722411975,NA
75,"PCA (oracle)",NA,2,2,0.342799707529247,NA
75,"PCA (oracle)",NA,3,3,0.172587532372922,NA
75,"PCA (oracle)",NA,4,4,0.213362085511353,NA
75,"PCA (oracle)",NA,5,5,0.24700004240146,NA
75,"PCA (oracle)",NA,6,6,0.276214820180137,NA
75,"PCA (oracle)",NA,7,7,0.302557689555339,NA
75,"PCA (oracle)",NA,8,8,0.326671963666107,NA
75,"PCA (oracle)",NA,9,9,0.348684761107826,NA
75,"PCA (oracle)",NA,10,10,0.36912062122778,NA
75,"PCA (oracle)",NA,11,11,0.388300808230185,NA
75,"PCA (oracle)",NA,12,12,0.406271055815088,NA
75,"PCA (oracle)",NA,13,13,0.423294260908672,NA
75,"PCA (oracle)",NA,14,14,0.439617949163282,NA
75,"PCA (oracle)",NA,15,15,0.455054140418012,NA
75,"PCA (oracle)",NA,16,16,0.469920802842695,NA
75,"PCA (oracle)",NA,17,17,0.48421924357561,NA
75,"PCA (oracle)",NA,18,18,0.498005502120359,NA
75,"PCA (oracle)",NA,19,19,0.511329439795356,NA
75,"PCA (oracle)",NA,20,20,0.524163810033803,NA
75,"PCA (oracle)",NA,21,21,0.536581297513485,NA
75,"PCA (oracle)",NA,22,22,0.548612787415042,NA
75,"PCA (oracle)",NA,23,23,0.560257512288949,NA
75,"PCA (oracle)",NA,24,24,0.571555739756936,NA
75,"PCA (oracle)",NA,25,25,0.582548973214569,NA
75,"PCA (oracle)",NA,26,26,0.593332357153278,NA
75,"PCA (oracle)",NA,27,27,0.603768373044281,NA
75,"PCA (oracle)",NA,28,28,0.613995219056479,NA
75,"PCA (oracle)",NA,29,29,0.623945138045512,NA
75,"PCA (oracle)",NA,30,30,0.633694482772677,NA
75,"ICA (oracle)",NA,0,0,0.749438161638516,NA
75,"ICA (oracle)",NA,1,1,0.504689722411975,TRUE
75,"ICA (oracle)",NA,2,2,0.342799707529247,TRUE
75,"ICA (oracle)",NA,3,3,0.172587532372922,TRUE
75,"ICA (oracle)",NA,4,4,0.213362085511352,TRUE
75,"ICA (oracle)",NA,5,5,0.24700004240146,FALSE
75,"ICA (oracle)",NA,6,6,0.276214820180137,FALSE
75,"ICA (oracle)",NA,7,7,0.302557689555339,FALSE
75,"ICA (oracle)",NA,8,8,0.326671963666107,FALSE
75,"ICA (oracle)",NA,9,9,0.348684761107826,FALSE
75,"ICA (oracle)",NA,10,10,0.36912062122778,FALSE
75,"ICA (oracle)",NA,11,11,0.388300808230186,FALSE
75,"ICA (oracle)",NA,12,12,0.406271055815088,FALSE
75,"ICA (oracle)",NA,13,13,0.423294260908672,FALSE
75,"ICA (oracle)",NA,14,14,0.439617949163282,FALSE
75,"ICA (oracle)",NA,15,15,0.455054140418012,FALSE
75,"ICA (oracle)",NA,16,16,0.469920802842696,FALSE
75,"ICA (oracle)",NA,17,17,0.48421924357561,FALSE
75,"ICA (oracle)",NA,18,18,0.498005502120359,FALSE
75,"ICA (oracle)",NA,19,19,0.511329439795356,FALSE
75,"ICA (oracle)",NA,20,20,0.524163810033803,FALSE
75,"ICA (oracle)",NA,21,21,0.536581297513485,FALSE
75,"ICA (oracle)",NA,22,22,0.548612787415042,FALSE
75,"ICA (oracle)",NA,23,23,0.560257512288949,FALSE
75,"ICA (oracle)",NA,24,24,0.571555739756936,FALSE
75,"ICA (oracle)",NA,25,25,0.582548973214569,FALSE
75,"ICA (oracle)",NA,26,26,0.593332357153278,FALSE
75,"ICA (oracle)",NA,27,27,0.603768373044281,FALSE
75,"ICA (oracle)",NA,28,28,0.61399521905648,FALSE
75,"ICA (oracle)",NA,29,29,0.623945138045512,FALSE
75,"ICA (oracle)",NA,30,30,0.633694482772676,FALSE
75,"SoftImpute (oracle)",1,0,0,0.749438161638516,NA
75,"SoftImpute (oracle)",1,1,1,0.504622166483711,NA
75,"SoftImpute (oracle)",1,2,2,0.342531509800185,NA
75,"SoftImpute (oracle)",1,3,3,0.171684181667851,NA
75,"SoftImpute (oracle)",1,4,4,0.211320527548947,NA
75,"SoftImpute (oracle)",1,5,5,0.244111630755645,NA
75,"SoftImpute (oracle)",1,6,6,0.272631952582522,NA
75,"SoftImpute (oracle)",1,7,7,0.298374772694086,NA
75,"SoftImpute (oracle)",1,8,8,0.321955030591191,NA
75,"SoftImpute (oracle)",1,9,9,0.343483991982788,NA
75,"SoftImpute (oracle)",1,10,10,0.363474315517614,NA
75,"SoftImpute (oracle)",1,11,11,0.382239500873072,NA
75,"SoftImpute (oracle)",1,12,12,0.399820332766205,NA
75,"SoftImpute (oracle)",1,13,13,0.416475341928324,NA
75,"SoftImpute (oracle)",1,14,14,0.43244866627607,NA
75,"SoftImpute (oracle)",1,15,15,0.447550695236535,NA
75,"SoftImpute (oracle)",1,16,16,0.462096836178365,NA
75,"SoftImpute (oracle)",1,17,17,0.476087015418476,NA
75,"SoftImpute (oracle)",1,18,18,0.489575982748468,NA
75,"SoftImpute (oracle)",1,19,19,0.502612513445112,NA
75,"SoftImpute (oracle)",1,20,20,0.515168599912262,NA
75,"SoftImpute (oracle)",1,21,21,0.527316048556334,NA
75,"SoftImpute (oracle)",1,22,22,0.539085065527956,NA
75,"SoftImpute (oracle)",1,23,23,0.550474351464533,NA
75,"SoftImpute (oracle)",1,24,24,0.56152362203889,NA
75,"SoftImpute (oracle)",1,25,25,0.572273874745459,NA
75,"SoftImpute (oracle)",1,26,26,0.582819681211603,NA
75,"SoftImpute (oracle)",1,27,27,0.593023510163093,NA
75,"SoftImpute (oracle)",1,28,28,0.603022957735081,NA
75,"SoftImpute (oracle)",1,29,29,0.612750159906141,NA
75,"SoftImpute (oracle)",1,30,30,0.622281062273082,NA
76,"PCA (oracle)",NA,0,0,0.813276488675963,NA
76,"PCA (oracle)",NA,1,1,0.544445226861952,NA
76,"PCA (oracle)",NA,2,2,0.379917014205706,NA
76,"PCA (oracle)",NA,3,3,0.175365902494196,NA
76,"PCA (oracle)",NA,4,4,0.215566434325398,NA
76,"PCA (oracle)",NA,5,5,0.249133779668017,NA
76,"PCA (oracle)",NA,6,6,0.27787680032756,NA
76,"PCA (oracle)",NA,7,7,0.303903149509339,NA
76,"PCA (oracle)",NA,8,8,0.327662539959218,NA
76,"PCA (oracle)",NA,9,9,0.34939159891405,NA
76,"PCA (oracle)",NA,10,10,0.369571219465592,NA
76,"PCA (oracle)",NA,11,11,0.388604766502241,NA
76,"PCA (oracle)",NA,12,12,0.406505947489254,NA
76,"PCA (oracle)",NA,13,13,0.423522192164744,NA
76,"PCA (oracle)",NA,14,14,0.439751610916224,NA
76,"PCA (oracle)",NA,15,15,0.45531108674769,NA
76,"PCA (oracle)",NA,16,16,0.470305200858695,NA
76,"PCA (oracle)",NA,17,17,0.484664280231679,NA
76,"PCA (oracle)",NA,18,18,0.498435630696635,NA
76,"PCA (oracle)",NA,19,19,0.511733512827549,NA
76,"PCA (oracle)",NA,20,20,0.524572869357914,NA
76,"PCA (oracle)",NA,21,21,0.537027983334966,NA
76,"PCA (oracle)",NA,22,22,0.549131524247982,NA
76,"PCA (oracle)",NA,23,23,0.560926858036698,NA
76,"PCA (oracle)",NA,24,24,0.572441997998063,NA
76,"PCA (oracle)",NA,25,25,0.583671971177776,NA
76,"PCA (oracle)",NA,26,26,0.594528088123412,NA
76,"PCA (oracle)",NA,27,27,0.605086862476593,NA
76,"PCA (oracle)",NA,28,28,0.615396686582388,NA
76,"PCA (oracle)",NA,29,29,0.625452634730985,NA
76,"PCA (oracle)",NA,30,30,0.635258078328444,NA
76,"ICA (oracle)",NA,0,0,0.813276488675963,NA
76,"ICA (oracle)",NA,1,1,0.544445226861952,TRUE
76,"ICA (oracle)",NA,2,2,0.379917014205706,TRUE
76,"ICA (oracle)",NA,3,3,0.175365902494196,TRUE
76,"ICA (oracle)",NA,4,4,0.215566434325398,TRUE
76,"ICA (oracle)",NA,5,5,0.249133779668016,TRUE
76,"ICA (oracle)",NA,6,6,0.277876800327559,TRUE
76,"ICA (oracle)",NA,7,7,0.303903149509339,TRUE
76,"ICA (oracle)",NA,8,8,0.327662539959219,FALSE
76,"ICA (oracle)",NA,9,9,0.349391598914049,FALSE
76,"ICA (oracle)",NA,10,10,0.369571219465593,FALSE
76,"ICA (oracle)",NA,11,11,0.388604766502241,FALSE
76,"ICA (oracle)",NA,12,12,0.406505947489254,FALSE
76,"ICA (oracle)",NA,13,13,0.423522192164744,FALSE
76,"ICA (oracle)",NA,14,14,0.439751610916224,FALSE
76,"ICA (oracle)",NA,15,15,0.45531108674769,FALSE
76,"ICA (oracle)",NA,16,16,0.470305200858696,FALSE
76,"ICA (oracle)",NA,17,17,0.484664280231679,FALSE
76,"ICA (oracle)",NA,18,18,0.498435630696635,FALSE
76,"ICA (oracle)",NA,19,19,0.511733512827549,FALSE
76,"ICA (oracle)",NA,20,20,0.524572869357914,FALSE
76,"ICA (oracle)",NA,21,21,0.537027983334966,FALSE
76,"ICA (oracle)",NA,22,22,0.549131524247983,FALSE
76,"ICA (oracle)",NA,23,23,0.560926858036698,FALSE
76,"ICA (oracle)",NA,24,24,0.572441997998063,FALSE
76,"ICA (oracle)",NA,25,25,0.583671971177776,FALSE
76,"ICA (oracle)",NA,26,26,0.594528088123413,FALSE
76,"ICA (oracle)",NA,27,27,0.605086862476594,FALSE
76,"ICA (oracle)",NA,28,28,0.615396686582388,FALSE
76,"ICA (oracle)",NA,29,29,0.625452634730985,FALSE
76,"ICA (oracle)",NA,30,30,0.635258078328444,FALSE
76,"SoftImpute (oracle)",1,0,0,0.813276488675963,NA
76,"SoftImpute (oracle)",1,1,1,0.544395012865896,NA
76,"SoftImpute (oracle)",1,2,2,0.379717363072615,NA
76,"SoftImpute (oracle)",1,3,3,0.174612533221243,NA
76,"SoftImpute (oracle)",1,4,4,0.213657641011413,NA
76,"SoftImpute (oracle)",1,5,5,0.246363131168948,NA
76,"SoftImpute (oracle)",1,6,6,0.274403446193502,NA
76,"SoftImpute (oracle)",1,7,7,0.299822543312092,NA
76,"SoftImpute (oracle)",1,8,8,0.32304233189963,NA
76,"SoftImpute (oracle)",1,9,9,0.344282823853519,NA
76,"SoftImpute (oracle)",1,10,10,0.364012891447087,NA
76,"SoftImpute (oracle)",1,11,11,0.382627669795793,NA
76,"SoftImpute (oracle)",1,12,12,0.40013599062726,NA
76,"SoftImpute (oracle)",1,13,13,0.416780859861485,NA
76,"SoftImpute (oracle)",1,14,14,0.432657335337698,NA
76,"SoftImpute (oracle)",1,15,15,0.447879797180687,NA
76,"SoftImpute (oracle)",1,16,16,0.462550812530964,NA
76,"SoftImpute (oracle)",1,17,17,0.476599462729522,NA
76,"SoftImpute (oracle)",1,18,18,0.490071732593503,NA
76,"SoftImpute (oracle)",1,19,19,0.503080596390314,NA
76,"SoftImpute (oracle)",1,20,20,0.515640121516671,NA
76,"SoftImpute (oracle)",1,21,21,0.527823692308773,NA
76,"SoftImpute (oracle)",1,22,22,0.53966328536861,NA
76,"SoftImpute (oracle)",1,23,23,0.551201631104382,NA
76,"SoftImpute (oracle)",1,24,24,0.562466212216925,NA
76,"SoftImpute (oracle)",1,25,25,0.57345165244832,NA
76,"SoftImpute (oracle)",1,26,26,0.584069084202915,NA
76,"SoftImpute (oracle)",1,27,27,0.594394515791262,NA
76,"SoftImpute (oracle)",1,28,28,0.604475933720939,NA
76,"SoftImpute (oracle)",1,29,29,0.614308157807808,NA
76,"SoftImpute (oracle)",1,30,30,0.623894310014872,NA
77,"PCA (oracle)",NA,0,0,0.752812489627833,NA
77,"PCA (oracle)",NA,1,1,0.493160818780896,NA
77,"PCA (oracle)",NA,2,2,0.364413759816551,NA
77,"PCA (oracle)",NA,3,3,0.174461760486626,NA
77,"PCA (oracle)",NA,4,4,0.214992990775424,NA
77,"PCA (oracle)",NA,5,5,0.248459610681937,NA
77,"PCA (oracle)",NA,6,6,0.277734239309551,NA
77,"PCA (oracle)",NA,7,7,0.303635729295169,NA
77,"PCA (oracle)",NA,8,8,0.327279425717858,NA
77,"PCA (oracle)",NA,9,9,0.349280850369871,NA
77,"PCA (oracle)",NA,10,10,0.369864862476972,NA
77,"PCA (oracle)",NA,11,11,0.388750004720163,NA
77,"PCA (oracle)",NA,12,12,0.406621138521745,NA
77,"PCA (oracle)",NA,13,13,0.423692354481943,NA
77,"PCA (oracle)",NA,14,14,0.439851374831698,NA
77,"PCA (oracle)",NA,15,15,0.455385806829679,NA
77,"PCA (oracle)",NA,16,16,0.470204270654816,NA
77,"PCA (oracle)",NA,17,17,0.484453414750327,NA
77,"PCA (oracle)",NA,18,18,0.498238833924045,NA
77,"PCA (oracle)",NA,19,19,0.51146096905694,NA
77,"PCA (oracle)",NA,20,20,0.524318146362196,NA
77,"PCA (oracle)",NA,21,21,0.536839525822413,NA
77,"PCA (oracle)",NA,22,22,0.548920518891264,NA
77,"PCA (oracle)",NA,23,23,0.560628226651187,NA
77,"PCA (oracle)",NA,24,24,0.572090646040453,NA
77,"PCA (oracle)",NA,25,25,0.583108182472396,NA
77,"PCA (oracle)",NA,26,26,0.593819212390998,NA
77,"PCA (oracle)",NA,27,27,0.604342813529779,NA
77,"PCA (oracle)",NA,28,28,0.61463494797997,NA
77,"PCA (oracle)",NA,29,29,0.624673803074766,NA
77,"PCA (oracle)",NA,30,30,0.634460807834343,NA
77,"ICA (oracle)",NA,0,0,0.752812489627833,NA
77,"ICA (oracle)",NA,1,1,0.493160818780896,TRUE
77,"ICA (oracle)",NA,2,2,0.364413759816551,TRUE
77,"ICA (oracle)",NA,3,3,0.174461760486626,TRUE
77,"ICA (oracle)",NA,4,4,0.214992990775424,TRUE
77,"ICA (oracle)",NA,5,5,0.248459610681937,TRUE
77,"ICA (oracle)",NA,6,6,0.277734239309551,FALSE
77,"ICA (oracle)",NA,7,7,0.303635729295169,FALSE
77,"ICA (oracle)",NA,8,8,0.327279425717858,TRUE
77,"ICA (oracle)",NA,9,9,0.349280850369871,FALSE
77,"ICA (oracle)",NA,10,10,0.369864862476972,FALSE
77,"ICA (oracle)",NA,11,11,0.388750004720163,FALSE
77,"ICA (oracle)",NA,12,12,0.406621138521745,FALSE
77,"ICA (oracle)",NA,13,13,0.423692354481943,FALSE
77,"ICA (oracle)",NA,14,14,0.439851374831698,FALSE
77,"ICA (oracle)",NA,15,15,0.455385806829679,FALSE
77,"ICA (oracle)",NA,16,16,0.470204270654816,FALSE
77,"ICA (oracle)",NA,17,17,0.484453414750327,FALSE
77,"ICA (oracle)",NA,18,18,0.498238833924045,FALSE
77,"ICA (oracle)",NA,19,19,0.51146096905694,FALSE
77,"ICA (oracle)",NA,20,20,0.524318146362196,FALSE
77,"ICA (oracle)",NA,21,21,0.536839525822413,FALSE
77,"ICA (oracle)",NA,22,22,0.548920518891265,FALSE
77,"ICA (oracle)",NA,23,23,0.560628226651187,FALSE
77,"ICA (oracle)",NA,24,24,0.572090646040453,FALSE
77,"ICA (oracle)",NA,25,25,0.583108182472396,FALSE
77,"ICA (oracle)",NA,26,26,0.593819212390998,FALSE
77,"ICA (oracle)",NA,27,27,0.604342813529779,FALSE
77,"ICA (oracle)",NA,28,28,0.61463494797997,FALSE
77,"ICA (oracle)",NA,29,29,0.624673803074766,FALSE
77,"ICA (oracle)",NA,30,30,0.634460807834343,FALSE
77,"SoftImpute (oracle)",1,0,0,0.752812489627833,NA
77,"SoftImpute (oracle)",1,1,1,0.493107466660894,NA
77,"SoftImpute (oracle)",1,2,2,0.364191286554776,NA
77,"SoftImpute (oracle)",1,3,3,0.173716528685338,NA
77,"SoftImpute (oracle)",1,4,4,0.213085989912622,NA
77,"SoftImpute (oracle)",1,5,5,0.245690601496228,NA
77,"SoftImpute (oracle)",1,6,6,0.274258909270764,NA
77,"SoftImpute (oracle)",1,7,7,0.299553853115652,NA
77,"SoftImpute (oracle)",1,8,8,0.322658440267182,NA
77,"SoftImpute (oracle)",1,9,9,0.344170211839416,NA
77,"SoftImpute (oracle)",1,10,10,0.364303344120552,NA
77,"SoftImpute (oracle)",1,11,11,0.382770414195829,NA
77,"SoftImpute (oracle)",1,12,12,0.400248911881243,NA
77,"SoftImpute (oracle)",1,13,13,0.416948696287904,NA
77,"SoftImpute (oracle)",1,14,14,0.432755072829147,NA
77,"SoftImpute (oracle)",1,15,15,0.447952636085166,NA
77,"SoftImpute (oracle)",1,16,16,0.462448521404869,NA
77,"SoftImpute (oracle)",1,17,17,0.476387547171116,NA
77,"SoftImpute (oracle)",1,18,18,0.48987386535518,NA
77,"SoftImpute (oracle)",1,19,19,0.502807181802266,NA
77,"SoftImpute (oracle)",1,20,20,0.515384489989086,NA
77,"SoftImpute (oracle)",1,21,21,0.527634179442517,NA
77,"SoftImpute (oracle)",1,22,22,0.539451290063173,NA
77,"SoftImpute (oracle)",1,23,23,0.550902219597201,NA
77,"SoftImpute (oracle)",1,24,24,0.562114198408318,NA
77,"SoftImpute (oracle)",1,25,25,0.572887675225104,NA
77,"SoftImpute (oracle)",1,26,26,0.583360329036802,NA
77,"SoftImpute (oracle)",1,27,27,0.593650636103599,NA
77,"SoftImpute (oracle)",1,28,28,0.603714372745418,NA
77,"SoftImpute (oracle)",1,29,29,0.613529511414948,NA
77,"SoftImpute (oracle)",1,30,30,0.623097236748411,NA
78,"PCA (oracle)",NA,0,0,0.799663699649405,NA
78,"PCA (oracle)",NA,1,1,0.507919244584326,NA
78,"PCA (oracle)",NA,2,2,0.364564014188986,NA
78,"PCA (oracle)",NA,3,3,0.178013584987125,NA
78,"PCA (oracle)",NA,4,4,0.218842322473283,NA
78,"PCA (oracle)",NA,5,5,0.251890869637947,NA
78,"PCA (oracle)",NA,6,6,0.28064168790625,NA
78,"PCA (oracle)",NA,7,7,0.306285191411197,NA
78,"PCA (oracle)",NA,8,8,0.329853495919788,NA
78,"PCA (oracle)",NA,9,9,0.351150479758001,NA
78,"PCA (oracle)",NA,10,10,0.371154639363424,NA
78,"PCA (oracle)",NA,11,11,0.390059763054124,NA
78,"PCA (oracle)",NA,12,12,0.407906981529953,NA
78,"PCA (oracle)",NA,13,13,0.42482361354968,NA
78,"PCA (oracle)",NA,14,14,0.440949754095012,NA
78,"PCA (oracle)",NA,15,15,0.456383080459248,NA
78,"PCA (oracle)",NA,16,16,0.471093185279522,NA
78,"PCA (oracle)",NA,17,17,0.48532184646555,NA
78,"PCA (oracle)",NA,18,18,0.498906349885543,NA
78,"PCA (oracle)",NA,19,19,0.512121925895576,NA
78,"PCA (oracle)",NA,20,20,0.524906054200903,NA
78,"PCA (oracle)",NA,21,21,0.537324171761143,NA
78,"PCA (oracle)",NA,22,22,0.549295800125259,NA
78,"PCA (oracle)",NA,23,23,0.560975188344536,NA
78,"PCA (oracle)",NA,24,24,0.572343232785065,NA
78,"PCA (oracle)",NA,25,25,0.583452674274615,NA
78,"PCA (oracle)",NA,26,26,0.594272128972974,NA
78,"PCA (oracle)",NA,27,27,0.604728431364507,NA
78,"PCA (oracle)",NA,28,28,0.614935354693615,NA
78,"PCA (oracle)",NA,29,29,0.624885017677168,NA
78,"PCA (oracle)",NA,30,30,0.634634779884859,NA
78,"ICA (oracle)",NA,0,0,0.799663699649405,NA
78,"ICA (oracle)",NA,1,1,0.507919244584326,TRUE
78,"ICA (oracle)",NA,2,2,0.364564014188986,TRUE
78,"ICA (oracle)",NA,3,3,0.178013584987125,TRUE
78,"ICA (oracle)",NA,4,4,0.218842322473283,TRUE
78,"ICA (oracle)",NA,5,5,0.251890869637947,TRUE
78,"ICA (oracle)",NA,6,6,0.28064168790625,FALSE
78,"ICA (oracle)",NA,7,7,0.306285191411197,FALSE
78,"ICA (oracle)",NA,8,8,0.329853495919788,FALSE
78,"ICA (oracle)",NA,9,9,0.351150479758001,FALSE
78,"ICA (oracle)",NA,10,10,0.371154639363423,FALSE
78,"ICA (oracle)",NA,11,11,0.390059763054124,FALSE
78,"ICA (oracle)",NA,12,12,0.407906981529953,FALSE
78,"ICA (oracle)",NA,13,13,0.42482361354968,FALSE
78,"ICA (oracle)",NA,14,14,0.440949754095012,FALSE
78,"ICA (oracle)",NA,15,15,0.456383080459248,FALSE
78,"ICA (oracle)",NA,16,16,0.471093185279521,FALSE
78,"ICA (oracle)",NA,17,17,0.48532184646555,FALSE
78,"ICA (oracle)",NA,18,18,0.498906349885542,FALSE
78,"ICA (oracle)",NA,19,19,0.512121925895575,FALSE
78,"ICA (oracle)",NA,20,20,0.524906054200902,FALSE
78,"ICA (oracle)",NA,21,21,0.537324171761142,FALSE
78,"ICA (oracle)",NA,22,22,0.549295800125259,FALSE
78,"ICA (oracle)",NA,23,23,0.560975188344536,FALSE
78,"ICA (oracle)",NA,24,24,0.572343232785064,FALSE
78,"ICA (oracle)",NA,25,25,0.583452674274615,FALSE
78,"ICA (oracle)",NA,26,26,0.594272128972974,FALSE
78,"ICA (oracle)",NA,27,27,0.604728431364507,FALSE
78,"ICA (oracle)",NA,28,28,0.614935354693614,FALSE
78,"ICA (oracle)",NA,29,29,0.624885017677167,FALSE
78,"ICA (oracle)",NA,30,30,0.634634779884859,FALSE
78,"SoftImpute (oracle)",1,0,0,0.799663699649405,NA
78,"SoftImpute (oracle)",1,1,1,0.507859129945423,NA
78,"SoftImpute (oracle)",1,2,2,0.364328125132435,NA
78,"SoftImpute (oracle)",1,3,3,0.177189893134946,NA
78,"SoftImpute (oracle)",1,4,4,0.216875814683413,NA
78,"SoftImpute (oracle)",1,5,5,0.249077029930744,NA
78,"SoftImpute (oracle)",1,6,6,0.277131279845196,NA
78,"SoftImpute (oracle)",1,7,7,0.302173720513236,NA
78,"SoftImpute (oracle)",1,8,8,0.325206208725248,NA
78,"SoftImpute (oracle)",1,9,9,0.346018538203973,NA
78,"SoftImpute (oracle)",1,10,10,0.365575388534658,NA
78,"SoftImpute (oracle)",1,11,11,0.384063446896223,NA
78,"SoftImpute (oracle)",1,12,12,0.401519020279495,NA
78,"SoftImpute (oracle)",1,13,13,0.418065460046329,NA
78,"SoftImpute (oracle)",1,14,14,0.433839703231336,NA
78,"SoftImpute (oracle)",1,15,15,0.448937003284853,NA
78,"SoftImpute (oracle)",1,16,16,0.463325307450462,NA
78,"SoftImpute (oracle)",1,17,17,0.477244326008402,NA
78,"SoftImpute (oracle)",1,18,18,0.490530615550751,NA
78,"SoftImpute (oracle)",1,19,19,0.503457710572277,NA
78,"SoftImpute (oracle)",1,20,20,0.515962438477938,NA
78,"SoftImpute (oracle)",1,21,21,0.528109368957557,NA
78,"SoftImpute (oracle)",1,22,22,0.539817603465314,NA
78,"SoftImpute (oracle)",1,23,23,0.55124048371461,NA
78,"SoftImpute (oracle)",1,24,24,0.562358489503748,NA
78,"SoftImpute (oracle)",1,25,25,0.573223829270776,NA
78,"SoftImpute (oracle)",1,26,26,0.583804826160902,NA
78,"SoftImpute (oracle)",1,27,27,0.594028152128853,NA
78,"SoftImpute (oracle)",1,28,28,0.604007020357147,NA
78,"SoftImpute (oracle)",1,29,29,0.613733305644745,NA
78,"SoftImpute (oracle)",1,30,30,0.623263995478876,NA
79,"PCA (oracle)",NA,0,0,0.808349431997369,NA
79,"PCA (oracle)",NA,1,1,0.526034532687971,NA
79,"PCA (oracle)",NA,2,2,0.386278425568307,NA
79,"PCA (oracle)",NA,3,3,0.175027064223646,NA
79,"PCA (oracle)",NA,4,4,0.215889078655419,NA
79,"PCA (oracle)",NA,5,5,0.249924021549371,NA
79,"PCA (oracle)",NA,6,6,0.279150626375363,NA
79,"PCA (oracle)",NA,7,7,0.304930908915186,NA
79,"PCA (oracle)",NA,8,8,0.328660422207301,NA
79,"PCA (oracle)",NA,9,9,0.350613392565973,NA
79,"PCA (oracle)",NA,10,10,0.370990023826906,NA
79,"PCA (oracle)",NA,11,11,0.39017339578739,NA
79,"PCA (oracle)",NA,12,12,0.408336241518469,NA
79,"PCA (oracle)",NA,13,13,0.425657373636672,NA
79,"PCA (oracle)",NA,14,14,0.441911163764329,NA
79,"PCA (oracle)",NA,15,15,0.457534698114963,NA
79,"PCA (oracle)",NA,16,16,0.472398388874948,NA
79,"PCA (oracle)",NA,17,17,0.486678315457348,NA
79,"PCA (oracle)",NA,18,18,0.500523947018372,NA
79,"PCA (oracle)",NA,19,19,0.513758064525958,NA
79,"PCA (oracle)",NA,20,20,0.526531724349323,NA
79,"PCA (oracle)",NA,21,21,0.538969782864675,NA
79,"PCA (oracle)",NA,22,22,0.55107525310372,NA
79,"PCA (oracle)",NA,23,23,0.562735542899937,NA
79,"PCA (oracle)",NA,24,24,0.574138304279077,NA
79,"PCA (oracle)",NA,25,25,0.585120454510432,NA
79,"PCA (oracle)",NA,26,26,0.595820934239516,NA
79,"PCA (oracle)",NA,27,27,0.606267977696805,NA
79,"PCA (oracle)",NA,28,28,0.616436471990031,NA
79,"PCA (oracle)",NA,29,29,0.626340578618152,NA
79,"PCA (oracle)",NA,30,30,0.636001083900965,NA
79,"ICA (oracle)",NA,0,0,0.808349431997369,NA
79,"ICA (oracle)",NA,1,1,0.526034532687971,TRUE
79,"ICA (oracle)",NA,2,2,0.386278425568307,TRUE
79,"ICA (oracle)",NA,3,3,0.175027064223646,TRUE
79,"ICA (oracle)",NA,4,4,0.215889078655418,TRUE
79,"ICA (oracle)",NA,5,5,0.249924021549371,TRUE
79,"ICA (oracle)",NA,6,6,0.279150626375363,FALSE
79,"ICA (oracle)",NA,7,7,0.304930908915186,FALSE
79,"ICA (oracle)",NA,8,8,0.3286604222073,TRUE
79,"ICA (oracle)",NA,9,9,0.350613392565972,TRUE
79,"ICA (oracle)",NA,10,10,0.370990023826906,FALSE
79,"ICA (oracle)",NA,11,11,0.39017339578739,FALSE
79,"ICA (oracle)",NA,12,12,0.408336241518469,FALSE
79,"ICA (oracle)",NA,13,13,0.425657373636671,FALSE
79,"ICA (oracle)",NA,14,14,0.441911163764328,FALSE
79,"ICA (oracle)",NA,15,15,0.457534698114962,FALSE
79,"ICA (oracle)",NA,16,16,0.472398388874947,FALSE
79,"ICA (oracle)",NA,17,17,0.486678315457347,FALSE
79,"ICA (oracle)",NA,18,18,0.500523947018372,FALSE
79,"ICA (oracle)",NA,19,19,0.513758064525958,FALSE
79,"ICA (oracle)",NA,20,20,0.526531724349323,FALSE
79,"ICA (oracle)",NA,21,21,0.538969782864675,FALSE
79,"ICA (oracle)",NA,22,22,0.55107525310372,FALSE
79,"ICA (oracle)",NA,23,23,0.562735542899936,FALSE
79,"ICA (oracle)",NA,24,24,0.574138304279076,FALSE
79,"ICA (oracle)",NA,25,25,0.585120454510432,FALSE
79,"ICA (oracle)",NA,26,26,0.595820934239515,FALSE
79,"ICA (oracle)",NA,27,27,0.606267977696804,FALSE
79,"ICA (oracle)",NA,28,28,0.61643647199003,FALSE
79,"ICA (oracle)",NA,29,29,0.626340578618151,FALSE
79,"ICA (oracle)",NA,30,30,0.636001083900964,FALSE
79,"SoftImpute (oracle)",1,0,0,0.808349431997369,NA
79,"SoftImpute (oracle)",1,1,1,0.525966315219327,NA
79,"SoftImpute (oracle)",1,2,2,0.386058830477915,NA
79,"SoftImpute (oracle)",1,3,3,0.174229346046724,NA
79,"SoftImpute (oracle)",1,4,4,0.213937531023857,NA
79,"SoftImpute (oracle)",1,5,5,0.247113520749815,NA
79,"SoftImpute (oracle)",1,6,6,0.275639320994343,NA
79,"SoftImpute (oracle)",1,7,7,0.30081729616926,NA
79,"SoftImpute (oracle)",1,8,8,0.324010033305868,NA
79,"SoftImpute (oracle)",1,9,9,0.3454757077246,NA
79,"SoftImpute (oracle)",1,10,10,0.365403917194148,NA
79,"SoftImpute (oracle)",1,11,11,0.384169627001574,NA
79,"SoftImpute (oracle)",1,12,12,0.401940210974401,NA
79,"SoftImpute (oracle)",1,13,13,0.418890366571051,NA
79,"SoftImpute (oracle)",1,14,14,0.434792306101942,NA
79,"SoftImpute (oracle)",1,15,15,0.450079693870463,NA
79,"SoftImpute (oracle)",1,16,16,0.46462155333022,NA
79,"SoftImpute (oracle)",1,17,17,0.478592068160422,NA
79,"SoftImpute (oracle)",1,18,18,0.492139166886623,NA
79,"SoftImpute (oracle)",1,19,19,0.505085094354923,NA
79,"SoftImpute (oracle)",1,20,20,0.517579688589034,NA
79,"SoftImpute (oracle)",1,21,21,0.529746796888232,NA
79,"SoftImpute (oracle)",1,22,22,0.541588824376963,NA
79,"SoftImpute (oracle)",1,23,23,0.55299290881366,NA
79,"SoftImpute (oracle)",1,24,24,0.564145790328431,NA
79,"SoftImpute (oracle)",1,25,25,0.574884357508177,NA
79,"SoftImpute (oracle)",1,26,26,0.585346852246336,NA
79,"SoftImpute (oracle)",1,27,27,0.595561120558512,NA
79,"SoftImpute (oracle)",1,28,28,0.605501814521043,NA
79,"SoftImpute (oracle)",1,29,29,0.615182806757581,NA
79,"SoftImpute (oracle)",1,30,30,0.624624594852431,NA
80,"PCA (oracle)",NA,0,0,0.817503016757338,NA
80,"PCA (oracle)",NA,1,1,0.528282714429304,NA
80,"PCA (oracle)",NA,2,2,0.362156377669255,NA
80,"PCA (oracle)",NA,3,3,0.17878750689154,NA
80,"PCA (oracle)",NA,4,4,0.218545354046294,NA
80,"PCA (oracle)",NA,5,5,0.251458893400895,NA
80,"PCA (oracle)",NA,6,6,0.28047609860325,NA
80,"PCA (oracle)",NA,7,7,0.306508560477894,NA
80,"PCA (oracle)",NA,8,8,0.330033480324348,NA
80,"PCA (oracle)",NA,9,9,0.35166943996958,NA
80,"PCA (oracle)",NA,10,10,0.371828408296501,NA
80,"PCA (oracle)",NA,11,11,0.390650805423506,NA
80,"PCA (oracle)",NA,12,12,0.408454984154245,NA
80,"PCA (oracle)",NA,13,13,0.425485241256175,NA
80,"PCA (oracle)",NA,14,14,0.441651195310826,NA
80,"PCA (oracle)",NA,15,15,0.45703778757621,NA
80,"PCA (oracle)",NA,16,16,0.471792340605749,NA
80,"PCA (oracle)",NA,17,17,0.486065285391489,NA
80,"PCA (oracle)",NA,18,18,0.499719305259344,NA
80,"PCA (oracle)",NA,19,19,0.512917200052688,NA
80,"PCA (oracle)",NA,20,20,0.525651440113753,NA
80,"PCA (oracle)",NA,21,21,0.537973576799449,NA
80,"PCA (oracle)",NA,22,22,0.549894758935483,NA
80,"PCA (oracle)",NA,23,23,0.561531389753572,NA
80,"PCA (oracle)",NA,24,24,0.572754023711043,NA
80,"PCA (oracle)",NA,25,25,0.583697267813431,NA
80,"PCA (oracle)",NA,26,26,0.5942649353469,NA
80,"PCA (oracle)",NA,27,27,0.604630162984291,NA
80,"PCA (oracle)",NA,28,28,0.614754002734738,NA
80,"PCA (oracle)",NA,29,29,0.624689424001251,NA
80,"PCA (oracle)",NA,30,30,0.634451420499564,NA
80,"ICA (oracle)",NA,0,0,0.817503016757338,NA
80,"ICA (oracle)",NA,1,1,0.528282714429304,TRUE
80,"ICA (oracle)",NA,2,2,0.362156377669255,TRUE
80,"ICA (oracle)",NA,3,3,0.17878750689154,TRUE
80,"ICA (oracle)",NA,4,4,0.218545354046294,TRUE
80,"ICA (oracle)",NA,5,5,0.251458893400895,TRUE
80,"ICA (oracle)",NA,6,6,0.28047609860325,TRUE
80,"ICA (oracle)",NA,7,7,0.306508560477895,TRUE
80,"ICA (oracle)",NA,8,8,0.330033480324348,FALSE
80,"ICA (oracle)",NA,9,9,0.35166943996958,FALSE
80,"ICA (oracle)",NA,10,10,0.371828408296501,FALSE
80,"ICA (oracle)",NA,11,11,0.390650805423506,FALSE
80,"ICA (oracle)",NA,12,12,0.408454984154245,FALSE
80,"ICA (oracle)",NA,13,13,0.425485241256175,FALSE
80,"ICA (oracle)",NA,14,14,0.441651195310826,FALSE
80,"ICA (oracle)",NA,15,15,0.45703778757621,FALSE
80,"ICA (oracle)",NA,16,16,0.471792340605749,FALSE
80,"ICA (oracle)",NA,17,17,0.486065285391489,FALSE
80,"ICA (oracle)",NA,18,18,0.499719305259344,FALSE
80,"ICA (oracle)",NA,19,19,0.512917200052687,FALSE
80,"ICA (oracle)",NA,20,20,0.525651440113753,FALSE
80,"ICA (oracle)",NA,21,21,0.537973576799449,FALSE
80,"ICA (oracle)",NA,22,22,0.549894758935483,FALSE
80,"ICA (oracle)",NA,23,23,0.561531389753572,FALSE
80,"ICA (oracle)",NA,24,24,0.572754023711043,FALSE
80,"ICA (oracle)",NA,25,25,0.58369726781343,FALSE
80,"ICA (oracle)",NA,26,26,0.5942649353469,FALSE
80,"ICA (oracle)",NA,27,27,0.604630162984291,FALSE
80,"ICA (oracle)",NA,28,28,0.614754002734738,FALSE
80,"ICA (oracle)",NA,29,29,0.62468942400125,FALSE
80,"ICA (oracle)",NA,30,30,0.634451420499564,FALSE
80,"SoftImpute (oracle)",1,0,0,0.817503016757338,NA
80,"SoftImpute (oracle)",1,1,1,0.528222454229865,NA
80,"SoftImpute (oracle)",1,2,2,0.361934577721587,NA
80,"SoftImpute (oracle)",1,3,3,0.177998477142784,NA
80,"SoftImpute (oracle)",1,4,4,0.216618258270214,NA
80,"SoftImpute (oracle)",1,5,5,0.248680003627074,NA
80,"SoftImpute (oracle)",1,6,6,0.276995303955751,NA
80,"SoftImpute (oracle)",1,7,7,0.302422271438938,NA
80,"SoftImpute (oracle)",1,8,8,0.325409852473425,NA
80,"SoftImpute (oracle)",1,9,9,0.346558426033031,NA
80,"SoftImpute (oracle)",1,10,10,0.366268508140179,NA
80,"SoftImpute (oracle)",1,11,11,0.384673304613714,NA
80,"SoftImpute (oracle)",1,12,12,0.402085243072797,NA
80,"SoftImpute (oracle)",1,13,13,0.418744314633122,NA
80,"SoftImpute (oracle)",1,14,14,0.434557702535475,NA
80,"SoftImpute (oracle)",1,15,15,0.449607909362614,NA
80,"SoftImpute (oracle)",1,16,16,0.464040095209448,NA
80,"SoftImpute (oracle)",1,17,17,0.478002881356948,NA
80,"SoftImpute (oracle)",1,18,18,0.491358151935555,NA
80,"SoftImpute (oracle)",1,19,19,0.504267288044923,NA
80,"SoftImpute (oracle)",1,20,20,0.516721953110338,NA
80,"SoftImpute (oracle)",1,21,21,0.528772853376677,NA
80,"SoftImpute (oracle)",1,22,22,0.54043049414854,NA
80,"SoftImpute (oracle)",1,23,23,0.55181045973642,NA
80,"SoftImpute (oracle)",1,24,24,0.562783155922173,NA
80,"SoftImpute (oracle)",1,25,25,0.573482442955122,NA
80,"SoftImpute (oracle)",1,26,26,0.583812006861521,NA
80,"SoftImpute (oracle)",1,27,27,0.593944227566753,NA
80,"SoftImpute (oracle)",1,28,28,0.603839968896596,NA
80,"SoftImpute (oracle)",1,29,29,0.613551812223613,NA
80,"SoftImpute (oracle)",1,30,30,0.623094485386505,NA
81,"PCA (oracle)",NA,0,0,0.80242745934962,NA
81,"PCA (oracle)",NA,1,1,0.526106212623056,NA
81,"PCA (oracle)",NA,2,2,0.364237502176048,NA
81,"PCA (oracle)",NA,3,3,0.17510081656392,NA
81,"PCA (oracle)",NA,4,4,0.21644405983198,NA
81,"PCA (oracle)",NA,5,5,0.250366866665553,NA
81,"PCA (oracle)",NA,6,6,0.279668144392832,NA
81,"PCA (oracle)",NA,7,7,0.305491779670682,NA
81,"PCA (oracle)",NA,8,8,0.328828435555573,NA
81,"PCA (oracle)",NA,9,9,0.350438958849277,NA
81,"PCA (oracle)",NA,10,10,0.370591284095693,NA
81,"PCA (oracle)",NA,11,11,0.389594811581289,NA
81,"PCA (oracle)",NA,12,12,0.407461051787163,NA
81,"PCA (oracle)",NA,13,13,0.424511303902785,NA
81,"PCA (oracle)",NA,14,14,0.440646960026963,NA
81,"PCA (oracle)",NA,15,15,0.456141946205402,NA
81,"PCA (oracle)",NA,16,16,0.470929588079688,NA
81,"PCA (oracle)",NA,17,17,0.485186374495162,NA
81,"PCA (oracle)",NA,18,18,0.498802472556771,NA
81,"PCA (oracle)",NA,19,19,0.512047531729854,NA
81,"PCA (oracle)",NA,20,20,0.524914931950203,NA
81,"PCA (oracle)",NA,21,21,0.537190995331523,NA
81,"PCA (oracle)",NA,22,22,0.549188870822418,NA
81,"PCA (oracle)",NA,23,23,0.560819639236238,NA
81,"PCA (oracle)",NA,24,24,0.572095913512792,NA
81,"PCA (oracle)",NA,25,25,0.583114153003146,NA
81,"PCA (oracle)",NA,26,26,0.593844876949861,NA
81,"PCA (oracle)",NA,27,27,0.604366299812557,NA
81,"PCA (oracle)",NA,28,28,0.614607801321338,NA
81,"PCA (oracle)",NA,29,29,0.624587520910703,NA
81,"PCA (oracle)",NA,30,30,0.634335516266116,NA
81,"ICA (oracle)",NA,0,0,0.80242745934962,NA
81,"ICA (oracle)",NA,1,1,0.526106212623056,TRUE
81,"ICA (oracle)",NA,2,2,0.364237502176048,TRUE
81,"ICA (oracle)",NA,3,3,0.17510081656392,TRUE
81,"ICA (oracle)",NA,4,4,0.21644405983198,TRUE
81,"ICA (oracle)",NA,5,5,0.250366866665553,TRUE
81,"ICA (oracle)",NA,6,6,0.279668144392832,TRUE
81,"ICA (oracle)",NA,7,7,0.305491779670682,FALSE
81,"ICA (oracle)",NA,8,8,0.328828435555573,FALSE
81,"ICA (oracle)",NA,9,9,0.350438958849277,FALSE
81,"ICA (oracle)",NA,10,10,0.370591284095693,FALSE
81,"ICA (oracle)",NA,11,11,0.389594811581289,FALSE
81,"ICA (oracle)",NA,12,12,0.407461051787163,FALSE
81,"ICA (oracle)",NA,13,13,0.424511303902785,FALSE
81,"ICA (oracle)",NA,14,14,0.440646960026963,FALSE
81,"ICA (oracle)",NA,15,15,0.456141946205402,FALSE
81,"ICA (oracle)",NA,16,16,0.470929588079687,FALSE
81,"ICA (oracle)",NA,17,17,0.485186374495162,FALSE
81,"ICA (oracle)",NA,18,18,0.498802472556771,FALSE
81,"ICA (oracle)",NA,19,19,0.512047531729853,FALSE
81,"ICA (oracle)",NA,20,20,0.524914931950203,FALSE
81,"ICA (oracle)",NA,21,21,0.537190995331523,FALSE
81,"ICA (oracle)",NA,22,22,0.549188870822418,FALSE
81,"ICA (oracle)",NA,23,23,0.560819639236237,FALSE
81,"ICA (oracle)",NA,24,24,0.572095913512791,FALSE
81,"ICA (oracle)",NA,25,25,0.583114153003146,FALSE
81,"ICA (oracle)",NA,26,26,0.593844876949861,FALSE
81,"ICA (oracle)",NA,27,27,0.604366299812557,FALSE
81,"ICA (oracle)",NA,28,28,0.614607801321338,FALSE
81,"ICA (oracle)",NA,29,29,0.624587520910703,FALSE
81,"ICA (oracle)",NA,30,30,0.634335516266116,FALSE
81,"SoftImpute (oracle)",1,0,0,0.80242745934962,NA
81,"SoftImpute (oracle)",1,1,1,0.526049965375707,NA
81,"SoftImpute (oracle)",1,2,2,0.364031137676034,NA
81,"SoftImpute (oracle)",1,3,3,0.174315494532786,NA
81,"SoftImpute (oracle)",1,4,4,0.214498557916973,NA
81,"SoftImpute (oracle)",1,5,5,0.247562916538647,NA
81,"SoftImpute (oracle)",1,6,6,0.27616258453701,NA
81,"SoftImpute (oracle)",1,7,7,0.301383450815362,NA
81,"SoftImpute (oracle)",1,8,8,0.324184800097537,NA
81,"SoftImpute (oracle)",1,9,9,0.34530895187318,NA
81,"SoftImpute (oracle)",1,10,10,0.365013187175999,NA
81,"SoftImpute (oracle)",1,11,11,0.383599175046668,NA
81,"SoftImpute (oracle)",1,12,12,0.401073614417611,NA
81,"SoftImpute (oracle)",1,13,13,0.417753206180708,NA
81,"SoftImpute (oracle)",1,14,14,0.433536902021608,NA
81,"SoftImpute (oracle)",1,15,15,0.448695666071827,NA
81,"SoftImpute (oracle)",1,16,16,0.463161285654529,NA
81,"SoftImpute (oracle)",1,17,17,0.477108357337735,NA
81,"SoftImpute (oracle)",1,18,18,0.490426164654951,NA
81,"SoftImpute (oracle)",1,19,19,0.503382678424844,NA
81,"SoftImpute (oracle)",1,20,20,0.515970490014682,NA
81,"SoftImpute (oracle)",1,21,21,0.527975727239892,NA
81,"SoftImpute (oracle)",1,22,22,0.539710149713432,NA
81,"SoftImpute (oracle)",1,23,23,0.551084528829117,NA
81,"SoftImpute (oracle)",1,24,24,0.56211097926397,NA
81,"SoftImpute (oracle)",1,25,25,0.572885317694297,NA
81,"SoftImpute (oracle)",1,26,26,0.583377771029313,NA
81,"SoftImpute (oracle)",1,27,27,0.593666048396354,NA
81,"SoftImpute (oracle)",1,28,28,0.603679401315677,NA
81,"SoftImpute (oracle)",1,29,29,0.613435662406604,NA
81,"SoftImpute (oracle)",1,30,30,0.622964580842212,NA
82,"PCA (oracle)",NA,0,0,0.754054299483891,NA
82,"PCA (oracle)",NA,1,1,0.480732821961625,NA
82,"PCA (oracle)",NA,2,2,0.344370515694105,NA
82,"PCA (oracle)",NA,3,3,0.177870007166342,NA
82,"PCA (oracle)",NA,4,4,0.218628814189653,NA
82,"PCA (oracle)",NA,5,5,0.251950513568144,NA
82,"PCA (oracle)",NA,6,6,0.280645386417686,NA
82,"PCA (oracle)",NA,7,7,0.306493120897334,NA
82,"PCA (oracle)",NA,8,8,0.329881742547366,NA
82,"PCA (oracle)",NA,9,9,0.351493369668769,NA
82,"PCA (oracle)",NA,10,10,0.37168915521309,NA
82,"PCA (oracle)",NA,11,11,0.390639531812915,NA
82,"PCA (oracle)",NA,12,12,0.408567381892805,NA
82,"PCA (oracle)",NA,13,13,0.425641845980124,NA
82,"PCA (oracle)",NA,14,14,0.441853267054596,NA
82,"PCA (oracle)",NA,15,15,0.457405218831153,NA
82,"PCA (oracle)",NA,16,16,0.472281330053532,NA
82,"PCA (oracle)",NA,17,17,0.48663630546207,NA
82,"PCA (oracle)",NA,18,18,0.500365670010287,NA
82,"PCA (oracle)",NA,19,19,0.513460110727055,NA
82,"PCA (oracle)",NA,20,20,0.526122161897353,NA
82,"PCA (oracle)",NA,21,21,0.538438543111136,NA
82,"PCA (oracle)",NA,22,22,0.55029339702211,NA
82,"PCA (oracle)",NA,23,23,0.561894030746604,NA
82,"PCA (oracle)",NA,24,24,0.573157467326248,NA
82,"PCA (oracle)",NA,25,25,0.584130040827463,NA
82,"PCA (oracle)",NA,26,26,0.594778730118813,NA
82,"PCA (oracle)",NA,27,27,0.605174008123313,NA
82,"PCA (oracle)",NA,28,28,0.615376112766722,NA
82,"PCA (oracle)",NA,29,29,0.625340078670191,NA
82,"PCA (oracle)",NA,30,30,0.635005341686701,NA
82,"ICA (oracle)",NA,0,0,0.754054299483891,NA
82,"ICA (oracle)",NA,1,1,0.480732821961625,TRUE
82,"ICA (oracle)",NA,2,2,0.344370515694105,TRUE
82,"ICA (oracle)",NA,3,3,0.177870007166342,TRUE
82,"ICA (oracle)",NA,4,4,0.218628814189654,TRUE
82,"ICA (oracle)",NA,5,5,0.251950513568144,TRUE
82,"ICA (oracle)",NA,6,6,0.280645386417687,FALSE
82,"ICA (oracle)",NA,7,7,0.306493120897334,TRUE
82,"ICA (oracle)",NA,8,8,0.329881742547366,FALSE
82,"ICA (oracle)",NA,9,9,0.351493369668769,FALSE
82,"ICA (oracle)",NA,10,10,0.37168915521309,FALSE
82,"ICA (oracle)",NA,11,11,0.390639531812915,FALSE
82,"ICA (oracle)",NA,12,12,0.408567381892806,FALSE
82,"ICA (oracle)",NA,13,13,0.425641845980124,FALSE
82,"ICA (oracle)",NA,14,14,0.441853267054597,FALSE
82,"ICA (oracle)",NA,15,15,0.457405218831153,FALSE
82,"ICA (oracle)",NA,16,16,0.472281330053533,FALSE
82,"ICA (oracle)",NA,17,17,0.48663630546207,FALSE
82,"ICA (oracle)",NA,18,18,0.500365670010287,FALSE
82,"ICA (oracle)",NA,19,19,0.513460110727055,FALSE
82,"ICA (oracle)",NA,20,20,0.526122161897353,FALSE
82,"ICA (oracle)",NA,21,21,0.538438543111137,FALSE
82,"ICA (oracle)",NA,22,22,0.550293397022111,FALSE
82,"ICA (oracle)",NA,23,23,0.561894030746604,FALSE
82,"ICA (oracle)",NA,24,24,0.573157467326248,FALSE
82,"ICA (oracle)",NA,25,25,0.584130040827463,FALSE
82,"ICA (oracle)",NA,26,26,0.594778730118814,FALSE
82,"ICA (oracle)",NA,27,27,0.605174008123313,FALSE
82,"ICA (oracle)",NA,28,28,0.615376112766722,FALSE
82,"ICA (oracle)",NA,29,29,0.625340078670192,FALSE
82,"ICA (oracle)",NA,30,30,0.635005341686701,FALSE
82,"SoftImpute (oracle)",1,0,0,0.754054299483891,NA
82,"SoftImpute (oracle)",1,1,1,0.480661520888623,NA
82,"SoftImpute (oracle)",1,2,2,0.344112771362506,NA
82,"SoftImpute (oracle)",1,3,3,0.177021860935734,NA
82,"SoftImpute (oracle)",1,4,4,0.216642648070431,NA
82,"SoftImpute (oracle)",1,5,5,0.249117498502377,NA
82,"SoftImpute (oracle)",1,6,6,0.277118094411821,NA
82,"SoftImpute (oracle)",1,7,7,0.302365190394518,NA
82,"SoftImpute (oracle)",1,8,8,0.325219986959173,NA
82,"SoftImpute (oracle)",1,9,9,0.346346610655156,NA
82,"SoftImpute (oracle)",1,10,10,0.366095268924341,NA
82,"SoftImpute (oracle)",1,11,11,0.384629225453983,NA
82,"SoftImpute (oracle)",1,12,12,0.402165871977784,NA
82,"SoftImpute (oracle)",1,13,13,0.418870300381177,NA
82,"SoftImpute (oracle)",1,14,14,0.434730159260453,NA
82,"SoftImpute (oracle)",1,15,15,0.449946290267308,NA
82,"SoftImpute (oracle)",1,16,16,0.46450065059429,NA
82,"SoftImpute (oracle)",1,17,17,0.478546129962525,NA
82,"SoftImpute (oracle)",1,18,18,0.491977351457489,NA
82,"SoftImpute (oracle)",1,19,19,0.504784032364461,NA
82,"SoftImpute (oracle)",1,20,20,0.517167351540961,NA
82,"SoftImpute (oracle)",1,21,21,0.529213114218239,NA
82,"SoftImpute (oracle)",1,22,22,0.540805147956181,NA
82,"SoftImpute (oracle)",1,23,23,0.552149716130213,NA
82,"SoftImpute (oracle)",1,24,24,0.563163590414678,NA
82,"SoftImpute (oracle)",1,25,25,0.573892584844941,NA
82,"SoftImpute (oracle)",1,26,26,0.584303393982275,NA
82,"SoftImpute (oracle)",1,27,27,0.594465997056985,NA
82,"SoftImpute (oracle)",1,28,28,0.604440202920067,NA
82,"SoftImpute (oracle)",1,29,29,0.614180894565364,NA
82,"SoftImpute (oracle)",1,30,30,0.623627412113052,NA
83,"PCA (oracle)",NA,0,0,0.77859917267932,NA
83,"PCA (oracle)",NA,1,1,0.489069975329106,NA
83,"PCA (oracle)",NA,2,2,0.357675185372658,NA
83,"PCA (oracle)",NA,3,3,0.175362666553749,NA
83,"PCA (oracle)",NA,4,4,0.216340313496913,NA
83,"PCA (oracle)",NA,5,5,0.250231263043653,NA
83,"PCA (oracle)",NA,6,6,0.279297698827926,NA
83,"PCA (oracle)",NA,7,7,0.305258945831,NA
83,"PCA (oracle)",NA,8,8,0.328872493739866,NA
83,"PCA (oracle)",NA,9,9,0.350888787298977,NA
83,"PCA (oracle)",NA,10,10,0.370906297890007,NA
83,"PCA (oracle)",NA,11,11,0.389861895888253,NA
83,"PCA (oracle)",NA,12,12,0.407738667680417,NA
83,"PCA (oracle)",NA,13,13,0.424733433471252,NA
83,"PCA (oracle)",NA,14,14,0.440880777680192,NA
83,"PCA (oracle)",NA,15,15,0.456407430395786,NA
83,"PCA (oracle)",NA,16,16,0.471229509584616,NA
83,"PCA (oracle)",NA,17,17,0.485377627303041,NA
83,"PCA (oracle)",NA,18,18,0.499025824963453,NA
83,"PCA (oracle)",NA,19,19,0.512241983987387,NA
83,"PCA (oracle)",NA,20,20,0.525097402751688,NA
83,"PCA (oracle)",NA,21,21,0.537523132077834,NA
83,"PCA (oracle)",NA,22,22,0.549458061426916,NA
83,"PCA (oracle)",NA,23,23,0.561124988048099,NA
83,"PCA (oracle)",NA,24,24,0.572356749520857,NA
83,"PCA (oracle)",NA,25,25,0.583287886999078,NA
83,"PCA (oracle)",NA,26,26,0.593975105493845,NA
83,"PCA (oracle)",NA,27,27,0.604331298421922,NA
83,"PCA (oracle)",NA,28,28,0.614415607967291,NA
83,"PCA (oracle)",NA,29,29,0.624276088125617,NA
83,"PCA (oracle)",NA,30,30,0.633942547519504,NA
83,"ICA (oracle)",NA,0,0,0.77859917267932,NA
83,"ICA (oracle)",NA,1,1,0.489069975329106,TRUE
83,"ICA (oracle)",NA,2,2,0.357675185372658,TRUE
83,"ICA (oracle)",NA,3,3,0.175362666553749,TRUE
83,"ICA (oracle)",NA,4,4,0.216340313496912,TRUE
83,"ICA (oracle)",NA,5,5,0.250231263043652,TRUE
83,"ICA (oracle)",NA,6,6,0.279297698827926,TRUE
83,"ICA (oracle)",NA,7,7,0.305258945831,TRUE
83,"ICA (oracle)",NA,8,8,0.328872493739865,FALSE
83,"ICA (oracle)",NA,9,9,0.350888787298977,FALSE
83,"ICA (oracle)",NA,10,10,0.370906297890007,FALSE
83,"ICA (oracle)",NA,11,11,0.389861895888252,FALSE
83,"ICA (oracle)",NA,12,12,0.407738667680417,FALSE
83,"ICA (oracle)",NA,13,13,0.424733433471252,FALSE
83,"ICA (oracle)",NA,14,14,0.440880777680192,FALSE
83,"ICA (oracle)",NA,15,15,0.456407430395786,FALSE
83,"ICA (oracle)",NA,16,16,0.471229509584615,FALSE
83,"ICA (oracle)",NA,17,17,0.485377627303041,FALSE
83,"ICA (oracle)",NA,18,18,0.499025824963452,FALSE
83,"ICA (oracle)",NA,19,19,0.512241983987387,FALSE
83,"ICA (oracle)",NA,20,20,0.525097402751688,FALSE
83,"ICA (oracle)",NA,21,21,0.537523132077834,FALSE
83,"ICA (oracle)",NA,22,22,0.549458061426916,FALSE
83,"ICA (oracle)",NA,23,23,0.561124988048099,FALSE
83,"ICA (oracle)",NA,24,24,0.572356749520857,FALSE
83,"ICA (oracle)",NA,25,25,0.583287886999079,FALSE
83,"ICA (oracle)",NA,26,26,0.593975105493845,FALSE
83,"ICA (oracle)",NA,27,27,0.604331298421922,FALSE
83,"ICA (oracle)",NA,28,28,0.614415607967291,FALSE
83,"ICA (oracle)",NA,29,29,0.624276088125617,FALSE
83,"ICA (oracle)",NA,30,30,0.633942547519504,FALSE
83,"SoftImpute (oracle)",1,0,0,0.77859917267932,NA
83,"SoftImpute (oracle)",1,1,1,0.489009650033349,NA
83,"SoftImpute (oracle)",1,2,2,0.357430583329851,NA
83,"SoftImpute (oracle)",1,3,3,0.174569824055539,NA
83,"SoftImpute (oracle)",1,4,4,0.214392402579436,NA
83,"SoftImpute (oracle)",1,5,5,0.247425329381172,NA
83,"SoftImpute (oracle)",1,6,6,0.275791567084168,NA
83,"SoftImpute (oracle)",1,7,7,0.30114927263954,NA
83,"SoftImpute (oracle)",1,8,8,0.324226350504151,NA
83,"SoftImpute (oracle)",1,9,9,0.345754901408775,NA
83,"SoftImpute (oracle)",1,10,10,0.36532510486486,NA
83,"SoftImpute (oracle)",1,11,11,0.38386352290135,NA
83,"SoftImpute (oracle)",1,12,12,0.401348618902148,NA
83,"SoftImpute (oracle)",1,13,13,0.417973023851496,NA
83,"SoftImpute (oracle)",1,14,14,0.433768482481791,NA
83,"SoftImpute (oracle)",1,15,15,0.448958926145714,NA
83,"SoftImpute (oracle)",1,16,16,0.463458984621383,NA
83,"SoftImpute (oracle)",1,17,17,0.477297755766607,NA
83,"SoftImpute (oracle)",1,18,18,0.490647644775736,NA
83,"SoftImpute (oracle)",1,19,19,0.503575391822918,NA
83,"SoftImpute (oracle)",1,20,20,0.516151304376747,NA
83,"SoftImpute (oracle)",1,21,21,0.528305896303249,NA
83,"SoftImpute (oracle)",1,22,22,0.539977583556886,NA
83,"SoftImpute (oracle)",1,23,23,0.551388086510608,NA
83,"SoftImpute (oracle)",1,24,24,0.562370180274718,NA
83,"SoftImpute (oracle)",1,25,25,0.573057664435239,NA
83,"SoftImpute (oracle)",1,26,26,0.583506746241767,NA
83,"SoftImpute (oracle)",1,27,27,0.593630205165704,NA
83,"SoftImpute (oracle)",1,28,28,0.60348674784175,NA
83,"SoftImpute (oracle)",1,29,29,0.613124050012817,NA
83,"SoftImpute (oracle)",1,30,30,0.622571614944165,NA
84,"PCA (oracle)",NA,0,0,0.791235220316396,NA
84,"PCA (oracle)",NA,1,1,0.509947123535648,NA
84,"PCA (oracle)",NA,2,2,0.345282219828863,NA
84,"PCA (oracle)",NA,3,3,0.177049484903928,NA
84,"PCA (oracle)",NA,4,4,0.216716957624159,NA
84,"PCA (oracle)",NA,5,5,0.250067140132746,NA
84,"PCA (oracle)",NA,6,6,0.279195036521425,NA
84,"PCA (oracle)",NA,7,7,0.305164927653799,NA
84,"PCA (oracle)",NA,8,8,0.328900879805017,NA
84,"PCA (oracle)",NA,9,9,0.35082276804127,NA
84,"PCA (oracle)",NA,10,10,0.371187961497736,NA
84,"PCA (oracle)",NA,11,11,0.390348507686976,NA
84,"PCA (oracle)",NA,12,12,0.40841449911739,NA
84,"PCA (oracle)",NA,13,13,0.425459942910516,NA
84,"PCA (oracle)",NA,14,14,0.441544460422088,NA
84,"PCA (oracle)",NA,15,15,0.456814399951035,NA
84,"PCA (oracle)",NA,16,16,0.471508292872797,NA
84,"PCA (oracle)",NA,17,17,0.485608848056934,NA
84,"PCA (oracle)",NA,18,18,0.499171608779698,NA
84,"PCA (oracle)",NA,19,19,0.512319191769417,NA
84,"PCA (oracle)",NA,20,20,0.525053985739099,NA
84,"PCA (oracle)",NA,21,21,0.537448882483831,NA
84,"PCA (oracle)",NA,22,22,0.549417114402989,NA
84,"PCA (oracle)",NA,23,23,0.561119155389028,NA
84,"PCA (oracle)",NA,24,24,0.572497988508528,NA
84,"PCA (oracle)",NA,25,25,0.58348584295625,NA
84,"PCA (oracle)",NA,26,26,0.594143979779754,NA
84,"PCA (oracle)",NA,27,27,0.604598275372523,NA
84,"PCA (oracle)",NA,28,28,0.614748108143666,NA
84,"PCA (oracle)",NA,29,29,0.624666456478549,NA
84,"PCA (oracle)",NA,30,30,0.634362195461188,NA
84,"ICA (oracle)",NA,0,0,0.791235220316396,NA
84,"ICA (oracle)",NA,1,1,0.509947123535648,TRUE
84,"ICA (oracle)",NA,2,2,0.345282219828863,TRUE
84,"ICA (oracle)",NA,3,3,0.177049484903928,TRUE
84,"ICA (oracle)",NA,4,4,0.216716957624159,TRUE
84,"ICA (oracle)",NA,5,5,0.250067140132745,TRUE
84,"ICA (oracle)",NA,6,6,0.279195036521425,TRUE
84,"ICA (oracle)",NA,7,7,0.305164927653798,TRUE
84,"ICA (oracle)",NA,8,8,0.328900879805017,FALSE
84,"ICA (oracle)",NA,9,9,0.35082276804127,FALSE
84,"ICA (oracle)",NA,10,10,0.371187961497736,FALSE
84,"ICA (oracle)",NA,11,11,0.390348507686976,FALSE
84,"ICA (oracle)",NA,12,12,0.40841449911739,FALSE
84,"ICA (oracle)",NA,13,13,0.425459942910516,FALSE
84,"ICA (oracle)",NA,14,14,0.441544460422088,FALSE
84,"ICA (oracle)",NA,15,15,0.456814399951036,FALSE
84,"ICA (oracle)",NA,16,16,0.471508292872797,FALSE
84,"ICA (oracle)",NA,17,17,0.485608848056934,FALSE
84,"ICA (oracle)",NA,18,18,0.499171608779698,FALSE
84,"ICA (oracle)",NA,19,19,0.512319191769417,FALSE
84,"ICA (oracle)",NA,20,20,0.525053985739099,FALSE
84,"ICA (oracle)",NA,21,21,0.537448882483831,FALSE
84,"ICA (oracle)",NA,22,22,0.549417114402988,FALSE
84,"ICA (oracle)",NA,23,23,0.561119155389028,FALSE
84,"ICA (oracle)",NA,24,24,0.572497988508528,FALSE
84,"ICA (oracle)",NA,25,25,0.58348584295625,FALSE
84,"ICA (oracle)",NA,26,26,0.594143979779754,FALSE
84,"ICA (oracle)",NA,27,27,0.604598275372523,FALSE
84,"ICA (oracle)",NA,28,28,0.614748108143666,FALSE
84,"ICA (oracle)",NA,29,29,0.624666456478549,FALSE
84,"ICA (oracle)",NA,30,30,0.634362195461188,FALSE
84,"SoftImpute (oracle)",1,0,0,0.791235220316396,NA
84,"SoftImpute (oracle)",1,1,1,0.509869934514214,NA
84,"SoftImpute (oracle)",1,2,2,0.34502858792758,NA
84,"SoftImpute (oracle)",1,3,3,0.176144946278651,NA
84,"SoftImpute (oracle)",1,4,4,0.214692427278763,NA
84,"SoftImpute (oracle)",1,5,5,0.247198682500374,NA
84,"SoftImpute (oracle)",1,6,6,0.275632384668302,NA
84,"SoftImpute (oracle)",1,7,7,0.301003411611821,NA
84,"SoftImpute (oracle)",1,8,8,0.324206063605254,NA
84,"SoftImpute (oracle)",1,9,9,0.345643586122288,NA
84,"SoftImpute (oracle)",1,10,10,0.365562699103092,NA
84,"SoftImpute (oracle)",1,11,11,0.384307597611636,NA
84,"SoftImpute (oracle)",1,12,12,0.401983273136483,NA
84,"SoftImpute (oracle)",1,13,13,0.418659930219617,NA
84,"SoftImpute (oracle)",1,14,14,0.434394254363975,NA
84,"SoftImpute (oracle)",1,15,15,0.449330014571331,NA
84,"SoftImpute (oracle)",1,16,16,0.463703375649612,NA
84,"SoftImpute (oracle)",1,17,17,0.47749572526448,NA
84,"SoftImpute (oracle)",1,18,18,0.490761312861189,NA
84,"SoftImpute (oracle)",1,19,19,0.503621484315078,NA
84,"SoftImpute (oracle)",1,20,20,0.516077818722049,NA
84,"SoftImpute (oracle)",1,21,21,0.528202338839886,NA
84,"SoftImpute (oracle)",1,22,22,0.539907879921133,NA
84,"SoftImpute (oracle)",1,23,23,0.551354010823515,NA
84,"SoftImpute (oracle)",1,24,24,0.562483389521533,NA
84,"SoftImpute (oracle)",1,25,25,0.573227987874419,NA
84,"SoftImpute (oracle)",1,26,26,0.583648558602518,NA
84,"SoftImpute (oracle)",1,27,27,0.593870361325661,NA
84,"SoftImpute (oracle)",1,28,28,0.603792721766652,NA
84,"SoftImpute (oracle)",1,29,29,0.61348818594256,NA
84,"SoftImpute (oracle)",1,30,30,0.622965374079572,NA
85,"PCA (oracle)",NA,0,0,0.79807716386149,NA
85,"PCA (oracle)",NA,1,1,0.528382036278125,NA
85,"PCA (oracle)",NA,2,2,0.371486285214384,NA
85,"PCA (oracle)",NA,3,3,0.173086988216378,NA
85,"PCA (oracle)",NA,4,4,0.214614981341298,NA
85,"PCA (oracle)",NA,5,5,0.248333757155588,NA
85,"PCA (oracle)",NA,6,6,0.277623487198757,NA
85,"PCA (oracle)",NA,7,7,0.303547753746479,NA
85,"PCA (oracle)",NA,8,8,0.327403116845752,NA
85,"PCA (oracle)",NA,9,9,0.348988186610879,NA
85,"PCA (oracle)",NA,10,10,0.369359602873089,NA
85,"PCA (oracle)",NA,11,11,0.388567307224863,NA
85,"PCA (oracle)",NA,12,12,0.406296217257503,NA
85,"PCA (oracle)",NA,13,13,0.423142250029632,NA
85,"PCA (oracle)",NA,14,14,0.439236071161755,NA
85,"PCA (oracle)",NA,15,15,0.454708039366708,NA
85,"PCA (oracle)",NA,16,16,0.469598205626409,NA
85,"PCA (oracle)",NA,17,17,0.483837937772434,NA
85,"PCA (oracle)",NA,18,18,0.49759495474482,NA
85,"PCA (oracle)",NA,19,19,0.510843250900741,NA
85,"PCA (oracle)",NA,20,20,0.523671990351384,NA
85,"PCA (oracle)",NA,21,21,0.536138410455258,NA
85,"PCA (oracle)",NA,22,22,0.548242968624803,NA
85,"PCA (oracle)",NA,23,23,0.559960369792852,NA
85,"PCA (oracle)",NA,24,24,0.571366723190767,NA
85,"PCA (oracle)",NA,25,25,0.582352324322914,NA
85,"PCA (oracle)",NA,26,26,0.593130711679224,NA
85,"PCA (oracle)",NA,27,27,0.60361108422605,NA
85,"PCA (oracle)",NA,28,28,0.613869062084472,NA
85,"PCA (oracle)",NA,29,29,0.623913818599708,NA
85,"PCA (oracle)",NA,30,30,0.633737084205992,NA
85,"ICA (oracle)",NA,0,0,0.79807716386149,NA
85,"ICA (oracle)",NA,1,1,0.528382036278125,TRUE
85,"ICA (oracle)",NA,2,2,0.371486285214384,TRUE
85,"ICA (oracle)",NA,3,3,0.173086988216377,TRUE
85,"ICA (oracle)",NA,4,4,0.214614981341298,TRUE
85,"ICA (oracle)",NA,5,5,0.248333757155588,TRUE
85,"ICA (oracle)",NA,6,6,0.277623487198756,FALSE
85,"ICA (oracle)",NA,7,7,0.303547753746479,FALSE
85,"ICA (oracle)",NA,8,8,0.327403116845752,FALSE
85,"ICA (oracle)",NA,9,9,0.348988186610879,FALSE
85,"ICA (oracle)",NA,10,10,0.369359602873089,FALSE
85,"ICA (oracle)",NA,11,11,0.388567307224863,FALSE
85,"ICA (oracle)",NA,12,12,0.406296217257503,FALSE
85,"ICA (oracle)",NA,13,13,0.423142250029631,FALSE
85,"ICA (oracle)",NA,14,14,0.439236071161754,FALSE
85,"ICA (oracle)",NA,15,15,0.454708039366707,FALSE
85,"ICA (oracle)",NA,16,16,0.469598205626409,FALSE
85,"ICA (oracle)",NA,17,17,0.483837937772434,FALSE
85,"ICA (oracle)",NA,18,18,0.49759495474482,FALSE
85,"ICA (oracle)",NA,19,19,0.510843250900741,FALSE
85,"ICA (oracle)",NA,20,20,0.523671990351383,FALSE
85,"ICA (oracle)",NA,21,21,0.536138410455257,FALSE
85,"ICA (oracle)",NA,22,22,0.548242968624803,FALSE
85,"ICA (oracle)",NA,23,23,0.559960369792851,FALSE
85,"ICA (oracle)",NA,24,24,0.571366723190767,FALSE
85,"ICA (oracle)",NA,25,25,0.582352324322914,FALSE
85,"ICA (oracle)",NA,26,26,0.593130711679224,FALSE
85,"ICA (oracle)",NA,27,27,0.60361108422605,FALSE
85,"ICA (oracle)",NA,28,28,0.613869062084471,FALSE
85,"ICA (oracle)",NA,29,29,0.623913818599708,FALSE
85,"ICA (oracle)",NA,30,30,0.633737084205991,FALSE
85,"SoftImpute (oracle)",1,0,0,0.79807716386149,NA
85,"SoftImpute (oracle)",1,1,1,0.528308957882656,NA
85,"SoftImpute (oracle)",1,2,2,0.371225612563041,NA
85,"SoftImpute (oracle)",1,3,3,0.172238579796264,NA
85,"SoftImpute (oracle)",1,4,4,0.212612685006819,NA
85,"SoftImpute (oracle)",1,5,5,0.245480077591663,NA
85,"SoftImpute (oracle)",1,6,6,0.274072150931527,NA
85,"SoftImpute (oracle)",1,7,7,0.299396138145454,NA
85,"SoftImpute (oracle)",1,8,8,0.3227165109921,NA
85,"SoftImpute (oracle)",1,9,9,0.343817580169993,NA
85,"SoftImpute (oracle)",1,10,10,0.363742072850272,NA
85,"SoftImpute (oracle)",1,11,11,0.382533316802378,NA
85,"SoftImpute (oracle)",1,12,12,0.399872373319073,NA
85,"SoftImpute (oracle)",1,13,13,0.416349645698649,NA
85,"SoftImpute (oracle)",1,14,14,0.432092735431049,NA
85,"SoftImpute (oracle)",1,15,15,0.447229536892837,NA
85,"SoftImpute (oracle)",1,16,16,0.461798309309263,NA
85,"SoftImpute (oracle)",1,17,17,0.475729192929503,NA
85,"SoftImpute (oracle)",1,18,18,0.489188315620263,NA
85,"SoftImpute (oracle)",1,19,19,0.502148763262839,NA
85,"SoftImpute (oracle)",1,20,20,0.514698656852948,NA
85,"SoftImpute (oracle)",1,21,21,0.526894396837538,NA
85,"SoftImpute (oracle)",1,22,22,0.538735831993446,NA
85,"SoftImpute (oracle)",1,23,23,0.550197188957946,NA
85,"SoftImpute (oracle)",1,24,24,0.561353935898962,NA
85,"SoftImpute (oracle)",1,25,25,0.572096201134316,NA
85,"SoftImpute (oracle)",1,26,26,0.582636670009811,NA
85,"SoftImpute (oracle)",1,27,27,0.5928844269221,NA
85,"SoftImpute (oracle)",1,28,28,0.602914629381441,NA
85,"SoftImpute (oracle)",1,29,29,0.61273617091497,NA
85,"SoftImpute (oracle)",1,30,30,0.622340564119184,NA
86,"PCA (oracle)",NA,0,0,0.789403665187905,NA
86,"PCA (oracle)",NA,1,1,0.51132373941356,NA
86,"PCA (oracle)",NA,2,2,0.37053595031749,NA
86,"PCA (oracle)",NA,3,3,0.175972591669871,NA
86,"PCA (oracle)",NA,4,4,0.217048216290269,NA
86,"PCA (oracle)",NA,5,5,0.249972351931433,NA
86,"PCA (oracle)",NA,6,6,0.278496115886861,NA
86,"PCA (oracle)",NA,7,7,0.304142426443764,NA
86,"PCA (oracle)",NA,8,8,0.32770681789751,NA
86,"PCA (oracle)",NA,9,9,0.349319020206322,NA
86,"PCA (oracle)",NA,10,10,0.36939747482257,NA
86,"PCA (oracle)",NA,11,11,0.38825034359122,NA
86,"PCA (oracle)",NA,12,12,0.406146239541928,NA
86,"PCA (oracle)",NA,13,13,0.423297524565025,NA
86,"PCA (oracle)",NA,14,14,0.439530077097982,NA
86,"PCA (oracle)",NA,15,15,0.455037361323494,NA
86,"PCA (oracle)",NA,16,16,0.469828806842849,NA
86,"PCA (oracle)",NA,17,17,0.484079146760008,NA
86,"PCA (oracle)",NA,18,18,0.497810568342287,NA
86,"PCA (oracle)",NA,19,19,0.510984606595667,NA
86,"PCA (oracle)",NA,20,20,0.523601129106301,NA
86,"PCA (oracle)",NA,21,21,0.535968686653969,NA
86,"PCA (oracle)",NA,22,22,0.547950896521365,NA
86,"PCA (oracle)",NA,23,23,0.559567289460602,NA
86,"PCA (oracle)",NA,24,24,0.570846465624468,NA
86,"PCA (oracle)",NA,25,25,0.581789928044687,NA
86,"PCA (oracle)",NA,26,26,0.592527226237516,NA
86,"PCA (oracle)",NA,27,27,0.602927875261804,NA
86,"PCA (oracle)",NA,28,28,0.613118157084071,NA
86,"PCA (oracle)",NA,29,29,0.623113259415777,NA
86,"PCA (oracle)",NA,30,30,0.632854203539492,NA
86,"ICA (oracle)",NA,0,0,0.789403665187905,NA
86,"ICA (oracle)",NA,1,1,0.51132373941356,TRUE
86,"ICA (oracle)",NA,2,2,0.37053595031749,TRUE
86,"ICA (oracle)",NA,3,3,0.175972591669871,TRUE
86,"ICA (oracle)",NA,4,4,0.217048216290269,TRUE
86,"ICA (oracle)",NA,5,5,0.249972351931433,TRUE
86,"ICA (oracle)",NA,6,6,0.278496115886861,FALSE
86,"ICA (oracle)",NA,7,7,0.304142426443764,FALSE
86,"ICA (oracle)",NA,8,8,0.32770681789751,FALSE
86,"ICA (oracle)",NA,9,9,0.349319020206322,FALSE
86,"ICA (oracle)",NA,10,10,0.36939747482257,FALSE
86,"ICA (oracle)",NA,11,11,0.38825034359122,FALSE
86,"ICA (oracle)",NA,12,12,0.406146239541928,FALSE
86,"ICA (oracle)",NA,13,13,0.423297524565025,FALSE
86,"ICA (oracle)",NA,14,14,0.439530077097982,FALSE
86,"ICA (oracle)",NA,15,15,0.455037361323494,FALSE
86,"ICA (oracle)",NA,16,16,0.469828806842849,FALSE
86,"ICA (oracle)",NA,17,17,0.484079146760009,FALSE
86,"ICA (oracle)",NA,18,18,0.497810568342287,FALSE
86,"ICA (oracle)",NA,19,19,0.510984606595667,FALSE
86,"ICA (oracle)",NA,20,20,0.523601129106301,FALSE
86,"ICA (oracle)",NA,21,21,0.535968686653969,FALSE
86,"ICA (oracle)",NA,22,22,0.547950896521365,FALSE
86,"ICA (oracle)",NA,23,23,0.559567289460602,FALSE
86,"ICA (oracle)",NA,24,24,0.570846465624469,FALSE
86,"ICA (oracle)",NA,25,25,0.581789928044687,FALSE
86,"ICA (oracle)",NA,26,26,0.592527226237516,FALSE
86,"ICA (oracle)",NA,27,27,0.602927875261804,FALSE
86,"ICA (oracle)",NA,28,28,0.613118157084071,FALSE
86,"ICA (oracle)",NA,29,29,0.623113259415777,FALSE
86,"ICA (oracle)",NA,30,30,0.632854203539492,FALSE
86,"SoftImpute (oracle)",1,0,0,0.789403665187905,NA
86,"SoftImpute (oracle)",1,1,1,0.511242176543169,NA
86,"SoftImpute (oracle)",1,2,2,0.37026590754371,NA
86,"SoftImpute (oracle)",1,3,3,0.175080041479539,NA
86,"SoftImpute (oracle)",1,4,4,0.215019483126201,NA
86,"SoftImpute (oracle)",1,5,5,0.247103373694717,NA
86,"SoftImpute (oracle)",1,6,6,0.274936202776022,NA
86,"SoftImpute (oracle)",1,7,7,0.299984619727352,NA
86,"SoftImpute (oracle)",1,8,8,0.323015820199755,NA
86,"SoftImpute (oracle)",1,9,9,0.34414426763688,NA
86,"SoftImpute (oracle)",1,10,10,0.363777081598423,NA
86,"SoftImpute (oracle)",1,11,11,0.382214746478102,NA
86,"SoftImpute (oracle)",1,12,12,0.399720308642814,NA
86,"SoftImpute (oracle)",1,13,13,0.416502036900276,NA
86,"SoftImpute (oracle)",1,14,14,0.432383601650145,NA
86,"SoftImpute (oracle)",1,15,15,0.447555760405712,NA
86,"SoftImpute (oracle)",1,16,16,0.462026185231622,NA
86,"SoftImpute (oracle)",1,17,17,0.47596774747697,NA
86,"SoftImpute (oracle)",1,18,18,0.489401425474449,NA
86,"SoftImpute (oracle)",1,19,19,0.502287870841447,NA
86,"SoftImpute (oracle)",1,20,20,0.514626113486037,NA
86,"SoftImpute (oracle)",1,21,21,0.526723251981315,NA
86,"SoftImpute (oracle)",1,22,22,0.538442637989961,NA
86,"SoftImpute (oracle)",1,23,23,0.54980322490164,NA
86,"SoftImpute (oracle)",1,24,24,0.56083308038173,NA
86,"SoftImpute (oracle)",1,25,25,0.571533293300197,NA
86,"SoftImpute (oracle)",1,26,26,0.582032751283673,NA
86,"SoftImpute (oracle)",1,27,27,0.592200948293402,NA
86,"SoftImpute (oracle)",1,28,28,0.602163584583937,NA
86,"SoftImpute (oracle)",1,29,29,0.611935556439307,NA
86,"SoftImpute (oracle)",1,30,30,0.621457783110871,NA
87,"PCA (oracle)",NA,0,0,0.821767649457113,NA
87,"PCA (oracle)",NA,1,1,0.49074136337882,NA
87,"PCA (oracle)",NA,2,2,0.325004069527524,NA
87,"PCA (oracle)",NA,3,3,0.177345509425631,NA
87,"PCA (oracle)",NA,4,4,0.217502917676381,NA
87,"PCA (oracle)",NA,5,5,0.250253306862444,NA
87,"PCA (oracle)",NA,6,6,0.278908521683015,NA
87,"PCA (oracle)",NA,7,7,0.30482306001227,NA
87,"PCA (oracle)",NA,8,8,0.328079861450125,NA
87,"PCA (oracle)",NA,9,9,0.349550605719778,NA
87,"PCA (oracle)",NA,10,10,0.369495691646497,NA
87,"PCA (oracle)",NA,11,11,0.388280451895981,NA
87,"PCA (oracle)",NA,12,12,0.406151780711544,NA
87,"PCA (oracle)",NA,13,13,0.423058771036215,NA
87,"PCA (oracle)",NA,14,14,0.439141271866446,NA
87,"PCA (oracle)",NA,15,15,0.454516287255216,NA
87,"PCA (oracle)",NA,16,16,0.469163947543144,NA
87,"PCA (oracle)",NA,17,17,0.483245576470722,NA
87,"PCA (oracle)",NA,18,18,0.496822439644772,NA
87,"PCA (oracle)",NA,19,19,0.509874547733767,NA
87,"PCA (oracle)",NA,20,20,0.522543381996721,NA
87,"PCA (oracle)",NA,21,21,0.534876668790514,NA
87,"PCA (oracle)",NA,22,22,0.546821700279486,NA
87,"PCA (oracle)",NA,23,23,0.558511852405915,NA
87,"PCA (oracle)",NA,24,24,0.569742977915048,NA
87,"PCA (oracle)",NA,25,25,0.580734137674293,NA
87,"PCA (oracle)",NA,26,26,0.59148348057819,NA
87,"PCA (oracle)",NA,27,27,0.60194778982236,NA
87,"PCA (oracle)",NA,28,28,0.612186102292939,NA
87,"PCA (oracle)",NA,29,29,0.622168183801425,NA
87,"PCA (oracle)",NA,30,30,0.631867784938263,NA
87,"ICA (oracle)",NA,0,0,0.821767649457113,NA
87,"ICA (oracle)",NA,1,1,0.49074136337882,TRUE
87,"ICA (oracle)",NA,2,2,0.325004069527524,TRUE
87,"ICA (oracle)",NA,3,3,0.177345509425631,TRUE
87,"ICA (oracle)",NA,4,4,0.217502917676381,TRUE
87,"ICA (oracle)",NA,5,5,0.250253306862444,FALSE
87,"ICA (oracle)",NA,6,6,0.278908521683015,FALSE
87,"ICA (oracle)",NA,7,7,0.304823060012271,TRUE
87,"ICA (oracle)",NA,8,8,0.328079861450126,FALSE
87,"ICA (oracle)",NA,9,9,0.349550605719778,FALSE
87,"ICA (oracle)",NA,10,10,0.369495691646497,FALSE
87,"ICA (oracle)",NA,11,11,0.388280451895982,FALSE
87,"ICA (oracle)",NA,12,12,0.406151780711545,FALSE
87,"ICA (oracle)",NA,13,13,0.423058771036215,FALSE
87,"ICA (oracle)",NA,14,14,0.439141271866447,FALSE
87,"ICA (oracle)",NA,15,15,0.454516287255216,FALSE
87,"ICA (oracle)",NA,16,16,0.469163947543145,FALSE
87,"ICA (oracle)",NA,17,17,0.483245576470723,FALSE
87,"ICA (oracle)",NA,18,18,0.496822439644772,FALSE
87,"ICA (oracle)",NA,19,19,0.509874547733767,FALSE
87,"ICA (oracle)",NA,20,20,0.522543381996722,FALSE
87,"ICA (oracle)",NA,21,21,0.534876668790515,FALSE
87,"ICA (oracle)",NA,22,22,0.546821700279486,FALSE
87,"ICA (oracle)",NA,23,23,0.558511852405915,FALSE
87,"ICA (oracle)",NA,24,24,0.569742977915049,FALSE
87,"ICA (oracle)",NA,25,25,0.580734137674294,FALSE
87,"ICA (oracle)",NA,26,26,0.591483480578191,FALSE
87,"ICA (oracle)",NA,27,27,0.601947789822361,FALSE
87,"ICA (oracle)",NA,28,28,0.612186102292939,FALSE
87,"ICA (oracle)",NA,29,29,0.622168183801426,FALSE
87,"ICA (oracle)",NA,30,30,0.631867784938263,FALSE
87,"SoftImpute (oracle)",1,0,0,0.821767649457113,NA
87,"SoftImpute (oracle)",1,1,1,0.490689229264131,NA
87,"SoftImpute (oracle)",1,2,2,0.324783926692111,NA
87,"SoftImpute (oracle)",1,3,3,0.176553053103703,NA
87,"SoftImpute (oracle)",1,4,4,0.215566542658362,NA
87,"SoftImpute (oracle)",1,5,5,0.247466387244893,NA
87,"SoftImpute (oracle)",1,6,6,0.275421792431891,NA
87,"SoftImpute (oracle)",1,7,7,0.300731207866608,NA
87,"SoftImpute (oracle)",1,8,8,0.323451670947436,NA
87,"SoftImpute (oracle)",1,9,9,0.344435456796241,NA
87,"SoftImpute (oracle)",1,10,10,0.363932219072669,NA
87,"SoftImpute (oracle)",1,11,11,0.382299276263174,NA
87,"SoftImpute (oracle)",1,12,12,0.399777969967851,NA
87,"SoftImpute (oracle)",1,13,13,0.416314018783604,NA
87,"SoftImpute (oracle)",1,14,14,0.432044068300624,NA
87,"SoftImpute (oracle)",1,15,15,0.447082611780526,NA
87,"SoftImpute (oracle)",1,16,16,0.461408092788436,NA
87,"SoftImpute (oracle)",1,17,17,0.475179962501633,NA
87,"SoftImpute (oracle)",1,18,18,0.488458158975399,NA
87,"SoftImpute (oracle)",1,19,19,0.501221767355501,NA
87,"SoftImpute (oracle)",1,20,20,0.513611071133001,NA
87,"SoftImpute (oracle)",1,21,21,0.525672980530721,NA
87,"SoftImpute (oracle)",1,22,22,0.537354309501864,NA
87,"SoftImpute (oracle)",1,23,23,0.54878758260362,NA
87,"SoftImpute (oracle)",1,24,24,0.559768668833257,NA
87,"SoftImpute (oracle)",1,25,25,0.57051568529535,NA
87,"SoftImpute (oracle)",1,26,26,0.581026427024674,NA
87,"SoftImpute (oracle)",1,27,27,0.591257451659936,NA
87,"SoftImpute (oracle)",1,28,28,0.601267365190112,NA
87,"SoftImpute (oracle)",1,29,29,0.611025739110591,NA
87,"SoftImpute (oracle)",1,30,30,0.620506144285351,NA
88,"PCA (oracle)",NA,0,0,0.831837549633528,NA
88,"PCA (oracle)",NA,1,1,0.523908315918887,NA
88,"PCA (oracle)",NA,2,2,0.363901044843612,NA
88,"PCA (oracle)",NA,3,3,0.173698476040267,NA
88,"PCA (oracle)",NA,4,4,0.216095718669617,NA
88,"PCA (oracle)",NA,5,5,0.249306962073316,NA
88,"PCA (oracle)",NA,6,6,0.278331836887858,NA
88,"PCA (oracle)",NA,7,7,0.304357376483886,NA
88,"PCA (oracle)",NA,8,8,0.328099181511541,NA
88,"PCA (oracle)",NA,9,9,0.35012863456658,NA
88,"PCA (oracle)",NA,10,10,0.370440887306283,NA
88,"PCA (oracle)",NA,11,11,0.3893486564536,NA
88,"PCA (oracle)",NA,12,12,0.407201792834541,NA
88,"PCA (oracle)",NA,13,13,0.424114808175108,NA
88,"PCA (oracle)",NA,14,14,0.440331256169538,NA
88,"PCA (oracle)",NA,15,15,0.45576170776424,NA
88,"PCA (oracle)",NA,16,16,0.470527965997422,NA
88,"PCA (oracle)",NA,17,17,0.484666693416793,NA
88,"PCA (oracle)",NA,18,18,0.498347226045812,NA
88,"PCA (oracle)",NA,19,19,0.511608755990484,NA
88,"PCA (oracle)",NA,20,20,0.524327294140811,NA
88,"PCA (oracle)",NA,21,21,0.536696843622455,NA
88,"PCA (oracle)",NA,22,22,0.548686627495881,NA
88,"PCA (oracle)",NA,23,23,0.560260617500588,NA
88,"PCA (oracle)",NA,24,24,0.571428526378418,NA
88,"PCA (oracle)",NA,25,25,0.5822994413408,NA
88,"PCA (oracle)",NA,26,26,0.592937531378391,NA
88,"PCA (oracle)",NA,27,27,0.603279933003648,NA
88,"PCA (oracle)",NA,28,28,0.613369507240783,NA
88,"PCA (oracle)",NA,29,29,0.623265799414546,NA
88,"PCA (oracle)",NA,30,30,0.632872973720087,NA
88,"ICA (oracle)",NA,0,0,0.831837549633528,NA
88,"ICA (oracle)",NA,1,1,0.523908315918887,TRUE
88,"ICA (oracle)",NA,2,2,0.363901044843612,TRUE
88,"ICA (oracle)",NA,3,3,0.173698476040268,TRUE
88,"ICA (oracle)",NA,4,4,0.216095718669617,TRUE
88,"ICA (oracle)",NA,5,5,0.249306962073316,FALSE
88,"ICA (oracle)",NA,6,6,0.278331836887858,FALSE
88,"ICA (oracle)",NA,7,7,0.304357376483886,FALSE
88,"ICA (oracle)",NA,8,8,0.32809918151154,FALSE
88,"ICA (oracle)",NA,9,9,0.35012863456658,FALSE
88,"ICA (oracle)",NA,10,10,0.370440887306283,FALSE
88,"ICA (oracle)",NA,11,11,0.3893486564536,FALSE
88,"ICA (oracle)",NA,12,12,0.407201792834541,FALSE
88,"ICA (oracle)",NA,13,13,0.424114808175108,FALSE
88,"ICA (oracle)",NA,14,14,0.440331256169538,FALSE
88,"ICA (oracle)",NA,15,15,0.45576170776424,FALSE
88,"ICA (oracle)",NA,16,16,0.470527965997422,FALSE
88,"ICA (oracle)",NA,17,17,0.484666693416794,FALSE
88,"ICA (oracle)",NA,18,18,0.498347226045811,FALSE
88,"ICA (oracle)",NA,19,19,0.511608755990484,FALSE
88,"ICA (oracle)",NA,20,20,0.52432729414081,FALSE
88,"ICA (oracle)",NA,21,21,0.536696843622455,FALSE
88,"ICA (oracle)",NA,22,22,0.548686627495881,FALSE
88,"ICA (oracle)",NA,23,23,0.560260617500588,FALSE
88,"ICA (oracle)",NA,24,24,0.571428526378418,FALSE
88,"ICA (oracle)",NA,25,25,0.5822994413408,FALSE
88,"ICA (oracle)",NA,26,26,0.592937531378392,FALSE
88,"ICA (oracle)",NA,27,27,0.603279933003649,FALSE
88,"ICA (oracle)",NA,28,28,0.613369507240783,FALSE
88,"ICA (oracle)",NA,29,29,0.623265799414546,FALSE
88,"ICA (oracle)",NA,30,30,0.632872973720087,FALSE
88,"SoftImpute (oracle)",1,0,0,0.831837549633528,NA
88,"SoftImpute (oracle)",1,1,1,0.523859827757588,NA
88,"SoftImpute (oracle)",1,2,2,0.363672556069942,NA
88,"SoftImpute (oracle)",1,3,3,0.172925208620705,NA
88,"SoftImpute (oracle)",1,4,4,0.214148113824288,NA
88,"SoftImpute (oracle)",1,5,5,0.246505618457177,NA
88,"SoftImpute (oracle)",1,6,6,0.274829460095604,NA
88,"SoftImpute (oracle)",1,7,7,0.300250412402783,NA
88,"SoftImpute (oracle)",1,8,8,0.32345472949671,NA
88,"SoftImpute (oracle)",1,9,9,0.344996094885594,NA
88,"SoftImpute (oracle)",1,10,10,0.364859770879241,NA
88,"SoftImpute (oracle)",1,11,11,0.383350435654112,NA
88,"SoftImpute (oracle)",1,12,12,0.400811890208138,NA
88,"SoftImpute (oracle)",1,13,13,0.417354714131316,NA
88,"SoftImpute (oracle)",1,14,14,0.433219005928803,NA
88,"SoftImpute (oracle)",1,15,15,0.448313453772054,NA
88,"SoftImpute (oracle)",1,16,16,0.462757775606636,NA
88,"SoftImpute (oracle)",1,17,17,0.476587116659052,NA
88,"SoftImpute (oracle)",1,18,18,0.489969200316662,NA
88,"SoftImpute (oracle)",1,19,19,0.502942159658863,NA
88,"SoftImpute (oracle)",1,20,20,0.515381481878456,NA
88,"SoftImpute (oracle)",1,21,21,0.527479977606385,NA
88,"SoftImpute (oracle)",1,22,22,0.53920633586988,NA
88,"SoftImpute (oracle)",1,23,23,0.550524079734108,NA
88,"SoftImpute (oracle)",1,24,24,0.5614424270627,NA
88,"SoftImpute (oracle)",1,25,25,0.572069783038593,NA
88,"SoftImpute (oracle)",1,26,26,0.582469799958872,NA
88,"SoftImpute (oracle)",1,27,27,0.592579446716952,NA
88,"SoftImpute (oracle)",1,28,28,0.602441188682971,NA
88,"SoftImpute (oracle)",1,29,29,0.612114168745068,NA
88,"SoftImpute (oracle)",1,30,30,0.621502547349675,NA
89,"PCA (oracle)",NA,0,0,0.763033518654779,NA
89,"PCA (oracle)",NA,1,1,0.487855729706772,NA
89,"PCA (oracle)",NA,2,2,0.346891635355825,NA
89,"PCA (oracle)",NA,3,3,0.174287167404943,NA
89,"PCA (oracle)",NA,4,4,0.215354955840666,NA
89,"PCA (oracle)",NA,5,5,0.249299045098404,NA
89,"PCA (oracle)",NA,6,6,0.278756447028963,NA
89,"PCA (oracle)",NA,7,7,0.304970892378303,NA
89,"PCA (oracle)",NA,8,8,0.329189055174403,NA
89,"PCA (oracle)",NA,9,9,0.351163407836797,NA
89,"PCA (oracle)",NA,10,10,0.37147897031764,NA
89,"PCA (oracle)",NA,11,11,0.390721257885389,NA
89,"PCA (oracle)",NA,12,12,0.408623667901657,NA
89,"PCA (oracle)",NA,13,13,0.425474518558085,NA
89,"PCA (oracle)",NA,14,14,0.441629162637895,NA
89,"PCA (oracle)",NA,15,15,0.457072893812495,NA
89,"PCA (oracle)",NA,16,16,0.471835163391231,NA
89,"PCA (oracle)",NA,17,17,0.486090415805743,NA
89,"PCA (oracle)",NA,18,18,0.499787157634249,NA
89,"PCA (oracle)",NA,19,19,0.513054730655865,NA
89,"PCA (oracle)",NA,20,20,0.525870475919598,NA
89,"PCA (oracle)",NA,21,21,0.538259858500421,NA
89,"PCA (oracle)",NA,22,22,0.550335856180976,NA
89,"PCA (oracle)",NA,23,23,0.56188422599616,NA
89,"PCA (oracle)",NA,24,24,0.573266593101845,NA
89,"PCA (oracle)",NA,25,25,0.584315289393627,NA
89,"PCA (oracle)",NA,26,26,0.595138164743092,NA
89,"PCA (oracle)",NA,27,27,0.605689713380472,NA
89,"PCA (oracle)",NA,28,28,0.615948489020979,NA
89,"PCA (oracle)",NA,29,29,0.625970270438029,NA
89,"PCA (oracle)",NA,30,30,0.635795138042283,NA
89,"ICA (oracle)",NA,0,0,0.763033518654779,NA
89,"ICA (oracle)",NA,1,1,0.487855729706772,TRUE
89,"ICA (oracle)",NA,2,2,0.346891635355825,TRUE
89,"ICA (oracle)",NA,3,3,0.174287167404943,TRUE
89,"ICA (oracle)",NA,4,4,0.215354955840666,TRUE
89,"ICA (oracle)",NA,5,5,0.249299045098404,TRUE
89,"ICA (oracle)",NA,6,6,0.278756447028963,TRUE
89,"ICA (oracle)",NA,7,7,0.304970892378303,TRUE
89,"ICA (oracle)",NA,8,8,0.329189055174403,FALSE
89,"ICA (oracle)",NA,9,9,0.351163407836797,FALSE
89,"ICA (oracle)",NA,10,10,0.37147897031764,FALSE
89,"ICA (oracle)",NA,11,11,0.390721257885389,FALSE
89,"ICA (oracle)",NA,12,12,0.408623667901657,FALSE
89,"ICA (oracle)",NA,13,13,0.425474518558085,FALSE
89,"ICA (oracle)",NA,14,14,0.441629162637895,FALSE
89,"ICA (oracle)",NA,15,15,0.457072893812495,FALSE
89,"ICA (oracle)",NA,16,16,0.471835163391231,FALSE
89,"ICA (oracle)",NA,17,17,0.486090415805743,FALSE
89,"ICA (oracle)",NA,18,18,0.499787157634249,FALSE
89,"ICA (oracle)",NA,19,19,0.513054730655865,FALSE
89,"ICA (oracle)",NA,20,20,0.525870475919598,FALSE
89,"ICA (oracle)",NA,21,21,0.538259858500421,FALSE
89,"ICA (oracle)",NA,22,22,0.550335856180976,FALSE
89,"ICA (oracle)",NA,23,23,0.561884225996159,FALSE
89,"ICA (oracle)",NA,24,24,0.573266593101845,FALSE
89,"ICA (oracle)",NA,25,25,0.584315289393627,FALSE
89,"ICA (oracle)",NA,26,26,0.595138164743092,FALSE
89,"ICA (oracle)",NA,27,27,0.605689713380472,FALSE
89,"ICA (oracle)",NA,28,28,0.615948489020979,FALSE
89,"ICA (oracle)",NA,29,29,0.625970270438029,FALSE
89,"ICA (oracle)",NA,30,30,0.635795138042282,FALSE
89,"SoftImpute (oracle)",1,0,0,0.763033518654779,NA
89,"SoftImpute (oracle)",1,1,1,0.487797631860611,NA
89,"SoftImpute (oracle)",1,2,2,0.346687438591169,NA
89,"SoftImpute (oracle)",1,3,3,0.173462385888826,NA
89,"SoftImpute (oracle)",1,4,4,0.213378123087195,NA
89,"SoftImpute (oracle)",1,5,5,0.246466701506996,NA
89,"SoftImpute (oracle)",1,6,6,0.275223930204421,NA
89,"SoftImpute (oracle)",1,7,7,0.300835650860608,NA
89,"SoftImpute (oracle)",1,8,8,0.324516646780574,NA
89,"SoftImpute (oracle)",1,9,9,0.346005122048232,NA
89,"SoftImpute (oracle)",1,10,10,0.365873701766662,NA
89,"SoftImpute (oracle)",1,11,11,0.384699158264891,NA
89,"SoftImpute (oracle)",1,12,12,0.40221096775156,NA
89,"SoftImpute (oracle)",1,13,13,0.418692886046382,NA
89,"SoftImpute (oracle)",1,14,14,0.434496475743677,NA
89,"SoftImpute (oracle)",1,15,15,0.44960497744506,NA
89,"SoftImpute (oracle)",1,16,16,0.464046045660787,NA
89,"SoftImpute (oracle)",1,17,17,0.47799226384177,NA
89,"SoftImpute (oracle)",1,18,18,0.491391123179541,NA
89,"SoftImpute (oracle)",1,19,19,0.504370667131165,NA
89,"SoftImpute (oracle)",1,20,20,0.516907472992343,NA
89,"SoftImpute (oracle)",1,21,21,0.529026234922851,NA
89,"SoftImpute (oracle)",1,22,22,0.540839053371669,NA
89,"SoftImpute (oracle)",1,23,23,0.552131654493138,NA
89,"SoftImpute (oracle)",1,24,24,0.563264345004215,NA
89,"SoftImpute (oracle)",1,25,25,0.574069447704089,NA
89,"SoftImpute (oracle)",1,26,26,0.584654201000891,NA
89,"SoftImpute (oracle)",1,27,27,0.594972879999442,NA
89,"SoftImpute (oracle)",1,28,28,0.605003793588392,NA
89,"SoftImpute (oracle)",1,29,29,0.614802329980612,NA
89,"SoftImpute (oracle)",1,30,30,0.624408242866974,NA
90,"PCA (oracle)",NA,0,0,0.754669692767228,NA
90,"PCA (oracle)",NA,1,1,0.526996097595943,NA
90,"PCA (oracle)",NA,2,2,0.365761722157215,NA
90,"PCA (oracle)",NA,3,3,0.174237296543231,NA
90,"PCA (oracle)",NA,4,4,0.215939602042652,NA
90,"PCA (oracle)",NA,5,5,0.249390875769063,NA
90,"PCA (oracle)",NA,6,6,0.278376133519522,NA
90,"PCA (oracle)",NA,7,7,0.304229643556859,NA
90,"PCA (oracle)",NA,8,8,0.327764909568475,NA
90,"PCA (oracle)",NA,9,9,0.349557747515803,NA
90,"PCA (oracle)",NA,10,10,0.369848123600707,NA
90,"PCA (oracle)",NA,11,11,0.388877943233364,NA
90,"PCA (oracle)",NA,12,12,0.406956647575321,NA
90,"PCA (oracle)",NA,13,13,0.42412044288589,NA
90,"PCA (oracle)",NA,14,14,0.440527985766103,NA
90,"PCA (oracle)",NA,15,15,0.456055940103856,NA
90,"PCA (oracle)",NA,16,16,0.470902743740753,NA
90,"PCA (oracle)",NA,17,17,0.485307111765459,NA
90,"PCA (oracle)",NA,18,18,0.499058179496332,NA
90,"PCA (oracle)",NA,19,19,0.512372080502026,NA
90,"PCA (oracle)",NA,20,20,0.525286420206948,NA
90,"PCA (oracle)",NA,21,21,0.537638033413151,NA
90,"PCA (oracle)",NA,22,22,0.549598731900158,NA
90,"PCA (oracle)",NA,23,23,0.561247569356059,NA
90,"PCA (oracle)",NA,24,24,0.572630996638697,NA
90,"PCA (oracle)",NA,25,25,0.583715430121372,NA
90,"PCA (oracle)",NA,26,26,0.594478659734969,NA
90,"PCA (oracle)",NA,27,27,0.60489209543819,NA
90,"PCA (oracle)",NA,28,28,0.614997113241187,NA
90,"PCA (oracle)",NA,29,29,0.624926841850927,NA
90,"PCA (oracle)",NA,30,30,0.634646358539781,NA
90,"ICA (oracle)",NA,0,0,0.754669692767228,NA
90,"ICA (oracle)",NA,1,1,0.526996097595943,TRUE
90,"ICA (oracle)",NA,2,2,0.365761722157215,TRUE
90,"ICA (oracle)",NA,3,3,0.174237296543231,TRUE
90,"ICA (oracle)",NA,4,4,0.215939602042652,TRUE
90,"ICA (oracle)",NA,5,5,0.249390875769063,TRUE
90,"ICA (oracle)",NA,6,6,0.278376133519522,FALSE
90,"ICA (oracle)",NA,7,7,0.304229643556859,FALSE
90,"ICA (oracle)",NA,8,8,0.327764909568475,FALSE
90,"ICA (oracle)",NA,9,9,0.349557747515803,FALSE
90,"ICA (oracle)",NA,10,10,0.369848123600707,FALSE
90,"ICA (oracle)",NA,11,11,0.388877943233364,FALSE
90,"ICA (oracle)",NA,12,12,0.406956647575321,FALSE
90,"ICA (oracle)",NA,13,13,0.424120442885891,FALSE
90,"ICA (oracle)",NA,14,14,0.440527985766103,FALSE
90,"ICA (oracle)",NA,15,15,0.456055940103856,FALSE
90,"ICA (oracle)",NA,16,16,0.470902743740752,FALSE
90,"ICA (oracle)",NA,17,17,0.485307111765459,FALSE
90,"ICA (oracle)",NA,18,18,0.499058179496333,FALSE
90,"ICA (oracle)",NA,19,19,0.512372080502025,FALSE
90,"ICA (oracle)",NA,20,20,0.525286420206948,FALSE
90,"ICA (oracle)",NA,21,21,0.537638033413151,FALSE
90,"ICA (oracle)",NA,22,22,0.549598731900158,FALSE
90,"ICA (oracle)",NA,23,23,0.561247569356059,FALSE
90,"ICA (oracle)",NA,24,24,0.572630996638697,FALSE
90,"ICA (oracle)",NA,25,25,0.583715430121372,FALSE
90,"ICA (oracle)",NA,26,26,0.594478659734969,FALSE
90,"ICA (oracle)",NA,27,27,0.60489209543819,FALSE
90,"ICA (oracle)",NA,28,28,0.614997113241187,FALSE
90,"ICA (oracle)",NA,29,29,0.624926841850927,FALSE
90,"ICA (oracle)",NA,30,30,0.634646358539781,FALSE
90,"SoftImpute (oracle)",1,0,0,0.754669692767228,NA
90,"SoftImpute (oracle)",1,1,1,0.526943759246394,NA
90,"SoftImpute (oracle)",1,2,2,0.365555358210535,NA
90,"SoftImpute (oracle)",1,3,3,0.173473836200049,NA
90,"SoftImpute (oracle)",1,4,4,0.214006979437691,NA
90,"SoftImpute (oracle)",1,5,5,0.246600741148029,NA
90,"SoftImpute (oracle)",1,6,6,0.274884087387119,NA
90,"SoftImpute (oracle)",1,7,7,0.300132978280508,NA
90,"SoftImpute (oracle)",1,8,8,0.323130846665086,NA
90,"SoftImpute (oracle)",1,9,9,0.344435754860709,NA
90,"SoftImpute (oracle)",1,10,10,0.364276941018968,NA
90,"SoftImpute (oracle)",1,11,11,0.38288867546964,NA
90,"SoftImpute (oracle)",1,12,12,0.400574549541379,NA
90,"SoftImpute (oracle)",1,13,13,0.417367083443404,NA
90,"SoftImpute (oracle)",1,14,14,0.433421700488048,NA
90,"SoftImpute (oracle)",1,15,15,0.448613205074585,NA
90,"SoftImpute (oracle)",1,16,16,0.463137712697132,NA
90,"SoftImpute (oracle)",1,17,17,0.477231898922773,NA
90,"SoftImpute (oracle)",1,18,18,0.490684267236677,NA
90,"SoftImpute (oracle)",1,19,19,0.503709410549523,NA
90,"SoftImpute (oracle)",1,20,20,0.51634401728358,NA
90,"SoftImpute (oracle)",1,21,21,0.528424595705848,NA
90,"SoftImpute (oracle)",1,22,22,0.540121913684351,NA
90,"SoftImpute (oracle)",1,23,23,0.551514301172075,NA
90,"SoftImpute (oracle)",1,24,24,0.562647638793821,NA
90,"SoftImpute (oracle)",1,25,25,0.573488013141877,NA
90,"SoftImpute (oracle)",1,26,26,0.584012897348797,NA
90,"SoftImpute (oracle)",1,27,27,0.594193439169154,NA
90,"SoftImpute (oracle)",1,28,28,0.604070622035741,NA
90,"SoftImpute (oracle)",1,29,29,0.613776992756005,NA
90,"SoftImpute (oracle)",1,30,30,0.623277480331438,NA
91,"PCA (oracle)",NA,0,0,0.792052211275081,NA
91,"PCA (oracle)",NA,1,1,0.508185234789333,NA
91,"PCA (oracle)",NA,2,2,0.360052891783508,NA
91,"PCA (oracle)",NA,3,3,0.175510964881229,NA
91,"PCA (oracle)",NA,4,4,0.216837980106908,NA
91,"PCA (oracle)",NA,5,5,0.251363308501634,NA
91,"PCA (oracle)",NA,6,6,0.280588084021831,NA
91,"PCA (oracle)",NA,7,7,0.306182561679722,NA
91,"PCA (oracle)",NA,8,8,0.329706039516491,NA
91,"PCA (oracle)",NA,9,9,0.351373825448004,NA
91,"PCA (oracle)",NA,10,10,0.371652752565604,NA
91,"PCA (oracle)",NA,11,11,0.390735889516599,NA
91,"PCA (oracle)",NA,12,12,0.408773308306418,NA
91,"PCA (oracle)",NA,13,13,0.425833750654036,NA
91,"PCA (oracle)",NA,14,14,0.442134376372752,NA
91,"PCA (oracle)",NA,15,15,0.457690594799915,NA
91,"PCA (oracle)",NA,16,16,0.472694131958213,NA
91,"PCA (oracle)",NA,17,17,0.48691998752468,NA
91,"PCA (oracle)",NA,18,18,0.500549636239608,NA
91,"PCA (oracle)",NA,19,19,0.513822282753577,NA
91,"PCA (oracle)",NA,20,20,0.52673845879237,NA
91,"PCA (oracle)",NA,21,21,0.539170262752689,NA
91,"PCA (oracle)",NA,22,22,0.551208294318984,NA
91,"PCA (oracle)",NA,23,23,0.562856996879333,NA
91,"PCA (oracle)",NA,24,24,0.574174145658239,NA
91,"PCA (oracle)",NA,25,25,0.585262075938427,NA
91,"PCA (oracle)",NA,26,26,0.595991566146173,NA
91,"PCA (oracle)",NA,27,27,0.606531815409712,NA
91,"PCA (oracle)",NA,28,28,0.616795969333005,NA
91,"PCA (oracle)",NA,29,29,0.626819303743414,NA
91,"PCA (oracle)",NA,30,30,0.636583236641903,NA
91,"ICA (oracle)",NA,0,0,0.792052211275081,NA
91,"ICA (oracle)",NA,1,1,0.508185234789333,TRUE
91,"ICA (oracle)",NA,2,2,0.360052891783508,TRUE
91,"ICA (oracle)",NA,3,3,0.175510964881229,TRUE
91,"ICA (oracle)",NA,4,4,0.216837980106908,TRUE
91,"ICA (oracle)",NA,5,5,0.251363308501635,TRUE
91,"ICA (oracle)",NA,6,6,0.280588084021831,FALSE
91,"ICA (oracle)",NA,7,7,0.306182561679723,FALSE
91,"ICA (oracle)",NA,8,8,0.329706039516491,FALSE
91,"ICA (oracle)",NA,9,9,0.351373825448004,FALSE
91,"ICA (oracle)",NA,10,10,0.371652752565604,FALSE
91,"ICA (oracle)",NA,11,11,0.390735889516599,FALSE
91,"ICA (oracle)",NA,12,12,0.408773308306418,FALSE
91,"ICA (oracle)",NA,13,13,0.425833750654036,FALSE
91,"ICA (oracle)",NA,14,14,0.442134376372752,FALSE
91,"ICA (oracle)",NA,15,15,0.457690594799915,FALSE
91,"ICA (oracle)",NA,16,16,0.472694131958213,FALSE
91,"ICA (oracle)",NA,17,17,0.48691998752468,FALSE
91,"ICA (oracle)",NA,18,18,0.500549636239608,FALSE
91,"ICA (oracle)",NA,19,19,0.513822282753577,FALSE
91,"ICA (oracle)",NA,20,20,0.52673845879237,FALSE
91,"ICA (oracle)",NA,21,21,0.539170262752689,FALSE
91,"ICA (oracle)",NA,22,22,0.551208294318984,FALSE
91,"ICA (oracle)",NA,23,23,0.562856996879333,FALSE
91,"ICA (oracle)",NA,24,24,0.57417414565824,FALSE
91,"ICA (oracle)",NA,25,25,0.585262075938426,FALSE
91,"ICA (oracle)",NA,26,26,0.595991566146172,FALSE
91,"ICA (oracle)",NA,27,27,0.606531815409712,FALSE
91,"ICA (oracle)",NA,28,28,0.616795969333006,FALSE
91,"ICA (oracle)",NA,29,29,0.626819303743414,FALSE
91,"ICA (oracle)",NA,30,30,0.636583236641903,FALSE
91,"SoftImpute (oracle)",1,0,0,0.792052211275081,NA
91,"SoftImpute (oracle)",1,1,1,0.508120325321614,NA
91,"SoftImpute (oracle)",1,2,2,0.359819872119846,NA
91,"SoftImpute (oracle)",1,3,3,0.174704463079275,NA
91,"SoftImpute (oracle)",1,4,4,0.214876228643222,NA
91,"SoftImpute (oracle)",1,5,5,0.248541758213445,NA
91,"SoftImpute (oracle)",1,6,6,0.277067790622785,NA
91,"SoftImpute (oracle)",1,7,7,0.302062238265618,NA
91,"SoftImpute (oracle)",1,8,8,0.325050682417469,NA
91,"SoftImpute (oracle)",1,9,9,0.346232814579843,NA
91,"SoftImpute (oracle)",1,10,10,0.366063988724778,NA
91,"SoftImpute (oracle)",1,11,11,0.384730021455228,NA
91,"SoftImpute (oracle)",1,12,12,0.402375723193222,NA
91,"SoftImpute (oracle)",1,13,13,0.419066036952126,NA
91,"SoftImpute (oracle)",1,14,14,0.435014734167552,NA
91,"SoftImpute (oracle)",1,15,15,0.45023503035838,NA
91,"SoftImpute (oracle)",1,16,16,0.464916410006868,NA
91,"SoftImpute (oracle)",1,17,17,0.478833040277743,NA
91,"SoftImpute (oracle)",1,18,18,0.492164729843713,NA
91,"SoftImpute (oracle)",1,19,19,0.505149097568876,NA
91,"SoftImpute (oracle)",1,20,20,0.517785878488587,NA
91,"SoftImpute (oracle)",1,21,21,0.529946770890444,NA
91,"SoftImpute (oracle)",1,22,22,0.541721537495026,NA
91,"SoftImpute (oracle)",1,23,23,0.553114075482984,NA
91,"SoftImpute (oracle)",1,24,24,0.564181553178751,NA
91,"SoftImpute (oracle)",1,25,25,0.575025658115363,NA
91,"SoftImpute (oracle)",1,26,26,0.585517107672783,NA
91,"SoftImpute (oracle)",1,27,27,0.595824381300267,NA
91,"SoftImpute (oracle)",1,28,28,0.605860537425168,NA
91,"SoftImpute (oracle)",1,29,29,0.615660506683091,NA
91,"SoftImpute (oracle)",1,30,30,0.625205512129967,NA
92,"PCA (oracle)",NA,0,0,0.822867931839292,NA
92,"PCA (oracle)",NA,1,1,0.49747001316851,NA
92,"PCA (oracle)",NA,2,2,0.347407334814628,NA
92,"PCA (oracle)",NA,3,3,0.172978141162201,NA
92,"PCA (oracle)",NA,4,4,0.214226942189714,NA
92,"PCA (oracle)",NA,5,5,0.24841810530562,NA
92,"PCA (oracle)",NA,6,6,0.277499544072538,NA
92,"PCA (oracle)",NA,7,7,0.30349368932047,NA
92,"PCA (oracle)",NA,8,8,0.327177031058477,NA
92,"PCA (oracle)",NA,9,9,0.349051066260457,NA
92,"PCA (oracle)",NA,10,10,0.36952849185357,NA
92,"PCA (oracle)",NA,11,11,0.388660654365831,NA
92,"PCA (oracle)",NA,12,12,0.406677222045474,NA
92,"PCA (oracle)",NA,13,13,0.423798633606372,NA
92,"PCA (oracle)",NA,14,14,0.439912654538692,NA
92,"PCA (oracle)",NA,15,15,0.455408872111225,NA
92,"PCA (oracle)",NA,16,16,0.470183753259316,NA
92,"PCA (oracle)",NA,17,17,0.484443892578116,NA
92,"PCA (oracle)",NA,18,18,0.498064090603246,NA
92,"PCA (oracle)",NA,19,19,0.511276799321006,NA
92,"PCA (oracle)",NA,20,20,0.523962888895334,NA
92,"PCA (oracle)",NA,21,21,0.536340148437154,NA
92,"PCA (oracle)",NA,22,22,0.548383503948872,NA
92,"PCA (oracle)",NA,23,23,0.560069931754441,NA
92,"PCA (oracle)",NA,24,24,0.571439578473919,NA
92,"PCA (oracle)",NA,25,25,0.582481613240036,NA
92,"PCA (oracle)",NA,26,26,0.59313894198528,NA
92,"PCA (oracle)",NA,27,27,0.603544806103071,NA
92,"PCA (oracle)",NA,28,28,0.613755543551354,NA
92,"PCA (oracle)",NA,29,29,0.62366730576519,NA
92,"PCA (oracle)",NA,30,30,0.633398324889374,NA
92,"ICA (oracle)",NA,0,0,0.822867931839292,NA
92,"ICA (oracle)",NA,1,1,0.49747001316851,TRUE
92,"ICA (oracle)",NA,2,2,0.347407334814628,TRUE
92,"ICA (oracle)",NA,3,3,0.172978141162201,TRUE
92,"ICA (oracle)",NA,4,4,0.214226942189714,TRUE
92,"ICA (oracle)",NA,5,5,0.24841810530562,TRUE
92,"ICA (oracle)",NA,6,6,0.277499544072538,FALSE
92,"ICA (oracle)",NA,7,7,0.30349368932047,FALSE
92,"ICA (oracle)",NA,8,8,0.327177031058477,FALSE
92,"ICA (oracle)",NA,9,9,0.349051066260457,FALSE
92,"ICA (oracle)",NA,10,10,0.36952849185357,FALSE
92,"ICA (oracle)",NA,11,11,0.388660654365831,FALSE
92,"ICA (oracle)",NA,12,12,0.406677222045474,FALSE
92,"ICA (oracle)",NA,13,13,0.423798633606373,FALSE
92,"ICA (oracle)",NA,14,14,0.439912654538691,FALSE
92,"ICA (oracle)",NA,15,15,0.455408872111225,FALSE
92,"ICA (oracle)",NA,16,16,0.470183753259316,FALSE
92,"ICA (oracle)",NA,17,17,0.484443892578116,FALSE
92,"ICA (oracle)",NA,18,18,0.498064090603246,FALSE
92,"ICA (oracle)",NA,19,19,0.511276799321006,FALSE
92,"ICA (oracle)",NA,20,20,0.523962888895334,FALSE
92,"ICA (oracle)",NA,21,21,0.536340148437154,FALSE
92,"ICA (oracle)",NA,22,22,0.548383503948872,FALSE
92,"ICA (oracle)",NA,23,23,0.560069931754441,FALSE
92,"ICA (oracle)",NA,24,24,0.571439578473918,FALSE
92,"ICA (oracle)",NA,25,25,0.582481613240036,FALSE
92,"ICA (oracle)",NA,26,26,0.59313894198528,FALSE
92,"ICA (oracle)",NA,27,27,0.603544806103071,FALSE
92,"ICA (oracle)",NA,28,28,0.613755543551355,FALSE
92,"ICA (oracle)",NA,29,29,0.62366730576519,FALSE
92,"ICA (oracle)",NA,30,30,0.633398324889374,FALSE
92,"SoftImpute (oracle)",1,0,0,0.822867931839292,NA
92,"SoftImpute (oracle)",1,1,1,0.497408964443626,NA
92,"SoftImpute (oracle)",1,2,2,0.347217069453472,NA
92,"SoftImpute (oracle)",1,3,3,0.172240964304905,NA
92,"SoftImpute (oracle)",1,4,4,0.212317001908136,NA
92,"SoftImpute (oracle)",1,5,5,0.245640827290752,NA
92,"SoftImpute (oracle)",1,6,6,0.274017856519286,NA
92,"SoftImpute (oracle)",1,7,7,0.299405435262978,NA
92,"SoftImpute (oracle)",1,8,8,0.322549909859611,NA
92,"SoftImpute (oracle)",1,9,9,0.343935128621774,NA
92,"SoftImpute (oracle)",1,10,10,0.363962283950367,NA
92,"SoftImpute (oracle)",1,11,11,0.382675734708498,NA
92,"SoftImpute (oracle)",1,12,12,0.400299437618285,NA
92,"SoftImpute (oracle)",1,13,13,0.417049502182068,NA
92,"SoftImpute (oracle)",1,14,14,0.432811217189815,NA
92,"SoftImpute (oracle)",1,15,15,0.447970848538516,NA
92,"SoftImpute (oracle)",1,16,16,0.462423420609251,NA
92,"SoftImpute (oracle)",1,17,17,0.476373546053665,NA
92,"SoftImpute (oracle)",1,18,18,0.489695180923594,NA
92,"SoftImpute (oracle)",1,19,19,0.502619185381376,NA
92,"SoftImpute (oracle)",1,20,20,0.515025904641118,NA
92,"SoftImpute (oracle)",1,21,21,0.527131868884866,NA
92,"SoftImpute (oracle)",1,22,22,0.53891146735649,NA
92,"SoftImpute (oracle)",1,23,23,0.550341197646829,NA
92,"SoftImpute (oracle)",1,24,24,0.561460641906632,NA
92,"SoftImpute (oracle)",1,25,25,0.572258578250077,NA
92,"SoftImpute (oracle)",1,26,26,0.582677677347379,NA
92,"SoftImpute (oracle)",1,27,27,0.592850532988852,NA
92,"SoftImpute (oracle)",1,28,28,0.602833061496336,NA
92,"SoftImpute (oracle)",1,29,29,0.612521397042752,NA
92,"SoftImpute (oracle)",1,30,30,0.622033254582761,NA
93,"PCA (oracle)",NA,0,0,0.78456742117144,NA
93,"PCA (oracle)",NA,1,1,0.495548849313839,NA
93,"PCA (oracle)",NA,2,2,0.366922687312536,NA
93,"PCA (oracle)",NA,3,3,0.178842012383486,NA
93,"PCA (oracle)",NA,4,4,0.219062338349258,NA
93,"PCA (oracle)",NA,5,5,0.25233984603363,NA
93,"PCA (oracle)",NA,6,6,0.281627340021049,NA
93,"PCA (oracle)",NA,7,7,0.307274483136779,NA
93,"PCA (oracle)",NA,8,8,0.330912655091645,NA
93,"PCA (oracle)",NA,9,9,0.352791571176942,NA
93,"PCA (oracle)",NA,10,10,0.372942864284807,NA
93,"PCA (oracle)",NA,11,11,0.391824589065069,NA
93,"PCA (oracle)",NA,12,12,0.409659162206219,NA
93,"PCA (oracle)",NA,13,13,0.426718272868042,NA
93,"PCA (oracle)",NA,14,14,0.442917416123305,NA
93,"PCA (oracle)",NA,15,15,0.458241237954548,NA
93,"PCA (oracle)",NA,16,16,0.47298306872684,NA
93,"PCA (oracle)",NA,17,17,0.48726931820055,NA
93,"PCA (oracle)",NA,18,18,0.500911225717856,NA
93,"PCA (oracle)",NA,19,19,0.513982573201914,NA
93,"PCA (oracle)",NA,20,20,0.526606552260158,NA
93,"PCA (oracle)",NA,21,21,0.538883985602592,NA
93,"PCA (oracle)",NA,22,22,0.550805567398628,NA
93,"PCA (oracle)",NA,23,23,0.562406513978909,NA
93,"PCA (oracle)",NA,24,24,0.573623827097792,NA
93,"PCA (oracle)",NA,25,25,0.584565532018722,NA
93,"PCA (oracle)",NA,26,26,0.595185943008744,NA
93,"PCA (oracle)",NA,27,27,0.605581330015462,NA
93,"PCA (oracle)",NA,28,28,0.61571162622183,NA
93,"PCA (oracle)",NA,29,29,0.625652567566695,NA
93,"PCA (oracle)",NA,30,30,0.635309077770589,NA
93,"ICA (oracle)",NA,0,0,0.78456742117144,NA
93,"ICA (oracle)",NA,1,1,0.495548849313839,TRUE
93,"ICA (oracle)",NA,2,2,0.366922687312536,TRUE
93,"ICA (oracle)",NA,3,3,0.178842012383486,TRUE
93,"ICA (oracle)",NA,4,4,0.219062338349258,TRUE
93,"ICA (oracle)",NA,5,5,0.25233984603363,TRUE
93,"ICA (oracle)",NA,6,6,0.281627340021049,TRUE
93,"ICA (oracle)",NA,7,7,0.307274483136779,FALSE
93,"ICA (oracle)",NA,8,8,0.330912655091645,FALSE
93,"ICA (oracle)",NA,9,9,0.352791571176942,FALSE
93,"ICA (oracle)",NA,10,10,0.372942864284807,FALSE
93,"ICA (oracle)",NA,11,11,0.39182458906507,FALSE
93,"ICA (oracle)",NA,12,12,0.409659162206219,FALSE
93,"ICA (oracle)",NA,13,13,0.426718272868042,FALSE
93,"ICA (oracle)",NA,14,14,0.442917416123305,FALSE
93,"ICA (oracle)",NA,15,15,0.458241237954548,FALSE
93,"ICA (oracle)",NA,16,16,0.47298306872684,FALSE
93,"ICA (oracle)",NA,17,17,0.487269318200551,FALSE
93,"ICA (oracle)",NA,18,18,0.500911225717856,FALSE
93,"ICA (oracle)",NA,19,19,0.513982573201914,FALSE
93,"ICA (oracle)",NA,20,20,0.526606552260157,FALSE
93,"ICA (oracle)",NA,21,21,0.538883985602593,FALSE
93,"ICA (oracle)",NA,22,22,0.550805567398628,FALSE
93,"ICA (oracle)",NA,23,23,0.562406513978909,FALSE
93,"ICA (oracle)",NA,24,24,0.573623827097792,FALSE
93,"ICA (oracle)",NA,25,25,0.584565532018722,FALSE
93,"ICA (oracle)",NA,26,26,0.595185943008744,FALSE
93,"ICA (oracle)",NA,27,27,0.605581330015462,FALSE
93,"ICA (oracle)",NA,28,28,0.61571162622183,FALSE
93,"ICA (oracle)",NA,29,29,0.625652567566695,FALSE
93,"ICA (oracle)",NA,30,30,0.635309077770589,FALSE
93,"SoftImpute (oracle)",1,0,0,0.78456742117144,NA
93,"SoftImpute (oracle)",1,1,1,0.495491557889671,NA
93,"SoftImpute (oracle)",1,2,2,0.366666954555839,NA
93,"SoftImpute (oracle)",1,3,3,0.177928512011479,NA
93,"SoftImpute (oracle)",1,4,4,0.217029133063932,NA
93,"SoftImpute (oracle)",1,5,5,0.249466646108853,NA
93,"SoftImpute (oracle)",1,6,6,0.278060980104552,NA
93,"SoftImpute (oracle)",1,7,7,0.303112100447961,NA
93,"SoftImpute (oracle)",1,8,8,0.326218086528297,NA
93,"SoftImpute (oracle)",1,9,9,0.347613260914227,NA
93,"SoftImpute (oracle)",1,10,10,0.367319538336288,NA
93,"SoftImpute (oracle)",1,11,11,0.385786687372731,NA
93,"SoftImpute (oracle)",1,12,12,0.40323170330384,NA
93,"SoftImpute (oracle)",1,13,13,0.419921983622034,NA
93,"SoftImpute (oracle)",1,14,14,0.435770612389619,NA
93,"SoftImpute (oracle)",1,15,15,0.450760123401,NA
93,"SoftImpute (oracle)",1,16,16,0.46518131496811,NA
93,"SoftImpute (oracle)",1,17,17,0.479158908175982,NA
93,"SoftImpute (oracle)",1,18,18,0.492503486021815,NA
93,"SoftImpute (oracle)",1,19,19,0.5052876610467,NA
93,"SoftImpute (oracle)",1,20,20,0.517633486256308,NA
93,"SoftImpute (oracle)",1,21,21,0.529640837667115,NA
93,"SoftImpute (oracle)",1,22,22,0.541299841210914,NA
93,"SoftImpute (oracle)",1,23,23,0.552645106058805,NA
93,"SoftImpute (oracle)",1,24,24,0.56361332477316,NA
93,"SoftImpute (oracle)",1,25,25,0.574311854803919,NA
93,"SoftImpute (oracle)",1,26,26,0.584694760795288,NA
93,"SoftImpute (oracle)",1,27,27,0.594857760409615,NA
93,"SoftImpute (oracle)",1,28,28,0.604760596687542,NA
93,"SoftImpute (oracle)",1,29,29,0.614478568894139,NA
93,"SoftImpute (oracle)",1,30,30,0.623916591581282,NA
94,"PCA (oracle)",NA,0,0,0.792382327903128,NA
94,"PCA (oracle)",NA,1,1,0.514955215544609,NA
94,"PCA (oracle)",NA,2,2,0.375889995465203,NA
94,"PCA (oracle)",NA,3,3,0.178644247337422,NA
94,"PCA (oracle)",NA,4,4,0.218643709560441,NA
94,"PCA (oracle)",NA,5,5,0.251780259614456,NA
94,"PCA (oracle)",NA,6,6,0.280457990929843,NA
94,"PCA (oracle)",NA,7,7,0.306249803121339,NA
94,"PCA (oracle)",NA,8,8,0.329878104032229,NA
94,"PCA (oracle)",NA,9,9,0.351660219588928,NA
94,"PCA (oracle)",NA,10,10,0.371969929873485,NA
94,"PCA (oracle)",NA,11,11,0.391191598059539,NA
94,"PCA (oracle)",NA,12,12,0.409303068041936,NA
94,"PCA (oracle)",NA,13,13,0.426349828211013,NA
94,"PCA (oracle)",NA,14,14,0.442432044624983,NA
94,"PCA (oracle)",NA,15,15,0.457957187410795,NA
94,"PCA (oracle)",NA,16,16,0.472711494581259,NA
94,"PCA (oracle)",NA,17,17,0.486945092051684,NA
94,"PCA (oracle)",NA,18,18,0.500669602475461,NA
94,"PCA (oracle)",NA,19,19,0.513932236469481,NA
94,"PCA (oracle)",NA,20,20,0.526635424825337,NA
94,"PCA (oracle)",NA,21,21,0.538971165056448,NA
94,"PCA (oracle)",NA,22,22,0.550897029518109,NA
94,"PCA (oracle)",NA,23,23,0.562459551919921,NA
94,"PCA (oracle)",NA,24,24,0.573705111306899,NA
94,"PCA (oracle)",NA,25,25,0.584716589285737,NA
94,"PCA (oracle)",NA,26,26,0.595397585482842,NA
94,"PCA (oracle)",NA,27,27,0.605827165721284,NA
94,"PCA (oracle)",NA,28,28,0.615988582503943,NA
94,"PCA (oracle)",NA,29,29,0.625951605408821,NA
94,"PCA (oracle)",NA,30,30,0.635680375492433,NA
94,"ICA (oracle)",NA,0,0,0.792382327903128,NA
94,"ICA (oracle)",NA,1,1,0.514955215544609,TRUE
94,"ICA (oracle)",NA,2,2,0.375889995465203,TRUE
94,"ICA (oracle)",NA,3,3,0.178644247337422,TRUE
94,"ICA (oracle)",NA,4,4,0.218643709560441,TRUE
94,"ICA (oracle)",NA,5,5,0.251780259614456,TRUE
94,"ICA (oracle)",NA,6,6,0.280457990929843,FALSE
94,"ICA (oracle)",NA,7,7,0.30624980312134,TRUE
94,"ICA (oracle)",NA,8,8,0.329878104032229,TRUE
94,"ICA (oracle)",NA,9,9,0.351660219588928,FALSE
94,"ICA (oracle)",NA,10,10,0.371969929873486,FALSE
94,"ICA (oracle)",NA,11,11,0.39119159805954,FALSE
94,"ICA (oracle)",NA,12,12,0.409303068041936,FALSE
94,"ICA (oracle)",NA,13,13,0.426349828211013,FALSE
94,"ICA (oracle)",NA,14,14,0.442432044624983,FALSE
94,"ICA (oracle)",NA,15,15,0.457957187410795,FALSE
94,"ICA (oracle)",NA,16,16,0.47271149458126,FALSE
94,"ICA (oracle)",NA,17,17,0.486945092051685,FALSE
94,"ICA (oracle)",NA,18,18,0.500669602475462,FALSE
94,"ICA (oracle)",NA,19,19,0.513932236469482,FALSE
94,"ICA (oracle)",NA,20,20,0.526635424825337,FALSE
94,"ICA (oracle)",NA,21,21,0.538971165056448,FALSE
94,"ICA (oracle)",NA,22,22,0.55089702951811,FALSE
94,"ICA (oracle)",NA,23,23,0.562459551919921,FALSE
94,"ICA (oracle)",NA,24,24,0.5737051113069,FALSE
94,"ICA (oracle)",NA,25,25,0.584716589285738,FALSE
94,"ICA (oracle)",NA,26,26,0.595397585482842,FALSE
94,"ICA (oracle)",NA,27,27,0.605827165721284,FALSE
94,"ICA (oracle)",NA,28,28,0.615988582503943,FALSE
94,"ICA (oracle)",NA,29,29,0.625951605408821,FALSE
94,"ICA (oracle)",NA,30,30,0.635680375492433,FALSE
94,"SoftImpute (oracle)",1,0,0,0.792382327903128,NA
94,"SoftImpute (oracle)",1,1,1,0.514906209185943,NA
94,"SoftImpute (oracle)",1,2,2,0.375677819084659,NA
94,"SoftImpute (oracle)",1,3,3,0.177851237063923,NA
94,"SoftImpute (oracle)",1,4,4,0.216710881939449,NA
94,"SoftImpute (oracle)",1,5,5,0.248994927292322,NA
94,"SoftImpute (oracle)",1,6,6,0.276973552196448,NA
94,"SoftImpute (oracle)",1,7,7,0.302161337561078,NA
94,"SoftImpute (oracle)",1,8,8,0.325251923596368,NA
94,"SoftImpute (oracle)",1,9,9,0.346546198293379,NA
94,"SoftImpute (oracle)",1,10,10,0.366406643584156,NA
94,"SoftImpute (oracle)",1,11,11,0.385209574239761,NA
94,"SoftImpute (oracle)",1,12,12,0.402928119290496,NA
94,"SoftImpute (oracle)",1,13,13,0.419603953162598,NA
94,"SoftImpute (oracle)",1,14,14,0.435334116673286,NA
94,"SoftImpute (oracle)",1,15,15,0.450522715243985,NA
94,"SoftImpute (oracle)",1,16,16,0.464954878958061,NA
94,"SoftImpute (oracle)",1,17,17,0.478878619048833,NA
94,"SoftImpute (oracle)",1,18,18,0.492304373699692,NA
94,"SoftImpute (oracle)",1,19,19,0.50527825563131,NA
94,"SoftImpute (oracle)",1,20,20,0.517702108157044,NA
94,"SoftImpute (oracle)",1,21,21,0.529766722156283,NA
94,"SoftImpute (oracle)",1,22,22,0.541429168868617,NA
94,"SoftImpute (oracle)",1,23,23,0.552735330848786,NA
94,"SoftImpute (oracle)",1,24,24,0.563731005759262,NA
94,"SoftImpute (oracle)",1,25,25,0.574498467371273,NA
94,"SoftImpute (oracle)",1,26,26,0.584941187200749,NA
94,"SoftImpute (oracle)",1,27,27,0.595137712858743,NA
94,"SoftImpute (oracle)",1,28,28,0.605071046692365,NA
94,"SoftImpute (oracle)",1,29,29,0.614810529296187,NA
94,"SoftImpute (oracle)",1,30,30,0.624320152080782,NA
95,"PCA (oracle)",NA,0,0,0.783451301730181,NA
95,"PCA (oracle)",NA,1,1,0.505615161833818,NA
95,"PCA (oracle)",NA,2,2,0.347162491136765,NA
95,"PCA (oracle)",NA,3,3,0.176323246679399,NA
95,"PCA (oracle)",NA,4,4,0.21654425046655,NA
95,"PCA (oracle)",NA,5,5,0.250344081705703,NA
95,"PCA (oracle)",NA,6,6,0.279686620569165,NA
95,"PCA (oracle)",NA,7,7,0.306204156668395,NA
95,"PCA (oracle)",NA,8,8,0.330176514700756,NA
95,"PCA (oracle)",NA,9,9,0.352104189306531,NA
95,"PCA (oracle)",NA,10,10,0.372519874825067,NA
95,"PCA (oracle)",NA,11,11,0.391716064995703,NA
95,"PCA (oracle)",NA,12,12,0.409689913260764,NA
95,"PCA (oracle)",NA,13,13,0.426588886375637,NA
95,"PCA (oracle)",NA,14,14,0.442809346222634,NA
95,"PCA (oracle)",NA,15,15,0.45820195066676,NA
95,"PCA (oracle)",NA,16,16,0.472961200030547,NA
95,"PCA (oracle)",NA,17,17,0.487170188245343,NA
95,"PCA (oracle)",NA,18,18,0.500918522360722,NA
95,"PCA (oracle)",NA,19,19,0.514248981278421,NA
95,"PCA (oracle)",NA,20,20,0.527113208379445,NA
95,"PCA (oracle)",NA,21,21,0.539517926844154,NA
95,"PCA (oracle)",NA,22,22,0.551475335297211,NA
95,"PCA (oracle)",NA,23,23,0.56308897851424,NA
95,"PCA (oracle)",NA,24,24,0.574424922752889,NA
95,"PCA (oracle)",NA,25,25,0.585471120198203,NA
95,"PCA (oracle)",NA,26,26,0.596217187826174,NA
95,"PCA (oracle)",NA,27,27,0.606718860287932,NA
95,"PCA (oracle)",NA,28,28,0.616986459842485,NA
95,"PCA (oracle)",NA,29,29,0.626971137616871,NA
95,"PCA (oracle)",NA,30,30,0.636763782549319,NA
95,"ICA (oracle)",NA,0,0,0.783451301730181,NA
95,"ICA (oracle)",NA,1,1,0.505615161833818,TRUE
95,"ICA (oracle)",NA,2,2,0.347162491136765,TRUE
95,"ICA (oracle)",NA,3,3,0.176323246679399,TRUE
95,"ICA (oracle)",NA,4,4,0.216544250466549,TRUE
95,"ICA (oracle)",NA,5,5,0.250344081705703,TRUE
95,"ICA (oracle)",NA,6,6,0.279686620569164,TRUE
95,"ICA (oracle)",NA,7,7,0.306204156668395,TRUE
95,"ICA (oracle)",NA,8,8,0.330176514700756,FALSE
95,"ICA (oracle)",NA,9,9,0.352104189306531,FALSE
95,"ICA (oracle)",NA,10,10,0.372519874825067,FALSE
95,"ICA (oracle)",NA,11,11,0.391716064995703,FALSE
95,"ICA (oracle)",NA,12,12,0.409689913260764,FALSE
95,"ICA (oracle)",NA,13,13,0.426588886375637,FALSE
95,"ICA (oracle)",NA,14,14,0.442809346222634,FALSE
95,"ICA (oracle)",NA,15,15,0.45820195066676,FALSE
95,"ICA (oracle)",NA,16,16,0.472961200030547,FALSE
95,"ICA (oracle)",NA,17,17,0.487170188245343,FALSE
95,"ICA (oracle)",NA,18,18,0.500918522360722,FALSE
95,"ICA (oracle)",NA,19,19,0.514248981278421,FALSE
95,"ICA (oracle)",NA,20,20,0.527113208379445,FALSE
95,"ICA (oracle)",NA,21,21,0.539517926844154,FALSE
95,"ICA (oracle)",NA,22,22,0.551475335297212,FALSE
95,"ICA (oracle)",NA,23,23,0.56308897851424,FALSE
95,"ICA (oracle)",NA,24,24,0.574424922752888,FALSE
95,"ICA (oracle)",NA,25,25,0.585471120198203,FALSE
95,"ICA (oracle)",NA,26,26,0.596217187826174,FALSE
95,"ICA (oracle)",NA,27,27,0.606718860287932,FALSE
95,"ICA (oracle)",NA,28,28,0.616986459842485,FALSE
95,"ICA (oracle)",NA,29,29,0.626971137616871,FALSE
95,"ICA (oracle)",NA,30,30,0.636763782549319,FALSE
95,"SoftImpute (oracle)",1,0,0,0.783451301730181,NA
95,"SoftImpute (oracle)",1,1,1,0.505539057254413,NA
95,"SoftImpute (oracle)",1,2,2,0.34688610866954,NA
95,"SoftImpute (oracle)",1,3,3,0.175418827173765,NA
95,"SoftImpute (oracle)",1,4,4,0.214513689112092,NA
95,"SoftImpute (oracle)",1,5,5,0.247467317998214,NA
95,"SoftImpute (oracle)",1,6,6,0.276115559123419,NA
95,"SoftImpute (oracle)",1,7,7,0.302032700764852,NA
95,"SoftImpute (oracle)",1,8,8,0.325471856058563,NA
95,"SoftImpute (oracle)",1,9,9,0.346916055616588,NA
95,"SoftImpute (oracle)",1,10,10,0.366886227138783,NA
95,"SoftImpute (oracle)",1,11,11,0.385667279148994,NA
95,"SoftImpute (oracle)",1,12,12,0.403251611565978,NA
95,"SoftImpute (oracle)",1,13,13,0.419782647766655,NA
95,"SoftImpute (oracle)",1,14,14,0.435652883976537,NA
95,"SoftImpute (oracle)",1,15,15,0.450711302778246,NA
95,"SoftImpute (oracle)",1,16,16,0.465150160027224,NA
95,"SoftImpute (oracle)",1,17,17,0.479050953414989,NA
95,"SoftImpute (oracle)",1,18,18,0.49250192819758,NA
95,"SoftImpute (oracle)",1,19,19,0.505544809875954,NA
95,"SoftImpute (oracle)",1,20,20,0.518130541870861,NA
95,"SoftImpute (oracle)",1,21,21,0.530265122403009,NA
95,"SoftImpute (oracle)",1,22,22,0.541960108777642,NA
95,"SoftImpute (oracle)",1,23,23,0.553318268522076,NA
95,"SoftImpute (oracle)",1,24,24,0.564405054367379,NA
95,"SoftImpute (oracle)",1,25,25,0.575208045713483,NA
95,"SoftImpute (oracle)",1,26,26,0.585716521795857,NA
95,"SoftImpute (oracle)",1,27,27,0.595985766900453,NA
95,"SoftImpute (oracle)",1,28,28,0.606025793085094,NA
95,"SoftImpute (oracle)",1,29,29,0.615787600149109,NA
95,"SoftImpute (oracle)",1,30,30,0.625361635722366,NA
96,"PCA (oracle)",NA,0,0,0.814944753347835,NA
96,"PCA (oracle)",NA,1,1,0.506998431079721,NA
96,"PCA (oracle)",NA,2,2,0.353163762508893,NA
96,"PCA (oracle)",NA,3,3,0.177624939186573,NA
96,"PCA (oracle)",NA,4,4,0.217755789621843,NA
96,"PCA (oracle)",NA,5,5,0.250950606440034,NA
96,"PCA (oracle)",NA,6,6,0.28002296537332,NA
96,"PCA (oracle)",NA,7,7,0.305833303800689,NA
96,"PCA (oracle)",NA,8,8,0.329464410906733,NA
96,"PCA (oracle)",NA,9,9,0.351222041303678,NA
96,"PCA (oracle)",NA,10,10,0.371685081372638,NA
96,"PCA (oracle)",NA,11,11,0.390654075038389,NA
96,"PCA (oracle)",NA,12,12,0.408683018958252,NA
96,"PCA (oracle)",NA,13,13,0.425729087220475,NA
96,"PCA (oracle)",NA,14,14,0.441883451103984,NA
96,"PCA (oracle)",NA,15,15,0.457214189095836,NA
96,"PCA (oracle)",NA,16,16,0.472018500850982,NA
96,"PCA (oracle)",NA,17,17,0.486324415705692,NA
96,"PCA (oracle)",NA,18,18,0.499991690475206,NA
96,"PCA (oracle)",NA,19,19,0.513222064010259,NA
96,"PCA (oracle)",NA,20,20,0.525916959932579,NA
96,"PCA (oracle)",NA,21,21,0.538332227905394,NA
96,"PCA (oracle)",NA,22,22,0.550404782830984,NA
96,"PCA (oracle)",NA,23,23,0.561961450643682,NA
96,"PCA (oracle)",NA,24,24,0.573221044484484,NA
96,"PCA (oracle)",NA,25,25,0.584264557986091,NA
96,"PCA (oracle)",NA,26,26,0.594994861230734,NA
96,"PCA (oracle)",NA,27,27,0.605478713494836,NA
96,"PCA (oracle)",NA,28,28,0.615719378210821,NA
96,"PCA (oracle)",NA,29,29,0.625749285422703,NA
96,"PCA (oracle)",NA,30,30,0.635512932676495,NA
96,"ICA (oracle)",NA,0,0,0.814944753347835,NA
96,"ICA (oracle)",NA,1,1,0.506998431079721,TRUE
96,"ICA (oracle)",NA,2,2,0.353163762508893,TRUE
96,"ICA (oracle)",NA,3,3,0.177624939186573,TRUE
96,"ICA (oracle)",NA,4,4,0.217755789621844,TRUE
96,"ICA (oracle)",NA,5,5,0.250950606440034,TRUE
96,"ICA (oracle)",NA,6,6,0.28002296537332,TRUE
96,"ICA (oracle)",NA,7,7,0.305833303800689,TRUE
96,"ICA (oracle)",NA,8,8,0.329464410906733,TRUE
96,"ICA (oracle)",NA,9,9,0.351222041303677,FALSE
96,"ICA (oracle)",NA,10,10,0.371685081372638,FALSE
96,"ICA (oracle)",NA,11,11,0.390654075038388,FALSE
96,"ICA (oracle)",NA,12,12,0.408683018958252,FALSE
96,"ICA (oracle)",NA,13,13,0.425729087220475,FALSE
96,"ICA (oracle)",NA,14,14,0.441883451103983,FALSE
96,"ICA (oracle)",NA,15,15,0.457214189095836,FALSE
96,"ICA (oracle)",NA,16,16,0.472018500850982,FALSE
96,"ICA (oracle)",NA,17,17,0.486324415705692,FALSE
96,"ICA (oracle)",NA,18,18,0.499991690475206,FALSE
96,"ICA (oracle)",NA,19,19,0.513222064010259,FALSE
96,"ICA (oracle)",NA,20,20,0.525916959932579,FALSE
96,"ICA (oracle)",NA,21,21,0.538332227905394,FALSE
96,"ICA (oracle)",NA,22,22,0.550404782830984,FALSE
96,"ICA (oracle)",NA,23,23,0.561961450643681,FALSE
96,"ICA (oracle)",NA,24,24,0.573221044484484,FALSE
96,"ICA (oracle)",NA,25,25,0.58426455798609,FALSE
96,"ICA (oracle)",NA,26,26,0.594994861230734,FALSE
96,"ICA (oracle)",NA,27,27,0.605478713494836,FALSE
96,"ICA (oracle)",NA,28,28,0.61571937821082,FALSE
96,"ICA (oracle)",NA,29,29,0.625749285422703,FALSE
96,"ICA (oracle)",NA,30,30,0.635512932676495,FALSE
96,"SoftImpute (oracle)",1,0,0,0.814944753347835,NA
96,"SoftImpute (oracle)",1,1,1,0.506932629752848,NA
96,"SoftImpute (oracle)",1,2,2,0.352921711001741,NA
96,"SoftImpute (oracle)",1,3,3,0.176826336291843,NA
96,"SoftImpute (oracle)",1,4,4,0.21581517399729,NA
96,"SoftImpute (oracle)",1,5,5,0.248157175878328,NA
96,"SoftImpute (oracle)",1,6,6,0.276528480597769,NA
96,"SoftImpute (oracle)",1,7,7,0.301735346266749,NA
96,"SoftImpute (oracle)",1,8,8,0.324829265049692,NA
96,"SoftImpute (oracle)",1,9,9,0.346099596471801,NA
96,"SoftImpute (oracle)",1,10,10,0.36611320681416,NA
96,"SoftImpute (oracle)",1,11,11,0.384664652242086,NA
96,"SoftImpute (oracle)",1,12,12,0.402301172260681,NA
96,"SoftImpute (oracle)",1,13,13,0.418976517783769,NA
96,"SoftImpute (oracle)",1,14,14,0.434778798472096,NA
96,"SoftImpute (oracle)",1,15,15,0.449773702889476,NA
96,"SoftImpute (oracle)",1,16,16,0.464255858739356,NA
96,"SoftImpute (oracle)",1,17,17,0.47825185199468,NA
96,"SoftImpute (oracle)",1,18,18,0.491620638385596,NA
96,"SoftImpute (oracle)",1,19,19,0.504562445084301,NA
96,"SoftImpute (oracle)",1,20,20,0.516978115168603,NA
96,"SoftImpute (oracle)",1,21,21,0.529122149749864,NA
96,"SoftImpute (oracle)",1,22,22,0.540931022988756,NA
96,"SoftImpute (oracle)",1,23,23,0.552231439977796,NA
96,"SoftImpute (oracle)",1,24,24,0.563241204100913,NA
96,"SoftImpute (oracle)",1,25,25,0.574040711909017,NA
96,"SoftImpute (oracle)",1,26,26,0.584532705035498,NA
96,"SoftImpute (oracle)",1,27,27,0.594783458078718,NA
96,"SoftImpute (oracle)",1,28,28,0.604795936346559,NA
96,"SoftImpute (oracle)",1,29,29,0.614602232947576,NA
96,"SoftImpute (oracle)",1,30,30,0.624146735244167,NA
97,"PCA (oracle)",NA,0,0,0.757351831341081,NA
97,"PCA (oracle)",NA,1,1,0.475580440788588,NA
97,"PCA (oracle)",NA,2,2,0.352909386002903,NA
97,"PCA (oracle)",NA,3,3,0.180260310397355,NA
97,"PCA (oracle)",NA,4,4,0.219984705310151,NA
97,"PCA (oracle)",NA,5,5,0.252650204371262,NA
97,"PCA (oracle)",NA,6,6,0.281371380642715,NA
97,"PCA (oracle)",NA,7,7,0.307102924039704,NA
97,"PCA (oracle)",NA,8,8,0.330692652070612,NA
97,"PCA (oracle)",NA,9,9,0.352315660434341,NA
97,"PCA (oracle)",NA,10,10,0.372400761496195,NA
97,"PCA (oracle)",NA,11,11,0.391488688428774,NA
97,"PCA (oracle)",NA,12,12,0.409432526707189,NA
97,"PCA (oracle)",NA,13,13,0.426505499408688,NA
97,"PCA (oracle)",NA,14,14,0.442785198561557,NA
97,"PCA (oracle)",NA,15,15,0.45826002078836,NA
97,"PCA (oracle)",NA,16,16,0.473134072924427,NA
97,"PCA (oracle)",NA,17,17,0.487392933004068,NA
97,"PCA (oracle)",NA,18,18,0.500954517818596,NA
97,"PCA (oracle)",NA,19,19,0.51413462873337,NA
97,"PCA (oracle)",NA,20,20,0.526913551032122,NA
97,"PCA (oracle)",NA,21,21,0.539262116635613,NA
97,"PCA (oracle)",NA,22,22,0.551231061567832,NA
97,"PCA (oracle)",NA,23,23,0.562887817944064,NA
97,"PCA (oracle)",NA,24,24,0.574231690449395,NA
97,"PCA (oracle)",NA,25,25,0.585200081366719,NA
97,"PCA (oracle)",NA,26,26,0.595913251615904,NA
97,"PCA (oracle)",NA,27,27,0.606376315302223,NA
97,"PCA (oracle)",NA,28,28,0.61655115341555,NA
97,"PCA (oracle)",NA,29,29,0.626508329021628,NA
97,"PCA (oracle)",NA,30,30,0.636190603881507,NA
97,"ICA (oracle)",NA,0,0,0.757351831341081,NA
97,"ICA (oracle)",NA,1,1,0.475580440788588,TRUE
97,"ICA (oracle)",NA,2,2,0.352909386002902,TRUE
97,"ICA (oracle)",NA,3,3,0.180260310397355,TRUE
97,"ICA (oracle)",NA,4,4,0.219984705310151,TRUE
97,"ICA (oracle)",NA,5,5,0.252650204371262,TRUE
97,"ICA (oracle)",NA,6,6,0.281371380642714,FALSE
97,"ICA (oracle)",NA,7,7,0.307102924039703,FALSE
97,"ICA (oracle)",NA,8,8,0.330692652070612,FALSE
97,"ICA (oracle)",NA,9,9,0.35231566043434,FALSE
97,"ICA (oracle)",NA,10,10,0.372400761496194,FALSE
97,"ICA (oracle)",NA,11,11,0.391488688428774,FALSE
97,"ICA (oracle)",NA,12,12,0.409432526707188,FALSE
97,"ICA (oracle)",NA,13,13,0.426505499408688,FALSE
97,"ICA (oracle)",NA,14,14,0.442785198561557,FALSE
97,"ICA (oracle)",NA,15,15,0.45826002078836,FALSE
97,"ICA (oracle)",NA,16,16,0.473134072924427,FALSE
97,"ICA (oracle)",NA,17,17,0.487392933004068,FALSE
97,"ICA (oracle)",NA,18,18,0.500954517818596,FALSE
97,"ICA (oracle)",NA,19,19,0.51413462873337,FALSE
97,"ICA (oracle)",NA,20,20,0.526913551032121,FALSE
97,"ICA (oracle)",NA,21,21,0.539262116635613,FALSE
97,"ICA (oracle)",NA,22,22,0.551231061567832,FALSE
97,"ICA (oracle)",NA,23,23,0.562887817944064,FALSE
97,"ICA (oracle)",NA,24,24,0.574231690449395,FALSE
97,"ICA (oracle)",NA,25,25,0.585200081366719,FALSE
97,"ICA (oracle)",NA,26,26,0.595913251615904,FALSE
97,"ICA (oracle)",NA,27,27,0.606376315302222,FALSE
97,"ICA (oracle)",NA,28,28,0.61655115341555,FALSE
97,"ICA (oracle)",NA,29,29,0.626508329021627,FALSE
97,"ICA (oracle)",NA,30,30,0.636190603881507,FALSE
97,"SoftImpute (oracle)",1,0,0,0.757351831341081,NA
97,"SoftImpute (oracle)",1,1,1,0.475512758635225,NA
97,"SoftImpute (oracle)",1,2,2,0.352639264037819,NA
97,"SoftImpute (oracle)",1,3,3,0.179399248364453,NA
97,"SoftImpute (oracle)",1,4,4,0.218001548559254,NA
97,"SoftImpute (oracle)",1,5,5,0.249825645237826,NA
97,"SoftImpute (oracle)",1,6,6,0.277851986713593,NA
97,"SoftImpute (oracle)",1,7,7,0.30298310716411,NA
97,"SoftImpute (oracle)",1,8,8,0.326037783302132,NA
97,"SoftImpute (oracle)",1,9,9,0.347175528130258,NA
97,"SoftImpute (oracle)",1,10,10,0.366813704556064,NA
97,"SoftImpute (oracle)",1,11,11,0.385484552354548,NA
97,"SoftImpute (oracle)",1,12,12,0.403036988234035,NA
97,"SoftImpute (oracle)",1,13,13,0.419739795722707,NA
97,"SoftImpute (oracle)",1,14,14,0.435667620846514,NA
97,"SoftImpute (oracle)",1,15,15,0.4508067310182,NA
97,"SoftImpute (oracle)",1,16,16,0.46535893315278,NA
97,"SoftImpute (oracle)",1,17,17,0.479308442220763,NA
97,"SoftImpute (oracle)",1,18,18,0.492572209879402,NA
97,"SoftImpute (oracle)",1,19,19,0.505464229703599,NA
97,"SoftImpute (oracle)",1,20,20,0.517964035486829,NA
97,"SoftImpute (oracle)",1,21,21,0.530041827749445,NA
97,"SoftImpute (oracle)",1,22,22,0.541747607441303,NA
97,"SoftImpute (oracle)",1,23,23,0.553148113376304,NA
97,"SoftImpute (oracle)",1,24,24,0.564242190971504,NA
97,"SoftImpute (oracle)",1,25,25,0.574966979607885,NA
97,"SoftImpute (oracle)",1,26,26,0.585442085825414,NA
97,"SoftImpute (oracle)",1,27,27,0.595672290756218,NA
97,"SoftImpute (oracle)",1,28,28,0.605619275034713,NA
97,"SoftImpute (oracle)",1,29,29,0.615353172294756,NA
97,"SoftImpute (oracle)",1,30,30,0.624816643603307,NA
98,"PCA (oracle)",NA,0,0,0.772163827866402,NA
98,"PCA (oracle)",NA,1,1,0.513267846171348,NA
98,"PCA (oracle)",NA,2,2,0.359227788687804,NA
98,"PCA (oracle)",NA,3,3,0.173445354595027,NA
98,"PCA (oracle)",NA,4,4,0.216202513568138,NA
98,"PCA (oracle)",NA,5,5,0.250431939654241,NA
98,"PCA (oracle)",NA,6,6,0.280077417106962,NA
98,"PCA (oracle)",NA,7,7,0.30645436141403,NA
98,"PCA (oracle)",NA,8,8,0.330159386012953,NA
98,"PCA (oracle)",NA,9,9,0.351903177324083,NA
98,"PCA (oracle)",NA,10,10,0.372192928012489,NA
98,"PCA (oracle)",NA,11,11,0.391308603401484,NA
98,"PCA (oracle)",NA,12,12,0.409462147792836,NA
98,"PCA (oracle)",NA,13,13,0.42669025047414,NA
98,"PCA (oracle)",NA,14,14,0.442884247044133,NA
98,"PCA (oracle)",NA,15,15,0.458307415731359,NA
98,"PCA (oracle)",NA,16,16,0.473149899588393,NA
98,"PCA (oracle)",NA,17,17,0.487361068367336,NA
98,"PCA (oracle)",NA,18,18,0.501055576359552,NA
98,"PCA (oracle)",NA,19,19,0.514293182478909,NA
98,"PCA (oracle)",NA,20,20,0.527049847992884,NA
98,"PCA (oracle)",NA,21,21,0.539462729859617,NA
98,"PCA (oracle)",NA,22,22,0.551466819707234,NA
98,"PCA (oracle)",NA,23,23,0.563152048439746,NA
98,"PCA (oracle)",NA,24,24,0.574454376182681,NA
98,"PCA (oracle)",NA,25,25,0.585437844380963,NA
98,"PCA (oracle)",NA,26,26,0.596150983999847,NA
98,"PCA (oracle)",NA,27,27,0.606607484060102,NA
98,"PCA (oracle)",NA,28,28,0.616749070564925,NA
98,"PCA (oracle)",NA,29,29,0.626681680121311,NA
98,"PCA (oracle)",NA,30,30,0.636397110193042,NA
98,"ICA (oracle)",NA,0,0,0.772163827866402,NA
98,"ICA (oracle)",NA,1,1,0.513267846171348,TRUE
98,"ICA (oracle)",NA,2,2,0.359227788687804,TRUE
98,"ICA (oracle)",NA,3,3,0.173445354595027,TRUE
98,"ICA (oracle)",NA,4,4,0.216202513568139,TRUE
98,"ICA (oracle)",NA,5,5,0.250431939654241,TRUE
98,"ICA (oracle)",NA,6,6,0.280077417106962,FALSE
98,"ICA (oracle)",NA,7,7,0.30645436141403,FALSE
98,"ICA (oracle)",NA,8,8,0.330159386012953,FALSE
98,"ICA (oracle)",NA,9,9,0.351903177324083,TRUE
98,"ICA (oracle)",NA,10,10,0.372192928012488,FALSE
98,"ICA (oracle)",NA,11,11,0.391308603401484,FALSE
98,"ICA (oracle)",NA,12,12,0.409462147792836,FALSE
98,"ICA (oracle)",NA,13,13,0.42669025047414,FALSE
98,"ICA (oracle)",NA,14,14,0.442884247044133,FALSE
98,"ICA (oracle)",NA,15,15,0.458307415731359,FALSE
98,"ICA (oracle)",NA,16,16,0.473149899588393,FALSE
98,"ICA (oracle)",NA,17,17,0.487361068367336,FALSE
98,"ICA (oracle)",NA,18,18,0.501055576359552,FALSE
98,"ICA (oracle)",NA,19,19,0.514293182478908,FALSE
98,"ICA (oracle)",NA,20,20,0.527049847992884,FALSE
98,"ICA (oracle)",NA,21,21,0.539462729859617,FALSE
98,"ICA (oracle)",NA,22,22,0.551466819707234,FALSE
98,"ICA (oracle)",NA,23,23,0.563152048439746,FALSE
98,"ICA (oracle)",NA,24,24,0.57445437618268,FALSE
98,"ICA (oracle)",NA,25,25,0.585437844380963,FALSE
98,"ICA (oracle)",NA,26,26,0.596150983999847,FALSE
98,"ICA (oracle)",NA,27,27,0.606607484060102,FALSE
98,"ICA (oracle)",NA,28,28,0.616749070564925,FALSE
98,"ICA (oracle)",NA,29,29,0.626681680121311,FALSE
98,"ICA (oracle)",NA,30,30,0.636397110193042,FALSE
98,"SoftImpute (oracle)",1,0,0,0.772163827866402,NA
98,"SoftImpute (oracle)",1,1,1,0.513214270704987,NA
98,"SoftImpute (oracle)",1,2,2,0.359009915806123,NA
98,"SoftImpute (oracle)",1,3,3,0.172641085668721,NA
98,"SoftImpute (oracle)",1,4,4,0.21422637838399,NA
98,"SoftImpute (oracle)",1,5,5,0.24759921111448,NA
98,"SoftImpute (oracle)",1,6,6,0.276544264038437,NA
98,"SoftImpute (oracle)",1,7,7,0.302318361247601,NA
98,"SoftImpute (oracle)",1,8,8,0.325488794807021,NA
98,"SoftImpute (oracle)",1,9,9,0.3467476894289,NA
98,"SoftImpute (oracle)",1,10,10,0.366590540395847,NA
98,"SoftImpute (oracle)",1,11,11,0.385289756982177,NA
98,"SoftImpute (oracle)",1,12,12,0.403051887723994,NA
98,"SoftImpute (oracle)",1,13,13,0.419909976238108,NA
98,"SoftImpute (oracle)",1,14,14,0.435752887597081,NA
98,"SoftImpute (oracle)",1,15,15,0.450840955967831,NA
98,"SoftImpute (oracle)",1,16,16,0.465362087311249,NA
98,"SoftImpute (oracle)",1,17,17,0.479264396587604,NA
98,"SoftImpute (oracle)",1,18,18,0.492661076085319,NA
98,"SoftImpute (oracle)",1,19,19,0.50561076765387,NA
98,"SoftImpute (oracle)",1,20,20,0.518088669788561,NA
98,"SoftImpute (oracle)",1,21,21,0.53023089917385,NA
98,"SoftImpute (oracle)",1,22,22,0.541971999483162,NA
98,"SoftImpute (oracle)",1,23,23,0.553401157311781,NA
98,"SoftImpute (oracle)",1,24,24,0.564454019345225,NA
98,"SoftImpute (oracle)",1,25,25,0.575194062243141,NA
98,"SoftImpute (oracle)",1,26,26,0.58566933891463,NA
98,"SoftImpute (oracle)",1,27,27,0.595893184886739,NA
98,"SoftImpute (oracle)",1,28,28,0.605807174009536,NA
98,"SoftImpute (oracle)",1,29,29,0.615516728373054,NA
98,"SoftImpute (oracle)",1,30,30,0.625013432336486,NA
99,"PCA (oracle)",NA,0,0,0.81784359278546,NA
99,"PCA (oracle)",NA,1,1,0.539894153893605,NA
99,"PCA (oracle)",NA,2,2,0.368430888154233,NA
99,"PCA (oracle)",NA,3,3,0.175017463160334,NA
99,"PCA (oracle)",NA,4,4,0.216038882630042,NA
99,"PCA (oracle)",NA,5,5,0.250155656244908,NA
99,"PCA (oracle)",NA,6,6,0.27978572077165,NA
99,"PCA (oracle)",NA,7,7,0.306237792305026,NA
99,"PCA (oracle)",NA,8,8,0.330207587779709,NA
99,"PCA (oracle)",NA,9,9,0.35232233518574,NA
99,"PCA (oracle)",NA,10,10,0.372525104866723,NA
99,"PCA (oracle)",NA,11,11,0.39144884884305,NA
99,"PCA (oracle)",NA,12,12,0.40933290880657,NA
99,"PCA (oracle)",NA,13,13,0.426269598793608,NA
99,"PCA (oracle)",NA,14,14,0.44259025271563,NA
99,"PCA (oracle)",NA,15,15,0.45820112201948,NA
99,"PCA (oracle)",NA,16,16,0.473053297542133,NA
99,"PCA (oracle)",NA,17,17,0.487361734273794,NA
99,"PCA (oracle)",NA,18,18,0.501092499973396,NA
99,"PCA (oracle)",NA,19,19,0.514320821969895,NA
99,"PCA (oracle)",NA,20,20,0.527196012640166,NA
99,"PCA (oracle)",NA,21,21,0.53965228706907,NA
99,"PCA (oracle)",NA,22,22,0.551754100345175,NA
99,"PCA (oracle)",NA,23,23,0.563563357710315,NA
99,"PCA (oracle)",NA,24,24,0.575047823030551,NA
99,"PCA (oracle)",NA,25,25,0.586135707199929,NA
99,"PCA (oracle)",NA,26,26,0.596982205247209,NA
99,"PCA (oracle)",NA,27,27,0.607609860778739,NA
99,"PCA (oracle)",NA,28,28,0.617920205077637,NA
99,"PCA (oracle)",NA,29,29,0.628043747945577,NA
99,"PCA (oracle)",NA,30,30,0.637884672317361,NA
99,"ICA (oracle)",NA,0,0,0.81784359278546,NA
99,"ICA (oracle)",NA,1,1,0.539894153893605,TRUE
99,"ICA (oracle)",NA,2,2,0.368430888154233,TRUE
99,"ICA (oracle)",NA,3,3,0.175017463160334,TRUE
99,"ICA (oracle)",NA,4,4,0.216038882630042,TRUE
99,"ICA (oracle)",NA,5,5,0.250155656244908,FALSE
99,"ICA (oracle)",NA,6,6,0.27978572077165,FALSE
99,"ICA (oracle)",NA,7,7,0.306237792305026,FALSE
99,"ICA (oracle)",NA,8,8,0.330207587779708,FALSE
99,"ICA (oracle)",NA,9,9,0.352322335185739,FALSE
99,"ICA (oracle)",NA,10,10,0.372525104866723,FALSE
99,"ICA (oracle)",NA,11,11,0.39144884884305,FALSE
99,"ICA (oracle)",NA,12,12,0.40933290880657,FALSE
99,"ICA (oracle)",NA,13,13,0.426269598793608,FALSE
99,"ICA (oracle)",NA,14,14,0.44259025271563,FALSE
99,"ICA (oracle)",NA,15,15,0.45820112201948,FALSE
99,"ICA (oracle)",NA,16,16,0.473053297542133,FALSE
99,"ICA (oracle)",NA,17,17,0.487361734273794,FALSE
99,"ICA (oracle)",NA,18,18,0.501092499973396,FALSE
99,"ICA (oracle)",NA,19,19,0.514320821969895,FALSE
99,"ICA (oracle)",NA,20,20,0.527196012640167,FALSE
99,"ICA (oracle)",NA,21,21,0.539652287069069,FALSE
99,"ICA (oracle)",NA,22,22,0.551754100345174,FALSE
99,"ICA (oracle)",NA,23,23,0.563563357710315,FALSE
99,"ICA (oracle)",NA,24,24,0.575047823030551,FALSE
99,"ICA (oracle)",NA,25,25,0.586135707199929,FALSE
99,"ICA (oracle)",NA,26,26,0.596982205247208,FALSE
99,"ICA (oracle)",NA,27,27,0.607609860778739,FALSE
99,"ICA (oracle)",NA,28,28,0.617920205077637,FALSE
99,"ICA (oracle)",NA,29,29,0.628043747945577,FALSE
99,"ICA (oracle)",NA,30,30,0.637884672317361,FALSE
99,"SoftImpute (oracle)",1,0,0,0.81784359278546,NA
99,"SoftImpute (oracle)",1,1,1,0.539825157735065,NA
99,"SoftImpute (oracle)",1,2,2,0.36819598871728,NA
99,"SoftImpute (oracle)",1,3,3,0.174154707405206,NA
99,"SoftImpute (oracle)",1,4,4,0.214033003260303,NA
99,"SoftImpute (oracle)",1,5,5,0.247297746452616,NA
99,"SoftImpute (oracle)",1,6,6,0.276229933824795,NA
99,"SoftImpute (oracle)",1,7,7,0.302080631758513,NA
99,"SoftImpute (oracle)",1,8,8,0.325516215417499,NA
99,"SoftImpute (oracle)",1,9,9,0.347146003339024,NA
99,"SoftImpute (oracle)",1,10,10,0.36690337920341,NA
99,"SoftImpute (oracle)",1,11,11,0.385412265490447,NA
99,"SoftImpute (oracle)",1,12,12,0.402906511328471,NA
99,"SoftImpute (oracle)",1,13,13,0.419474642280266,NA
99,"SoftImpute (oracle)",1,14,14,0.435444357560829,NA
99,"SoftImpute (oracle)",1,15,15,0.450720092416596,NA
99,"SoftImpute (oracle)",1,16,16,0.46525133418944,NA
99,"SoftImpute (oracle)",1,17,17,0.479251071063668,NA
99,"SoftImpute (oracle)",1,18,18,0.492684299497335,NA
99,"SoftImpute (oracle)",1,19,19,0.505625082637861,NA
99,"SoftImpute (oracle)",1,20,20,0.518221552012572,NA
99,"SoftImpute (oracle)",1,21,21,0.530407385327846,NA
99,"SoftImpute (oracle)",1,22,22,0.54224627728309,NA
99,"SoftImpute (oracle)",1,23,23,0.553799467457498,NA
99,"SoftImpute (oracle)",1,24,24,0.565034329770623,NA
99,"SoftImpute (oracle)",1,25,25,0.575878820699525,NA
99,"SoftImpute (oracle)",1,26,26,0.586487418170377,NA
99,"SoftImpute (oracle)",1,27,27,0.596882297567613,NA
99,"SoftImpute (oracle)",1,28,28,0.60696491542288,NA
99,"SoftImpute (oracle)",1,29,29,0.616865229842005,NA
99,"SoftImpute (oracle)",1,30,30,0.626487398043472,NA
