"simulation","method","lambda","rank","effective_rank","rmse","converged"
0,"PCA (oracle)",NA,0,0,0.789730542848611,NA
0,"PCA (oracle)",NA,1,1,0.481153682294051,NA
0,"PCA (oracle)",NA,2,2,0.34104290430942,NA
0,"PCA (oracle)",NA,3,3,0.173274739696386,NA
0,"PCA (oracle)",NA,4,4,0.214718420326089,NA
0,"PCA (oracle)",NA,5,5,0.248765693761869,NA
0,"PCA (oracle)",NA,6,6,0.278234176098761,NA
0,"PCA (oracle)",NA,7,7,0.304549339495618,NA
0,"PCA (oracle)",NA,8,8,0.328342884849325,NA
0,"PCA (oracle)",NA,9,9,0.350147858233493,NA
0,"PCA (oracle)",NA,10,10,0.370538446598894,NA
0,"PCA (oracle)",NA,11,11,0.389512956216654,NA
0,"PCA (oracle)",NA,12,12,0.407391843957646,NA
0,"PCA (oracle)",NA,13,13,0.424391188996909,NA
0,"PCA (oracle)",NA,14,14,0.440639160532378,NA
0,"PCA (oracle)",NA,15,15,0.45619815944864,NA
0,"PCA (oracle)",NA,16,16,0.47119196184673,NA
0,"PCA (oracle)",NA,17,17,0.485379108638685,NA
0,"PCA (oracle)",NA,18,18,0.499089113394759,NA
0,"PCA (oracle)",NA,19,19,0.512261954153988,NA
0,"PCA (oracle)",NA,20,20,0.525042407747804,NA
0,"PCA (oracle)",NA,21,21,0.537410664042068,NA
0,"PCA (oracle)",NA,22,22,0.549433110106321,NA
0,"PCA (oracle)",NA,23,23,0.561091895912086,NA
0,"PCA (oracle)",NA,24,24,0.572444322939524,NA
0,"PCA (oracle)",NA,25,25,0.583469574183178,NA
0,"PCA (oracle)",NA,26,26,0.594125065740561,NA
0,"PCA (oracle)",NA,27,27,0.604576590328591,NA
0,"PCA (oracle)",NA,28,28,0.614768431938333,NA
0,"PCA (oracle)",NA,29,29,0.624752848196504,NA
0,"PCA (oracle)",NA,30,30,0.634426568943381,NA
0,"ICA (oracle)",NA,0,0,0.789730542848611,NA
0,"ICA (oracle)",NA,1,1,0.481153682294051,TRUE
0,"ICA (oracle)",NA,2,2,0.34104290430942,TRUE
0,"ICA (oracle)",NA,3,3,0.173274739696387,TRUE
0,"ICA (oracle)",NA,4,4,0.214718420326089,TRUE
0,"ICA (oracle)",NA,5,5,0.248765693761868,FALSE
0,"ICA (oracle)",NA,6,6,0.278234176098761,FALSE
0,"ICA (oracle)",NA,7,7,0.304549339495618,FALSE
0,"ICA (oracle)",NA,8,8,0.328342884849325,TRUE
0,"ICA (oracle)",NA,9,9,0.350147858233493,FALSE
0,"ICA (oracle)",NA,10,10,0.370538446598893,FALSE
0,"ICA (oracle)",NA,11,11,0.389512956216654,FALSE
0,"ICA (oracle)",NA,12,12,0.407391843957646,FALSE
0,"ICA (oracle)",NA,13,13,0.424391188996909,FALSE
0,"ICA (oracle)",NA,14,14,0.440639160532378,FALSE
0,"ICA (oracle)",NA,15,15,0.45619815944864,FALSE
0,"ICA (oracle)",NA,16,16,0.47119196184673,FALSE
0,"ICA (oracle)",NA,17,17,0.485379108638685,FALSE
0,"ICA (oracle)",NA,18,18,0.499089113394759,FALSE
0,"ICA (oracle)",NA,19,19,0.512261954153988,FALSE
0,"ICA (oracle)",NA,20,20,0.525042407747804,FALSE
0,"ICA (oracle)",NA,21,21,0.537410664042068,FALSE
0,"ICA (oracle)",NA,22,22,0.549433110106321,FALSE
0,"ICA (oracle)",NA,23,23,0.561091895912086,FALSE
0,"ICA (oracle)",NA,24,24,0.572444322939525,FALSE
0,"ICA (oracle)",NA,25,25,0.583469574183178,FALSE
0,"ICA (oracle)",NA,26,26,0.594125065740561,FALSE
0,"ICA (oracle)",NA,27,27,0.604576590328591,FALSE
0,"ICA (oracle)",NA,28,28,0.614768431938333,FALSE
0,"ICA (oracle)",NA,29,29,0.624752848196504,FALSE
0,"ICA (oracle)",NA,30,30,0.634426568943382,FALSE
0,"SoftImpute (oracle)",1,0,0,0.789730542848611,NA
0,"SoftImpute (oracle)",1,1,1,0.481108067053385,NA
0,"SoftImpute (oracle)",1,2,2,0.340795912145529,NA
0,"SoftImpute (oracle)",1,3,3,0.172349925240501,NA
0,"SoftImpute (oracle)",1,4,4,0.212655274686264,NA
0,"SoftImpute (oracle)",1,5,5,0.24585737073581,NA
0,"SoftImpute (oracle)",1,6,6,0.274633246600298,NA
0,"SoftImpute (oracle)",1,7,7,0.300350860493307,NA
0,"SoftImpute (oracle)",1,8,8,0.323613341985075,NA
0,"SoftImpute (oracle)",1,9,9,0.344936386148116,NA
0,"SoftImpute (oracle)",1,10,10,0.364882444323598,NA
0,"SoftImpute (oracle)",1,11,11,0.3834432708057,NA
0,"SoftImpute (oracle)",1,12,12,0.400933537140847,NA
0,"SoftImpute (oracle)",1,13,13,0.417565183972468,NA
0,"SoftImpute (oracle)",1,14,14,0.433463358148858,NA
0,"SoftImpute (oracle)",1,15,15,0.448688194136512,NA
0,"SoftImpute (oracle)",1,16,16,0.463361463469215,NA
0,"SoftImpute (oracle)",1,17,17,0.477240902954203,NA
0,"SoftImpute (oracle)",1,18,18,0.49065403766143,NA
0,"SoftImpute (oracle)",1,19,19,0.503540034029606,NA
0,"SoftImpute (oracle)",1,20,20,0.516042502423528,NA
0,"SoftImpute (oracle)",1,21,21,0.528140986991471,NA
0,"SoftImpute (oracle)",1,22,22,0.539901118179505,NA
0,"SoftImpute (oracle)",1,23,23,0.55130456336434,NA
0,"SoftImpute (oracle)",1,24,24,0.562408032079617,NA
0,"SoftImpute (oracle)",1,25,25,0.573190347517656,NA
0,"SoftImpute (oracle)",1,26,26,0.583608660093414,NA
0,"SoftImpute (oracle)",1,27,27,0.5938280584631,NA
0,"SoftImpute (oracle)",1,28,28,0.603792670574759,NA
0,"SoftImpute (oracle)",1,29,29,0.613554377153581,NA
0,"SoftImpute (oracle)",1,30,30,0.623009908221263,NA
1,"PCA (oracle)",NA,0,0,0.777444540076908,NA
1,"PCA (oracle)",NA,1,1,0.486491208598885,NA
1,"PCA (oracle)",NA,2,2,0.35821849186621,NA
1,"PCA (oracle)",NA,3,3,0.178610564014966,NA
1,"PCA (oracle)",NA,4,4,0.219190154841213,NA
1,"PCA (oracle)",NA,5,5,0.252412554008751,NA
1,"PCA (oracle)",NA,6,6,0.281227434188526,NA
1,"PCA (oracle)",NA,7,7,0.307009450708721,NA
1,"PCA (oracle)",NA,8,8,0.330507420598157,NA
1,"PCA (oracle)",NA,9,9,0.352063350144905,NA
1,"PCA (oracle)",NA,10,10,0.372254203960148,NA
1,"PCA (oracle)",NA,11,11,0.391258212676094,NA
1,"PCA (oracle)",NA,12,12,0.409252217378324,NA
1,"PCA (oracle)",NA,13,13,0.426233306180712,NA
1,"PCA (oracle)",NA,14,14,0.442431764420721,NA
1,"PCA (oracle)",NA,15,15,0.457833078681667,NA
1,"PCA (oracle)",NA,16,16,0.472646458832831,NA
1,"PCA (oracle)",NA,17,17,0.486995566902803,NA
1,"PCA (oracle)",NA,18,18,0.500859299799571,NA
1,"PCA (oracle)",NA,19,19,0.514087720626473,NA
1,"PCA (oracle)",NA,20,20,0.527002046576832,NA
1,"PCA (oracle)",NA,21,21,0.539413000170125,NA
1,"PCA (oracle)",NA,22,22,0.551431590381797,NA
1,"PCA (oracle)",NA,23,23,0.563043461765286,NA
1,"PCA (oracle)",NA,24,24,0.574344328751025,NA
1,"PCA (oracle)",NA,25,25,0.585317492256448,NA
1,"PCA (oracle)",NA,26,26,0.595959533577036,NA
1,"PCA (oracle)",NA,27,27,0.606348611722011,NA
1,"PCA (oracle)",NA,28,28,0.616440792075749,NA
1,"PCA (oracle)",NA,29,29,0.626320289071456,NA
1,"PCA (oracle)",NA,30,30,0.636030650685989,NA
1,"ICA (oracle)",NA,0,0,0.777444540076908,NA
1,"ICA (oracle)",NA,1,1,0.486491208598885,TRUE
1,"ICA (oracle)",NA,2,2,0.358218491866211,TRUE
1,"ICA (oracle)",NA,3,3,0.178610564014966,TRUE
1,"ICA (oracle)",NA,4,4,0.219190154841213,TRUE
1,"ICA (oracle)",NA,5,5,0.252412554008752,TRUE
1,"ICA (oracle)",NA,6,6,0.281227434188526,TRUE
1,"ICA (oracle)",NA,7,7,0.307009450708721,TRUE
1,"ICA (oracle)",NA,8,8,0.330507420598157,TRUE
1,"ICA (oracle)",NA,9,9,0.352063350144905,FALSE
1,"ICA (oracle)",NA,10,10,0.372254203960148,FALSE
1,"ICA (oracle)",NA,11,11,0.391258212676094,FALSE
1,"ICA (oracle)",NA,12,12,0.409252217378323,FALSE
1,"ICA (oracle)",NA,13,13,0.426233306180713,FALSE
1,"ICA (oracle)",NA,14,14,0.442431764420721,FALSE
1,"ICA (oracle)",NA,15,15,0.457833078681667,FALSE
1,"ICA (oracle)",NA,16,16,0.472646458832832,FALSE
1,"ICA (oracle)",NA,17,17,0.486995566902804,FALSE
1,"ICA (oracle)",NA,18,18,0.500859299799571,FALSE
1,"ICA (oracle)",NA,19,19,0.514087720626473,FALSE
1,"ICA (oracle)",NA,20,20,0.527002046576832,FALSE
1,"ICA (oracle)",NA,21,21,0.539413000170125,FALSE
1,"ICA (oracle)",NA,22,22,0.551431590381797,FALSE
1,"ICA (oracle)",NA,23,23,0.563043461765286,FALSE
1,"ICA (oracle)",NA,24,24,0.574344328751025,FALSE
1,"ICA (oracle)",NA,25,25,0.585317492256448,FALSE
1,"ICA (oracle)",NA,26,26,0.595959533577037,FALSE
1,"ICA (oracle)",NA,27,27,0.606348611722011,FALSE
1,"ICA (oracle)",NA,28,28,0.616440792075749,FALSE
1,"ICA (oracle)",NA,29,29,0.626320289071456,FALSE
1,"ICA (oracle)",NA,30,30,0.636030650685989,FALSE
1,"SoftImpute (oracle)",1,0,0,0.777444540076908,NA
1,"SoftImpute (oracle)",1,1,1,0.486418788771875,NA
1,"SoftImpute (oracle)",1,2,2,0.35799093109036,NA
1,"SoftImpute (oracle)",1,3,3,0.177815321422642,NA
1,"SoftImpute (oracle)",1,4,4,0.217250266810473,NA
1,"SoftImpute (oracle)",1,5,5,0.24962105264666,NA
1,"SoftImpute (oracle)",1,6,6,0.277737076088456,NA
1,"SoftImpute (oracle)",1,7,7,0.302915950021292,NA
1,"SoftImpute (oracle)",1,8,8,0.325877371320045,NA
1,"SoftImpute (oracle)",1,9,9,0.346946743530105,NA
1,"SoftImpute (oracle)",1,10,10,0.366688979367062,NA
1,"SoftImpute (oracle)",1,11,11,0.385275104097391,NA
1,"SoftImpute (oracle)",1,12,12,0.402876601666864,NA
1,"SoftImpute (oracle)",1,13,13,0.419486982891733,NA
1,"SoftImpute (oracle)",1,14,14,0.435333059344681,NA
1,"SoftImpute (oracle)",1,15,15,0.450398197193524,NA
1,"SoftImpute (oracle)",1,16,16,0.464889276175245,NA
1,"SoftImpute (oracle)",1,17,17,0.478928241415559,NA
1,"SoftImpute (oracle)",1,18,18,0.492492898497995,NA
1,"SoftImpute (oracle)",1,19,19,0.505432694127673,NA
1,"SoftImpute (oracle)",1,20,20,0.518067201661408,NA
1,"SoftImpute (oracle)",1,21,21,0.53020690151577,NA
1,"SoftImpute (oracle)",1,22,22,0.541961907743501,NA
1,"SoftImpute (oracle)",1,23,23,0.553317362902547,NA
1,"SoftImpute (oracle)",1,24,24,0.564368277028144,NA
1,"SoftImpute (oracle)",1,25,25,0.575097581118931,NA
1,"SoftImpute (oracle)",1,26,26,0.585501498474784,NA
1,"SoftImpute (oracle)",1,27,27,0.595657670388616,NA
1,"SoftImpute (oracle)",1,28,28,0.6055219809751,NA
1,"SoftImpute (oracle)",1,29,29,0.615178174512103,NA
1,"SoftImpute (oracle)",1,30,30,0.624669461777837,NA
2,"PCA (oracle)",NA,0,0,0.804459994259563,NA
2,"PCA (oracle)",NA,1,1,0.494213333481468,NA
2,"PCA (oracle)",NA,2,2,0.344521799764849,NA
2,"PCA (oracle)",NA,3,3,0.176453373441628,NA
2,"PCA (oracle)",NA,4,4,0.217309679205143,NA
2,"PCA (oracle)",NA,5,5,0.250593868699614,NA
2,"PCA (oracle)",NA,6,6,0.279859197311776,NA
2,"PCA (oracle)",NA,7,7,0.305932186123545,NA
2,"PCA (oracle)",NA,8,8,0.329658419289742,NA
2,"PCA (oracle)",NA,9,9,0.351736080614181,NA
2,"PCA (oracle)",NA,10,10,0.372002108031809,NA
2,"PCA (oracle)",NA,11,11,0.391040032706297,NA
2,"PCA (oracle)",NA,12,12,0.408906661098736,NA
2,"PCA (oracle)",NA,13,13,0.425767878295829,NA
2,"PCA (oracle)",NA,14,14,0.4418618013941,NA
2,"PCA (oracle)",NA,15,15,0.457340201000101,NA
2,"PCA (oracle)",NA,16,16,0.472211347150652,NA
2,"PCA (oracle)",NA,17,17,0.486556093031787,NA
2,"PCA (oracle)",NA,18,18,0.500339619284292,NA
2,"PCA (oracle)",NA,19,19,0.513585071355176,NA
2,"PCA (oracle)",NA,20,20,0.526237918221853,NA
2,"PCA (oracle)",NA,21,21,0.538536029501225,NA
2,"PCA (oracle)",NA,22,22,0.55038360731432,NA
2,"PCA (oracle)",NA,23,23,0.561922711003726,NA
2,"PCA (oracle)",NA,24,24,0.57316348111272,NA
2,"PCA (oracle)",NA,25,25,0.584106730210938,NA
2,"PCA (oracle)",NA,26,26,0.594789402389585,NA
2,"PCA (oracle)",NA,27,27,0.605187721298847,NA
2,"PCA (oracle)",NA,28,28,0.615346644204648,NA
2,"PCA (oracle)",NA,29,29,0.625287193576179,NA
2,"PCA (oracle)",NA,30,30,0.635023417817031,NA
2,"ICA (oracle)",NA,0,0,0.804459994259563,NA
2,"ICA (oracle)",NA,1,1,0.494213333481468,TRUE
2,"ICA (oracle)",NA,2,2,0.344521799764849,TRUE
2,"ICA (oracle)",NA,3,3,0.176453373441628,TRUE
2,"ICA (oracle)",NA,4,4,0.217309679205143,TRUE
2,"ICA (oracle)",NA,5,5,0.250593868699614,TRUE
2,"ICA (oracle)",NA,6,6,0.279859197311776,TRUE
2,"ICA (oracle)",NA,7,7,0.305932186123545,TRUE
2,"ICA (oracle)",NA,8,8,0.329658419289742,FALSE
2,"ICA (oracle)",NA,9,9,0.351736080614181,FALSE
2,"ICA (oracle)",NA,10,10,0.372002108031809,FALSE
2,"ICA (oracle)",NA,11,11,0.391040032706296,FALSE
2,"ICA (oracle)",NA,12,12,0.408906661098736,FALSE
2,"ICA (oracle)",NA,13,13,0.425767878295829,FALSE
2,"ICA (oracle)",NA,14,14,0.4418618013941,FALSE
2,"ICA (oracle)",NA,15,15,0.4573402010001,FALSE
2,"ICA (oracle)",NA,16,16,0.472211347150652,FALSE
2,"ICA (oracle)",NA,17,17,0.486556093031787,FALSE
2,"ICA (oracle)",NA,18,18,0.500339619284292,FALSE
2,"ICA (oracle)",NA,19,19,0.513585071355176,FALSE
2,"ICA (oracle)",NA,20,20,0.526237918221853,FALSE
2,"ICA (oracle)",NA,21,21,0.538536029501225,FALSE
2,"ICA (oracle)",NA,22,22,0.55038360731432,FALSE
2,"ICA (oracle)",NA,23,23,0.561922711003727,FALSE
2,"ICA (oracle)",NA,24,24,0.573163481112721,FALSE
2,"ICA (oracle)",NA,25,25,0.584106730210938,FALSE
2,"ICA (oracle)",NA,26,26,0.594789402389585,FALSE
2,"ICA (oracle)",NA,27,27,0.605187721298847,FALSE
2,"ICA (oracle)",NA,28,28,0.615346644204648,FALSE
2,"ICA (oracle)",NA,29,29,0.625287193576178,FALSE
2,"ICA (oracle)",NA,30,30,0.635023417817031,FALSE
2,"SoftImpute (oracle)",1,0,0,0.804459994259563,NA
2,"SoftImpute (oracle)",1,1,1,0.494167822786323,NA
2,"SoftImpute (oracle)",1,2,2,0.344275193416964,NA
2,"SoftImpute (oracle)",1,3,3,0.175613757449413,NA
2,"SoftImpute (oracle)",1,4,4,0.21532687191671,NA
2,"SoftImpute (oracle)",1,5,5,0.247762691020882,NA
2,"SoftImpute (oracle)",1,6,6,0.276329566043152,NA
2,"SoftImpute (oracle)",1,7,7,0.301800713856071,NA
2,"SoftImpute (oracle)",1,8,8,0.324991780129986,NA
2,"SoftImpute (oracle)",1,9,9,0.346582942743332,NA
2,"SoftImpute (oracle)",1,10,10,0.366401992273581,NA
2,"SoftImpute (oracle)",1,11,11,0.385023565410836,NA
2,"SoftImpute (oracle)",1,12,12,0.402499502437578,NA
2,"SoftImpute (oracle)",1,13,13,0.418991573030916,NA
2,"SoftImpute (oracle)",1,14,14,0.434734450151095,NA
2,"SoftImpute (oracle)",1,15,15,0.449877369538736,NA
2,"SoftImpute (oracle)",1,16,16,0.464426894635182,NA
2,"SoftImpute (oracle)",1,17,17,0.4784622746293,NA
2,"SoftImpute (oracle)",1,18,18,0.491947618501696,NA
2,"SoftImpute (oracle)",1,19,19,0.504905026664961,NA
2,"SoftImpute (oracle)",1,20,20,0.517279267506912,NA
2,"SoftImpute (oracle)",1,21,21,0.529306898728831,NA
2,"SoftImpute (oracle)",1,22,22,0.540891757909172,NA
2,"SoftImpute (oracle)",1,23,23,0.552175022666238,NA
2,"SoftImpute (oracle)",1,24,24,0.563166352132197,NA
2,"SoftImpute (oracle)",1,25,25,0.573866152285143,NA
2,"SoftImpute (oracle)",1,26,26,0.584310918801457,NA
2,"SoftImpute (oracle)",1,27,27,0.594476610013299,NA
2,"SoftImpute (oracle)",1,28,28,0.604407786304972,NA
2,"SoftImpute (oracle)",1,29,29,0.614125161267219,NA
2,"SoftImpute (oracle)",1,30,30,0.623642516433995,NA
3,"PCA (oracle)",NA,0,0,0.732933969667366,NA
3,"PCA (oracle)",NA,1,1,0.468589795041747,NA
3,"PCA (oracle)",NA,2,2,0.327291875996829,NA
3,"PCA (oracle)",NA,3,3,0.175786365162496,NA
3,"PCA (oracle)",NA,4,4,0.215972236026674,NA
3,"PCA (oracle)",NA,5,5,0.249352066194744,NA
3,"PCA (oracle)",NA,6,6,0.278453305243874,NA
3,"PCA (oracle)",NA,7,7,0.304365798183579,NA
3,"PCA (oracle)",NA,8,8,0.327867621879625,NA
3,"PCA (oracle)",NA,9,9,0.349438372586512,NA
3,"PCA (oracle)",NA,10,10,0.369555519852536,NA
3,"PCA (oracle)",NA,11,11,0.388622651900494,NA
3,"PCA (oracle)",NA,12,12,0.406612403264118,NA
3,"PCA (oracle)",NA,13,13,0.423484078210777,NA
3,"PCA (oracle)",NA,14,14,0.43973462088228,NA
3,"PCA (oracle)",NA,15,15,0.45501626488803,NA
3,"PCA (oracle)",NA,16,16,0.469657472354155,NA
3,"PCA (oracle)",NA,17,17,0.483788077746276,NA
3,"PCA (oracle)",NA,18,18,0.497500800645338,NA
3,"PCA (oracle)",NA,19,19,0.510698970325909,NA
3,"PCA (oracle)",NA,20,20,0.523531329006554,NA
3,"PCA (oracle)",NA,21,21,0.535977563046476,NA
3,"PCA (oracle)",NA,22,22,0.548061754033617,NA
3,"PCA (oracle)",NA,23,23,0.559764648283577,NA
3,"PCA (oracle)",NA,24,24,0.571157274992448,NA
3,"PCA (oracle)",NA,25,25,0.582125495707774,NA
3,"PCA (oracle)",NA,26,26,0.592816680425834,NA
3,"PCA (oracle)",NA,27,27,0.603264596037682,NA
3,"PCA (oracle)",NA,28,28,0.613442824023298,NA
3,"PCA (oracle)",NA,29,29,0.623408367370216,NA
3,"PCA (oracle)",NA,30,30,0.633128226377814,NA
3,"ICA (oracle)",NA,0,0,0.732933969667366,NA
3,"ICA (oracle)",NA,1,1,0.468589795041747,TRUE
3,"ICA (oracle)",NA,2,2,0.327291875996829,TRUE
3,"ICA (oracle)",NA,3,3,0.175786365162496,TRUE
3,"ICA (oracle)",NA,4,4,0.215972236026674,TRUE
3,"ICA (oracle)",NA,5,5,0.249352066194744,FALSE
3,"ICA (oracle)",NA,6,6,0.278453305243873,TRUE
3,"ICA (oracle)",NA,7,7,0.304365798183579,FALSE
3,"ICA (oracle)",NA,8,8,0.327867621879625,FALSE
3,"ICA (oracle)",NA,9,9,0.349438372586511,FALSE
3,"ICA (oracle)",NA,10,10,0.369555519852537,FALSE
3,"ICA (oracle)",NA,11,11,0.388622651900494,FALSE
3,"ICA (oracle)",NA,12,12,0.406612403264118,FALSE
3,"ICA (oracle)",NA,13,13,0.423484078210777,FALSE
3,"ICA (oracle)",NA,14,14,0.43973462088228,FALSE
3,"ICA (oracle)",NA,15,15,0.45501626488803,FALSE
3,"ICA (oracle)",NA,16,16,0.469657472354155,FALSE
3,"ICA (oracle)",NA,17,17,0.483788077746276,FALSE
3,"ICA (oracle)",NA,18,18,0.497500800645338,FALSE
3,"ICA (oracle)",NA,19,19,0.510698970325909,FALSE
3,"ICA (oracle)",NA,20,20,0.523531329006553,FALSE
3,"ICA (oracle)",NA,21,21,0.535977563046476,FALSE
3,"ICA (oracle)",NA,22,22,0.548061754033617,FALSE
3,"ICA (oracle)",NA,23,23,0.559764648283576,FALSE
3,"ICA (oracle)",NA,24,24,0.571157274992448,FALSE
3,"ICA (oracle)",NA,25,25,0.582125495707773,FALSE
3,"ICA (oracle)",NA,26,26,0.592816680425833,FALSE
3,"ICA (oracle)",NA,27,27,0.603264596037682,FALSE
3,"ICA (oracle)",NA,28,28,0.613442824023298,FALSE
3,"ICA (oracle)",NA,29,29,0.623408367370216,FALSE
3,"ICA (oracle)",NA,30,30,0.633128226377814,FALSE
3,"SoftImpute (oracle)",1,0,0,0.732933969667366,NA
3,"SoftImpute (oracle)",1,1,1,0.468525681338456,NA
3,"SoftImpute (oracle)",1,2,2,0.327034653380039,NA
3,"SoftImpute (oracle)",1,3,3,0.174880949678881,NA
3,"SoftImpute (oracle)",1,4,4,0.213940132648535,NA
3,"SoftImpute (oracle)",1,5,5,0.246476099558961,NA
3,"SoftImpute (oracle)",1,6,6,0.274883621572956,NA
3,"SoftImpute (oracle)",1,7,7,0.300197791831625,NA
3,"SoftImpute (oracle)",1,8,8,0.323167474951757,NA
3,"SoftImpute (oracle)",1,9,9,0.344255225576622,NA
3,"SoftImpute (oracle)",1,10,10,0.363927076031773,NA
3,"SoftImpute (oracle)",1,11,11,0.382578744716097,NA
3,"SoftImpute (oracle)",1,12,12,0.400178301910664,NA
3,"SoftImpute (oracle)",1,13,13,0.416681583861362,NA
3,"SoftImpute (oracle)",1,14,14,0.432581367816147,NA
3,"SoftImpute (oracle)",1,15,15,0.447528730882026,NA
3,"SoftImpute (oracle)",1,16,16,0.46184949105132,NA
3,"SoftImpute (oracle)",1,17,17,0.475671761173574,NA
3,"SoftImpute (oracle)",1,18,18,0.489086900579271,NA
3,"SoftImpute (oracle)",1,19,19,0.501997521762913,NA
3,"SoftImpute (oracle)",1,20,20,0.514551187720975,NA
3,"SoftImpute (oracle)",1,21,21,0.526726937038134,NA
3,"SoftImpute (oracle)",1,22,22,0.53854818732541,NA
3,"SoftImpute (oracle)",1,23,23,0.549995195070442,NA
3,"SoftImpute (oracle)",1,24,24,0.561138361009334,NA
3,"SoftImpute (oracle)",1,25,25,0.571863392562338,NA
3,"SoftImpute (oracle)",1,26,26,0.582316951961488,NA
3,"SoftImpute (oracle)",1,27,27,0.592532410381813,NA
3,"SoftImpute (oracle)",1,28,28,0.602483119845303,NA
3,"SoftImpute (oracle)",1,29,29,0.612225692194387,NA
3,"SoftImpute (oracle)",1,30,30,0.621726967896222,NA
4,"PCA (oracle)",NA,0,0,0.785874378347808,NA
4,"PCA (oracle)",NA,1,1,0.514718536548664,NA
4,"PCA (oracle)",NA,2,2,0.354674085507424,NA
4,"PCA (oracle)",NA,3,3,0.17711957181939,NA
4,"PCA (oracle)",NA,4,4,0.216947378506248,NA
4,"PCA (oracle)",NA,5,5,0.249795041024798,NA
4,"PCA (oracle)",NA,6,6,0.278581352156585,NA
4,"PCA (oracle)",NA,7,7,0.304072705722998,NA
4,"PCA (oracle)",NA,8,8,0.327461303923871,NA
4,"PCA (oracle)",NA,9,9,0.349224006649946,NA
4,"PCA (oracle)",NA,10,10,0.369343304778643,NA
4,"PCA (oracle)",NA,11,11,0.388372464785022,NA
4,"PCA (oracle)",NA,12,12,0.406425543694047,NA
4,"PCA (oracle)",NA,13,13,0.423473259982926,NA
4,"PCA (oracle)",NA,14,14,0.439696184332813,NA
4,"PCA (oracle)",NA,15,15,0.455186846636712,NA
4,"PCA (oracle)",NA,16,16,0.470125237310084,NA
4,"PCA (oracle)",NA,17,17,0.484432944858564,NA
4,"PCA (oracle)",NA,18,18,0.498306359585702,NA
4,"PCA (oracle)",NA,19,19,0.511605711594849,NA
4,"PCA (oracle)",NA,20,20,0.524384928261826,NA
4,"PCA (oracle)",NA,21,21,0.536826756294824,NA
4,"PCA (oracle)",NA,22,22,0.548922622335761,NA
4,"PCA (oracle)",NA,23,23,0.560584472517883,NA
4,"PCA (oracle)",NA,24,24,0.571935647866903,NA
4,"PCA (oracle)",NA,25,25,0.582991402552476,NA
4,"PCA (oracle)",NA,26,26,0.593785536544476,NA
4,"PCA (oracle)",NA,27,27,0.604275119048396,NA
4,"PCA (oracle)",NA,28,28,0.614518863764366,NA
4,"PCA (oracle)",NA,29,29,0.624451365133664,NA
4,"PCA (oracle)",NA,30,30,0.634194718019488,NA
4,"ICA (oracle)",NA,0,0,0.785874378347808,NA
4,"ICA (oracle)",NA,1,1,0.514718536548664,TRUE
4,"ICA (oracle)",NA,2,2,0.354674085507425,TRUE
4,"ICA (oracle)",NA,3,3,0.17711957181939,TRUE
4,"ICA (oracle)",NA,4,4,0.216947378506248,TRUE
4,"ICA (oracle)",NA,5,5,0.249795041024799,TRUE
4,"ICA (oracle)",NA,6,6,0.278581352156585,TRUE
4,"ICA (oracle)",NA,7,7,0.304072705722998,TRUE
4,"ICA (oracle)",NA,8,8,0.327461303923872,FALSE
4,"ICA (oracle)",NA,9,9,0.349224006649946,FALSE
4,"ICA (oracle)",NA,10,10,0.369343304778643,FALSE
4,"ICA (oracle)",NA,11,11,0.388372464785023,FALSE
4,"ICA (oracle)",NA,12,12,0.406425543694047,FALSE
4,"ICA (oracle)",NA,13,13,0.423473259982926,FALSE
4,"ICA (oracle)",NA,14,14,0.439696184332814,FALSE
4,"ICA (oracle)",NA,15,15,0.455186846636712,FALSE
4,"ICA (oracle)",NA,16,16,0.470125237310085,FALSE
4,"ICA (oracle)",NA,17,17,0.484432944858564,FALSE
4,"ICA (oracle)",NA,18,18,0.498306359585702,FALSE
4,"ICA (oracle)",NA,19,19,0.511605711594849,FALSE
4,"ICA (oracle)",NA,20,20,0.524384928261826,FALSE
4,"ICA (oracle)",NA,21,21,0.536826756294824,FALSE
4,"ICA (oracle)",NA,22,22,0.548922622335761,FALSE
4,"ICA (oracle)",NA,23,23,0.560584472517883,FALSE
4,"ICA (oracle)",NA,24,24,0.571935647866904,FALSE
4,"ICA (oracle)",NA,25,25,0.582991402552476,FALSE
4,"ICA (oracle)",NA,26,26,0.593785536544476,FALSE
4,"ICA (oracle)",NA,27,27,0.604275119048396,FALSE
4,"ICA (oracle)",NA,28,28,0.614518863764366,FALSE
4,"ICA (oracle)",NA,29,29,0.624451365133664,FALSE
4,"ICA (oracle)",NA,30,30,0.634194718019488,FALSE
4,"SoftImpute (oracle)",1,0,0,0.785874378347808,NA
4,"SoftImpute (oracle)",1,1,1,0.514660237745653,NA
4,"SoftImpute (oracle)",1,2,2,0.354438631345241,NA
4,"SoftImpute (oracle)",1,3,3,0.176314435621686,NA
4,"SoftImpute (oracle)",1,4,4,0.215003111154334,NA
4,"SoftImpute (oracle)",1,5,5,0.246999989744693,NA
4,"SoftImpute (oracle)",1,6,6,0.27508627512439,NA
4,"SoftImpute (oracle)",1,7,7,0.299975121607261,NA
4,"SoftImpute (oracle)",1,8,8,0.322826963819015,NA
4,"SoftImpute (oracle)",1,9,9,0.344101792462892,NA
4,"SoftImpute (oracle)",1,10,10,0.363772449260749,NA
4,"SoftImpute (oracle)",1,11,11,0.382383426554471,NA
4,"SoftImpute (oracle)",1,12,12,0.400043671603594,NA
4,"SoftImpute (oracle)",1,13,13,0.416720386405675,NA
4,"SoftImpute (oracle)",1,14,14,0.432590803792901,NA
4,"SoftImpute (oracle)",1,15,15,0.44774500802963,NA
4,"SoftImpute (oracle)",1,16,16,0.462360765176842,NA
4,"SoftImpute (oracle)",1,17,17,0.476358455172805,NA
4,"SoftImpute (oracle)",1,18,18,0.489932792289888,NA
4,"SoftImpute (oracle)",1,19,19,0.50294336427624,NA
4,"SoftImpute (oracle)",1,20,20,0.515443115914826,NA
4,"SoftImpute (oracle)",1,21,21,0.527613629975855,NA
4,"SoftImpute (oracle)",1,22,22,0.539445749211896,NA
4,"SoftImpute (oracle)",1,23,23,0.550851086450602,NA
4,"SoftImpute (oracle)",1,24,24,0.561952217767572,NA
4,"SoftImpute (oracle)",1,25,25,0.572763949555791,NA
4,"SoftImpute (oracle)",1,26,26,0.583319638220642,NA
4,"SoftImpute (oracle)",1,27,27,0.593576123754385,NA
4,"SoftImpute (oracle)",1,28,28,0.603591689750965,NA
4,"SoftImpute (oracle)",1,29,29,0.613300817920519,NA
4,"SoftImpute (oracle)",1,30,30,0.622825079258959,NA
5,"PCA (oracle)",NA,0,0,0.7876708618578,NA
5,"PCA (oracle)",NA,1,1,0.466450519661417,NA
5,"PCA (oracle)",NA,2,2,0.331386371246747,NA
5,"PCA (oracle)",NA,3,3,0.177453865832659,NA
5,"PCA (oracle)",NA,4,4,0.218214626124373,NA
5,"PCA (oracle)",NA,5,5,0.251362995807068,NA
5,"PCA (oracle)",NA,6,6,0.28043481492433,NA
5,"PCA (oracle)",NA,7,7,0.306481375574325,NA
5,"PCA (oracle)",NA,8,8,0.330273270875877,NA
5,"PCA (oracle)",NA,9,9,0.352152283073993,NA
5,"PCA (oracle)",NA,10,10,0.372320312701928,NA
5,"PCA (oracle)",NA,11,11,0.391267675688606,NA
5,"PCA (oracle)",NA,12,12,0.409218758969337,NA
5,"PCA (oracle)",NA,13,13,0.426293593311229,NA
5,"PCA (oracle)",NA,14,14,0.442466064142888,NA
5,"PCA (oracle)",NA,15,15,0.457987758031585,NA
5,"PCA (oracle)",NA,16,16,0.472917626105159,NA
5,"PCA (oracle)",NA,17,17,0.487253937536187,NA
5,"PCA (oracle)",NA,18,18,0.501080565036541,NA
5,"PCA (oracle)",NA,19,19,0.514426776807113,NA
5,"PCA (oracle)",NA,20,20,0.52734710773651,NA
5,"PCA (oracle)",NA,21,21,0.539885224997977,NA
5,"PCA (oracle)",NA,22,22,0.551989040557549,NA
5,"PCA (oracle)",NA,23,23,0.563777224418818,NA
5,"PCA (oracle)",NA,24,24,0.575197695608811,NA
5,"PCA (oracle)",NA,25,25,0.586350488604305,NA
5,"PCA (oracle)",NA,26,26,0.597197553542151,NA
5,"PCA (oracle)",NA,27,27,0.607710990818758,NA
5,"PCA (oracle)",NA,28,28,0.617906543076939,NA
5,"PCA (oracle)",NA,29,29,0.627872140701906,NA
5,"PCA (oracle)",NA,30,30,0.637631885787024,NA
5,"ICA (oracle)",NA,0,0,0.7876708618578,NA
5,"ICA (oracle)",NA,1,1,0.466450519661417,TRUE
5,"ICA (oracle)",NA,2,2,0.331386371246747,TRUE
5,"ICA (oracle)",NA,3,3,0.177453865832659,TRUE
5,"ICA (oracle)",NA,4,4,0.218214626124373,TRUE
5,"ICA (oracle)",NA,5,5,0.251362995807068,TRUE
5,"ICA (oracle)",NA,6,6,0.28043481492433,TRUE
5,"ICA (oracle)",NA,7,7,0.306481375574325,FALSE
5,"ICA (oracle)",NA,8,8,0.330273270875876,FALSE
5,"ICA (oracle)",NA,9,9,0.352152283073993,FALSE
5,"ICA (oracle)",NA,10,10,0.372320312701928,FALSE
5,"ICA (oracle)",NA,11,11,0.391267675688607,FALSE
5,"ICA (oracle)",NA,12,12,0.409218758969336,FALSE
5,"ICA (oracle)",NA,13,13,0.426293593311229,TRUE
5,"ICA (oracle)",NA,14,14,0.442466064142888,FALSE
5,"ICA (oracle)",NA,15,15,0.457987758031585,FALSE
5,"ICA (oracle)",NA,16,16,0.47291762610516,FALSE
5,"ICA (oracle)",NA,17,17,0.487253937536187,FALSE
5,"ICA (oracle)",NA,18,18,0.501080565036541,FALSE
5,"ICA (oracle)",NA,19,19,0.514426776807114,FALSE
5,"ICA (oracle)",NA,20,20,0.52734710773651,FALSE
5,"ICA (oracle)",NA,21,21,0.539885224997976,FALSE
5,"ICA (oracle)",NA,22,22,0.551989040557548,FALSE
5,"ICA (oracle)",NA,23,23,0.563777224418818,FALSE
5,"ICA (oracle)",NA,24,24,0.575197695608811,FALSE
5,"ICA (oracle)",NA,25,25,0.586350488604305,FALSE
5,"ICA (oracle)",NA,26,26,0.597197553542151,FALSE
5,"ICA (oracle)",NA,27,27,0.607710990818758,FALSE
5,"ICA (oracle)",NA,28,28,0.617906543076939,FALSE
5,"ICA (oracle)",NA,29,29,0.627872140701906,FALSE
5,"ICA (oracle)",NA,30,30,0.637631885787024,FALSE
5,"SoftImpute (oracle)",1,0,0,0.7876708618578,NA
5,"SoftImpute (oracle)",1,1,1,0.466396398586304,NA
5,"SoftImpute (oracle)",1,2,2,0.331133140081636,NA
5,"SoftImpute (oracle)",1,3,3,0.176612150741141,NA
5,"SoftImpute (oracle)",1,4,4,0.216232885603669,NA
5,"SoftImpute (oracle)",1,5,5,0.248534580323732,NA
5,"SoftImpute (oracle)",1,6,6,0.276909197167814,NA
5,"SoftImpute (oracle)",1,7,7,0.302353950062605,NA
5,"SoftImpute (oracle)",1,8,8,0.325610294200513,NA
5,"SoftImpute (oracle)",1,9,9,0.34700346247306,NA
5,"SoftImpute (oracle)",1,10,10,0.366724706728328,NA
5,"SoftImpute (oracle)",1,11,11,0.385255845228783,NA
5,"SoftImpute (oracle)",1,12,12,0.402815808257618,NA
5,"SoftImpute (oracle)",1,13,13,0.419520741169301,NA
5,"SoftImpute (oracle)",1,14,14,0.435341872810935,NA
5,"SoftImpute (oracle)",1,15,15,0.450527920717294,NA
5,"SoftImpute (oracle)",1,16,16,0.465135977116412,NA
5,"SoftImpute (oracle)",1,17,17,0.479162914711229,NA
5,"SoftImpute (oracle)",1,18,18,0.492691226178726,NA
5,"SoftImpute (oracle)",1,19,19,0.505749130274304,NA
5,"SoftImpute (oracle)",1,20,20,0.518390200400812,NA
5,"SoftImpute (oracle)",1,21,21,0.53065729212064,NA
5,"SoftImpute (oracle)",1,22,22,0.542497823766968,NA
5,"SoftImpute (oracle)",1,23,23,0.554029652268664,NA
5,"SoftImpute (oracle)",1,24,24,0.5652003487589,NA
5,"SoftImpute (oracle)",1,25,25,0.576109304996768,NA
5,"SoftImpute (oracle)",1,26,26,0.586718193345876,NA
5,"SoftImpute (oracle)",1,27,27,0.596998848460807,NA
5,"SoftImpute (oracle)",1,28,28,0.60696668379387,NA
5,"SoftImpute (oracle)",1,29,29,0.61670916036467,NA
5,"SoftImpute (oracle)",1,30,30,0.626250089163304,NA
6,"PCA (oracle)",NA,0,0,0.806341485179964,NA
6,"PCA (oracle)",NA,1,1,0.523781720241018,NA
6,"PCA (oracle)",NA,2,2,0.37544727626572,NA
6,"PCA (oracle)",NA,3,3,0.176677377307789,NA
6,"PCA (oracle)",NA,4,4,0.217137441258081,NA
6,"PCA (oracle)",NA,5,5,0.250422063119155,NA
6,"PCA (oracle)",NA,6,6,0.279620471871186,NA
6,"PCA (oracle)",NA,7,7,0.305397148863062,NA
6,"PCA (oracle)",NA,8,8,0.328712705959128,NA
6,"PCA (oracle)",NA,9,9,0.35020477789938,NA
6,"PCA (oracle)",NA,10,10,0.370204617956718,NA
6,"PCA (oracle)",NA,11,11,0.389059065159249,NA
6,"PCA (oracle)",NA,12,12,0.406821834505196,NA
6,"PCA (oracle)",NA,13,13,0.423786403142768,NA
6,"PCA (oracle)",NA,14,14,0.439906250865179,NA
6,"PCA (oracle)",NA,15,15,0.45528923522194,NA
6,"PCA (oracle)",NA,16,16,0.470120679437876,NA
6,"PCA (oracle)",NA,17,17,0.484332674867268,NA
6,"PCA (oracle)",NA,18,18,0.498063171967531,NA
6,"PCA (oracle)",NA,19,19,0.511346016309983,NA
6,"PCA (oracle)",NA,20,20,0.524134429891024,NA
6,"PCA (oracle)",NA,21,21,0.536485485707454,NA
6,"PCA (oracle)",NA,22,22,0.548545097438709,NA
6,"PCA (oracle)",NA,23,23,0.560324457845306,NA
6,"PCA (oracle)",NA,24,24,0.571773156571785,NA
6,"PCA (oracle)",NA,25,25,0.582852198095488,NA
6,"PCA (oracle)",NA,26,26,0.593650471192519,NA
6,"PCA (oracle)",NA,27,27,0.60413172067074,NA
6,"PCA (oracle)",NA,28,28,0.614348179267744,NA
6,"PCA (oracle)",NA,29,29,0.624334767110807,NA
6,"PCA (oracle)",NA,30,30,0.634133416977116,NA
6,"ICA (oracle)",NA,0,0,0.806341485179964,NA
6,"ICA (oracle)",NA,1,1,0.523781720241018,TRUE
6,"ICA (oracle)",NA,2,2,0.37544727626572,TRUE
6,"ICA (oracle)",NA,3,3,0.176677377307789,TRUE
6,"ICA (oracle)",NA,4,4,0.217137441258081,TRUE
6,"ICA (oracle)",NA,5,5,0.250422063119155,TRUE
6,"ICA (oracle)",NA,6,6,0.279620471871185,TRUE
6,"ICA (oracle)",NA,7,7,0.305397148863062,TRUE
6,"ICA (oracle)",NA,8,8,0.328712705959128,FALSE
6,"ICA (oracle)",NA,9,9,0.35020477789938,FALSE
6,"ICA (oracle)",NA,10,10,0.370204617956718,FALSE
6,"ICA (oracle)",NA,11,11,0.38905906515925,FALSE
6,"ICA (oracle)",NA,12,12,0.406821834505196,FALSE
6,"ICA (oracle)",NA,13,13,0.423786403142768,FALSE
6,"ICA (oracle)",NA,14,14,0.439906250865179,FALSE
6,"ICA (oracle)",NA,15,15,0.45528923522194,FALSE
6,"ICA (oracle)",NA,16,16,0.470120679437876,FALSE
6,"ICA (oracle)",NA,17,17,0.484332674867269,FALSE
6,"ICA (oracle)",NA,18,18,0.498063171967531,FALSE
6,"ICA (oracle)",NA,19,19,0.511346016309983,FALSE
6,"ICA (oracle)",NA,20,20,0.524134429891025,FALSE
6,"ICA (oracle)",NA,21,21,0.536485485707454,FALSE
6,"ICA (oracle)",NA,22,22,0.548545097438708,FALSE
6,"ICA (oracle)",NA,23,23,0.560324457845306,FALSE
6,"ICA (oracle)",NA,24,24,0.571773156571785,FALSE
6,"ICA (oracle)",NA,25,25,0.582852198095488,FALSE
6,"ICA (oracle)",NA,26,26,0.593650471192519,FALSE
6,"ICA (oracle)",NA,27,27,0.604131720670739,FALSE
6,"ICA (oracle)",NA,28,28,0.614348179267743,FALSE
6,"ICA (oracle)",NA,29,29,0.624334767110807,FALSE
6,"ICA (oracle)",NA,30,30,0.634133416977115,FALSE
6,"SoftImpute (oracle)",1,0,0,0.806341485179964,NA
6,"SoftImpute (oracle)",1,1,1,0.523722584569334,NA
6,"SoftImpute (oracle)",1,2,2,0.375210536034659,NA
6,"SoftImpute (oracle)",1,3,3,0.175851955141472,NA
6,"SoftImpute (oracle)",1,4,4,0.215170093408125,NA
6,"SoftImpute (oracle)",1,5,5,0.24760414334425,NA
6,"SoftImpute (oracle)",1,6,6,0.276102984430725,NA
6,"SoftImpute (oracle)",1,7,7,0.301278094555874,NA
6,"SoftImpute (oracle)",1,8,8,0.324059158494675,NA
6,"SoftImpute (oracle)",1,9,9,0.345065894243357,NA
6,"SoftImpute (oracle)",1,10,10,0.364618617136151,NA
6,"SoftImpute (oracle)",1,11,11,0.383056332163391,NA
6,"SoftImpute (oracle)",1,12,12,0.40042785669515,NA
6,"SoftImpute (oracle)",1,13,13,0.417022197635734,NA
6,"SoftImpute (oracle)",1,14,14,0.432790273684123,NA
6,"SoftImpute (oracle)",1,15,15,0.447837466850233,NA
6,"SoftImpute (oracle)",1,16,16,0.462346873671906,NA
6,"SoftImpute (oracle)",1,17,17,0.476249366723006,NA
6,"SoftImpute (oracle)",1,18,18,0.489681368993042,NA
6,"SoftImpute (oracle)",1,19,19,0.502675670631303,NA
6,"SoftImpute (oracle)",1,20,20,0.515184775555909,NA
6,"SoftImpute (oracle)",1,21,21,0.527264898495333,NA
6,"SoftImpute (oracle)",1,22,22,0.539060992451118,NA
6,"SoftImpute (oracle)",1,23,23,0.550583704541065,NA
6,"SoftImpute (oracle)",1,24,24,0.561782273471193,NA
6,"SoftImpute (oracle)",1,25,25,0.572617370960658,NA
6,"SoftImpute (oracle)",1,26,26,0.583177315506933,NA
6,"SoftImpute (oracle)",1,27,27,0.593425607269037,NA
6,"SoftImpute (oracle)",1,28,28,0.60341406245012,NA
6,"SoftImpute (oracle)",1,29,29,0.613177257407754,NA
6,"SoftImpute (oracle)",1,30,30,0.622756793378183,NA
7,"PCA (oracle)",NA,0,0,0.734851118401117,NA
7,"PCA (oracle)",NA,1,1,0.496387138177824,NA
7,"PCA (oracle)",NA,2,2,0.33958973074446,NA
7,"PCA (oracle)",NA,3,3,0.176995418271805,NA
7,"PCA (oracle)",NA,4,4,0.217725239443811,NA
7,"PCA (oracle)",NA,5,5,0.251434082637055,NA
7,"PCA (oracle)",NA,6,6,0.280279321424144,NA
7,"PCA (oracle)",NA,7,7,0.306192640760533,NA
7,"PCA (oracle)",NA,8,8,0.329709068976233,NA
7,"PCA (oracle)",NA,9,9,0.351355668668304,NA
7,"PCA (oracle)",NA,10,10,0.371591924268433,NA
7,"PCA (oracle)",NA,11,11,0.390589415171892,NA
7,"PCA (oracle)",NA,12,12,0.408421943890034,NA
7,"PCA (oracle)",NA,13,13,0.425305412831483,NA
7,"PCA (oracle)",NA,14,14,0.441505810487839,NA
7,"PCA (oracle)",NA,15,15,0.457033001285704,NA
7,"PCA (oracle)",NA,16,16,0.471852070308264,NA
7,"PCA (oracle)",NA,17,17,0.486015028339252,NA
7,"PCA (oracle)",NA,18,18,0.499595208439638,NA
7,"PCA (oracle)",NA,19,19,0.51271029865164,NA
7,"PCA (oracle)",NA,20,20,0.525395976611565,NA
7,"PCA (oracle)",NA,21,21,0.537775085514545,NA
7,"PCA (oracle)",NA,22,22,0.54978010189276,NA
7,"PCA (oracle)",NA,23,23,0.561329547703401,NA
7,"PCA (oracle)",NA,24,24,0.572618957141713,NA
7,"PCA (oracle)",NA,25,25,0.583603548955927,NA
7,"PCA (oracle)",NA,26,26,0.594305385629475,NA
7,"PCA (oracle)",NA,27,27,0.604736760739362,NA
7,"PCA (oracle)",NA,28,28,0.614919967292412,NA
7,"PCA (oracle)",NA,29,29,0.624843304901968,NA
7,"PCA (oracle)",NA,30,30,0.634448615118475,NA
7,"ICA (oracle)",NA,0,0,0.734851118401117,NA
7,"ICA (oracle)",NA,1,1,0.496387138177824,TRUE
7,"ICA (oracle)",NA,2,2,0.33958973074446,TRUE
7,"ICA (oracle)",NA,3,3,0.176995418271804,TRUE
7,"ICA (oracle)",NA,4,4,0.217725239443811,TRUE
7,"ICA (oracle)",NA,5,5,0.251434082637054,TRUE
7,"ICA (oracle)",NA,6,6,0.280279321424144,TRUE
7,"ICA (oracle)",NA,7,7,0.306192640760533,TRUE
7,"ICA (oracle)",NA,8,8,0.329709068976233,TRUE
7,"ICA (oracle)",NA,9,9,0.351355668668304,FALSE
7,"ICA (oracle)",NA,10,10,0.371591924268433,FALSE
7,"ICA (oracle)",NA,11,11,0.390589415171892,FALSE
7,"ICA (oracle)",NA,12,12,0.408421943890034,FALSE
7,"ICA (oracle)",NA,13,13,0.425305412831483,FALSE
7,"ICA (oracle)",NA,14,14,0.441505810487839,FALSE
7,"ICA (oracle)",NA,15,15,0.457033001285704,FALSE
7,"ICA (oracle)",NA,16,16,0.471852070308265,FALSE
7,"ICA (oracle)",NA,17,17,0.486015028339252,FALSE
7,"ICA (oracle)",NA,18,18,0.499595208439638,FALSE
7,"ICA (oracle)",NA,19,19,0.51271029865164,FALSE
7,"ICA (oracle)",NA,20,20,0.525395976611565,FALSE
7,"ICA (oracle)",NA,21,21,0.537775085514545,FALSE
7,"ICA (oracle)",NA,22,22,0.54978010189276,FALSE
7,"ICA (oracle)",NA,23,23,0.561329547703401,FALSE
7,"ICA (oracle)",NA,24,24,0.572618957141713,FALSE
7,"ICA (oracle)",NA,25,25,0.583603548955926,FALSE
7,"ICA (oracle)",NA,26,26,0.594305385629476,FALSE
7,"ICA (oracle)",NA,27,27,0.604736760739362,FALSE
7,"ICA (oracle)",NA,28,28,0.614919967292411,FALSE
7,"ICA (oracle)",NA,29,29,0.624843304901968,FALSE
7,"ICA (oracle)",NA,30,30,0.634448615118475,FALSE
7,"SoftImpute (oracle)",1,0,0,0.734851118401117,NA
7,"SoftImpute (oracle)",1,1,1,0.496300167077667,NA
7,"SoftImpute (oracle)",1,2,2,0.339324565137565,NA
7,"SoftImpute (oracle)",1,3,3,0.176159070812373,NA
7,"SoftImpute (oracle)",1,4,4,0.215747251585057,NA
7,"SoftImpute (oracle)",1,5,5,0.248604690172933,NA
7,"SoftImpute (oracle)",1,6,6,0.276754121423084,NA
7,"SoftImpute (oracle)",1,7,7,0.302066156814876,NA
7,"SoftImpute (oracle)",1,8,8,0.325048019978876,NA
7,"SoftImpute (oracle)",1,9,9,0.34620939582271,NA
7,"SoftImpute (oracle)",1,10,10,0.365998329777931,NA
7,"SoftImpute (oracle)",1,11,11,0.384579217038526,NA
7,"SoftImpute (oracle)",1,12,12,0.402020824237677,NA
7,"SoftImpute (oracle)",1,13,13,0.418534782588407,NA
7,"SoftImpute (oracle)",1,14,14,0.4343835794386,NA
7,"SoftImpute (oracle)",1,15,15,0.44957495408318,NA
7,"SoftImpute (oracle)",1,16,16,0.464072361704555,NA
7,"SoftImpute (oracle)",1,17,17,0.47792624961009,NA
7,"SoftImpute (oracle)",1,18,18,0.491208582729695,NA
7,"SoftImpute (oracle)",1,19,19,0.504035766717021,NA
7,"SoftImpute (oracle)",1,20,20,0.51644257062919,NA
7,"SoftImpute (oracle)",1,21,21,0.528550836961085,NA
7,"SoftImpute (oracle)",1,22,22,0.540292609380902,NA
7,"SoftImpute (oracle)",1,23,23,0.551586071267096,NA
7,"SoftImpute (oracle)",1,24,24,0.562625814128793,NA
7,"SoftImpute (oracle)",1,25,25,0.573366760542066,NA
7,"SoftImpute (oracle)",1,26,26,0.583830557087771,NA
7,"SoftImpute (oracle)",1,27,27,0.594029144586391,NA
7,"SoftImpute (oracle)",1,28,28,0.603984472676757,NA
7,"SoftImpute (oracle)",1,29,29,0.613684606755759,NA
7,"SoftImpute (oracle)",1,30,30,0.623071289886997,NA
8,"PCA (oracle)",NA,0,0,0.804786302253003,NA
8,"PCA (oracle)",NA,1,1,0.50989044935684,NA
8,"PCA (oracle)",NA,2,2,0.373246543561659,NA
8,"PCA (oracle)",NA,3,3,0.176676112069397,NA
8,"PCA (oracle)",NA,4,4,0.217050193026256,NA
8,"PCA (oracle)",NA,5,5,0.250583091533947,NA
8,"PCA (oracle)",NA,6,6,0.279806110483181,NA
8,"PCA (oracle)",NA,7,7,0.305497383293288,NA
8,"PCA (oracle)",NA,8,8,0.329059522289081,NA
8,"PCA (oracle)",NA,9,9,0.35104042341172,NA
8,"PCA (oracle)",NA,10,10,0.371483308272113,NA
8,"PCA (oracle)",NA,11,11,0.390618643540503,NA
8,"PCA (oracle)",NA,12,12,0.408708074108132,NA
8,"PCA (oracle)",NA,13,13,0.425910572827426,NA
8,"PCA (oracle)",NA,14,14,0.442292984826985,NA
8,"PCA (oracle)",NA,15,15,0.457807061228836,NA
8,"PCA (oracle)",NA,16,16,0.472604877194374,NA
8,"PCA (oracle)",NA,17,17,0.48692506026689,NA
8,"PCA (oracle)",NA,18,18,0.500701162568319,NA
8,"PCA (oracle)",NA,19,19,0.513974196976874,NA
8,"PCA (oracle)",NA,20,20,0.526906995189904,NA
8,"PCA (oracle)",NA,21,21,0.539391490664881,NA
8,"PCA (oracle)",NA,22,22,0.551545545061452,NA
8,"PCA (oracle)",NA,23,23,0.563315861700081,NA
8,"PCA (oracle)",NA,24,24,0.574761600792166,NA
8,"PCA (oracle)",NA,25,25,0.585822217411733,NA
8,"PCA (oracle)",NA,26,26,0.596605667432069,NA
8,"PCA (oracle)",NA,27,27,0.607105816109997,NA
8,"PCA (oracle)",NA,28,28,0.61734713850589,NA
8,"PCA (oracle)",NA,29,29,0.627363726009222,NA
8,"PCA (oracle)",NA,30,30,0.637124518105931,NA
8,"ICA (oracle)",NA,0,0,0.804786302253003,NA
8,"ICA (oracle)",NA,1,1,0.50989044935684,TRUE
8,"ICA (oracle)",NA,2,2,0.373246543561659,TRUE
8,"ICA (oracle)",NA,3,3,0.176676112069397,TRUE
8,"ICA (oracle)",NA,4,4,0.217050193026256,TRUE
8,"ICA (oracle)",NA,5,5,0.250583091533947,TRUE
8,"ICA (oracle)",NA,6,6,0.279806110483181,TRUE
8,"ICA (oracle)",NA,7,7,0.305497383293288,FALSE
8,"ICA (oracle)",NA,8,8,0.329059522289081,FALSE
8,"ICA (oracle)",NA,9,9,0.351040423411721,FALSE
8,"ICA (oracle)",NA,10,10,0.371483308272113,FALSE
8,"ICA (oracle)",NA,11,11,0.390618643540503,FALSE
8,"ICA (oracle)",NA,12,12,0.408708074108132,FALSE
8,"ICA (oracle)",NA,13,13,0.425910572827426,FALSE
8,"ICA (oracle)",NA,14,14,0.442292984826985,FALSE
8,"ICA (oracle)",NA,15,15,0.457807061228836,FALSE
8,"ICA (oracle)",NA,16,16,0.472604877194375,FALSE
8,"ICA (oracle)",NA,17,17,0.48692506026689,FALSE
8,"ICA (oracle)",NA,18,18,0.500701162568319,FALSE
8,"ICA (oracle)",NA,19,19,0.513974196976874,FALSE
8,"ICA (oracle)",NA,20,20,0.526906995189904,FALSE
8,"ICA (oracle)",NA,21,21,0.539391490664881,FALSE
8,"ICA (oracle)",NA,22,22,0.551545545061452,FALSE
8,"ICA (oracle)",NA,23,23,0.563315861700081,FALSE
8,"ICA (oracle)",NA,24,24,0.574761600792166,FALSE
8,"ICA (oracle)",NA,25,25,0.585822217411732,FALSE
8,"ICA (oracle)",NA,26,26,0.596605667432069,FALSE
8,"ICA (oracle)",NA,27,27,0.607105816109997,FALSE
8,"ICA (oracle)",NA,28,28,0.61734713850589,FALSE
8,"ICA (oracle)",NA,29,29,0.627363726009222,FALSE
8,"ICA (oracle)",NA,30,30,0.637124518105931,FALSE
8,"SoftImpute (oracle)",1,0,0,0.804786302253003,NA
8,"SoftImpute (oracle)",1,1,1,0.509812787814629,NA
8,"SoftImpute (oracle)",1,2,2,0.372990217039509,NA
8,"SoftImpute (oracle)",1,3,3,0.175823420568418,NA
8,"SoftImpute (oracle)",1,4,4,0.215061300556421,NA
8,"SoftImpute (oracle)",1,5,5,0.24774471234928,NA
8,"SoftImpute (oracle)",1,6,6,0.276270243450803,NA
8,"SoftImpute (oracle)",1,7,7,0.301361971699592,NA
8,"SoftImpute (oracle)",1,8,8,0.324389764338123,NA
8,"SoftImpute (oracle)",1,9,9,0.345884568021048,NA
8,"SoftImpute (oracle)",1,10,10,0.365879882041595,NA
8,"SoftImpute (oracle)",1,11,11,0.384598631627714,NA
8,"SoftImpute (oracle)",1,12,12,0.402296794936668,NA
8,"SoftImpute (oracle)",1,13,13,0.419129303532063,NA
8,"SoftImpute (oracle)",1,14,14,0.435160072136495,NA
8,"SoftImpute (oracle)",1,15,15,0.450338800859273,NA
8,"SoftImpute (oracle)",1,16,16,0.464815394702918,NA
8,"SoftImpute (oracle)",1,17,17,0.478826450082724,NA
8,"SoftImpute (oracle)",1,18,18,0.492304541976311,NA
8,"SoftImpute (oracle)",1,19,19,0.505289602446806,NA
8,"SoftImpute (oracle)",1,20,20,0.517943254461682,NA
8,"SoftImpute (oracle)",1,21,21,0.530156981548977,NA
8,"SoftImpute (oracle)",1,22,22,0.542047756789259,NA
8,"SoftImpute (oracle)",1,23,23,0.553561873790138,NA
8,"SoftImpute (oracle)",1,24,24,0.56475788750378,NA
8,"SoftImpute (oracle)",1,25,25,0.575574976354536,NA
8,"SoftImpute (oracle)",1,26,26,0.586120480130067,NA
8,"SoftImpute (oracle)",1,27,27,0.596387953820312,NA
8,"SoftImpute (oracle)",1,28,28,0.606401524554244,NA
8,"SoftImpute (oracle)",1,29,29,0.616194944410189,NA
8,"SoftImpute (oracle)",1,30,30,0.625736987616808,NA
9,"PCA (oracle)",NA,0,0,0.810828138718337,NA
9,"PCA (oracle)",NA,1,1,0.48727749803604,NA
9,"PCA (oracle)",NA,2,2,0.34740724438448,NA
9,"PCA (oracle)",NA,3,3,0.176149004165686,NA
9,"PCA (oracle)",NA,4,4,0.216418071091452,NA
9,"PCA (oracle)",NA,5,5,0.249944501279267,NA
9,"PCA (oracle)",NA,6,6,0.279057965505904,NA
9,"PCA (oracle)",NA,7,7,0.304950049196514,NA
9,"PCA (oracle)",NA,8,8,0.3286796679922,NA
9,"PCA (oracle)",NA,9,9,0.35049608624551,NA
9,"PCA (oracle)",NA,10,10,0.370883388242944,NA
9,"PCA (oracle)",NA,11,11,0.390101748032011,NA
9,"PCA (oracle)",NA,12,12,0.408143358515095,NA
9,"PCA (oracle)",NA,13,13,0.425277388606614,NA
9,"PCA (oracle)",NA,14,14,0.441574764414711,NA
9,"PCA (oracle)",NA,15,15,0.457156030922446,NA
9,"PCA (oracle)",NA,16,16,0.472020426395929,NA
9,"PCA (oracle)",NA,17,17,0.486292788205485,NA
9,"PCA (oracle)",NA,18,18,0.500037361773092,NA
9,"PCA (oracle)",NA,19,19,0.513240591688429,NA
9,"PCA (oracle)",NA,20,20,0.526132058658195,NA
9,"PCA (oracle)",NA,21,21,0.538572159545122,NA
9,"PCA (oracle)",NA,22,22,0.550574180923581,NA
9,"PCA (oracle)",NA,23,23,0.562278665914791,NA
9,"PCA (oracle)",NA,24,24,0.573694055593323,NA
9,"PCA (oracle)",NA,25,25,0.584742457394824,NA
9,"PCA (oracle)",NA,26,26,0.59553032989072,NA
9,"PCA (oracle)",NA,27,27,0.60604754103961,NA
9,"PCA (oracle)",NA,28,28,0.616287527518447,NA
9,"PCA (oracle)",NA,29,29,0.6262501143598,NA
9,"PCA (oracle)",NA,30,30,0.636045709029876,NA
9,"ICA (oracle)",NA,0,0,0.810828138718337,NA
9,"ICA (oracle)",NA,1,1,0.48727749803604,TRUE
9,"ICA (oracle)",NA,2,2,0.34740724438448,TRUE
9,"ICA (oracle)",NA,3,3,0.176149004165686,TRUE
9,"ICA (oracle)",NA,4,4,0.216418071091452,TRUE
9,"ICA (oracle)",NA,5,5,0.249944501279267,TRUE
9,"ICA (oracle)",NA,6,6,0.279057965505904,FALSE
9,"ICA (oracle)",NA,7,7,0.304950049196514,FALSE
9,"ICA (oracle)",NA,8,8,0.3286796679922,TRUE
9,"ICA (oracle)",NA,9,9,0.35049608624551,FALSE
9,"ICA (oracle)",NA,10,10,0.370883388242944,FALSE
9,"ICA (oracle)",NA,11,11,0.390101748032011,FALSE
9,"ICA (oracle)",NA,12,12,0.408143358515095,FALSE
9,"ICA (oracle)",NA,13,13,0.425277388606614,FALSE
9,"ICA (oracle)",NA,14,14,0.441574764414711,FALSE
9,"ICA (oracle)",NA,15,15,0.457156030922446,FALSE
9,"ICA (oracle)",NA,16,16,0.472020426395929,FALSE
9,"ICA (oracle)",NA,17,17,0.486292788205485,FALSE
9,"ICA (oracle)",NA,18,18,0.500037361773092,FALSE
9,"ICA (oracle)",NA,19,19,0.513240591688429,FALSE
9,"ICA (oracle)",NA,20,20,0.526132058658196,FALSE
9,"ICA (oracle)",NA,21,21,0.538572159545122,FALSE
9,"ICA (oracle)",NA,22,22,0.550574180923581,FALSE
9,"ICA (oracle)",NA,23,23,0.562278665914791,FALSE
9,"ICA (oracle)",NA,24,24,0.573694055593323,FALSE
9,"ICA (oracle)",NA,25,25,0.584742457394823,FALSE
9,"ICA (oracle)",NA,26,26,0.59553032989072,FALSE
9,"ICA (oracle)",NA,27,27,0.60604754103961,FALSE
9,"ICA (oracle)",NA,28,28,0.616287527518447,FALSE
9,"ICA (oracle)",NA,29,29,0.6262501143598,FALSE
9,"ICA (oracle)",NA,30,30,0.636045709029876,FALSE
9,"SoftImpute (oracle)",1,0,0,0.810828138718337,NA
9,"SoftImpute (oracle)",1,1,1,0.4872252979918,NA
9,"SoftImpute (oracle)",1,2,2,0.347184165041478,NA
9,"SoftImpute (oracle)",1,3,3,0.17540583757414,NA
9,"SoftImpute (oracle)",1,4,4,0.21451860281174,NA
9,"SoftImpute (oracle)",1,5,5,0.247183127795481,NA
9,"SoftImpute (oracle)",1,6,6,0.275591356621151,NA
9,"SoftImpute (oracle)",1,7,7,0.300876801383873,NA
9,"SoftImpute (oracle)",1,8,8,0.324066760691771,NA
9,"SoftImpute (oracle)",1,9,9,0.345394083846703,NA
9,"SoftImpute (oracle)",1,10,10,0.365330956141278,NA
9,"SoftImpute (oracle)",1,11,11,0.384129877814112,NA
9,"SoftImpute (oracle)",1,12,12,0.401778177068264,NA
9,"SoftImpute (oracle)",1,13,13,0.418540495725906,NA
9,"SoftImpute (oracle)",1,14,14,0.434484762838722,NA
9,"SoftImpute (oracle)",1,15,15,0.449728984139071,NA
9,"SoftImpute (oracle)",1,16,16,0.464270639524341,NA
9,"SoftImpute (oracle)",1,17,17,0.47823279005601,NA
9,"SoftImpute (oracle)",1,18,18,0.491678333258538,NA
9,"SoftImpute (oracle)",1,19,19,0.504592755199944,NA
9,"SoftImpute (oracle)",1,20,20,0.51720423258115,NA
9,"SoftImpute (oracle)",1,21,21,0.529372799700929,NA
9,"SoftImpute (oracle)",1,22,22,0.541111086112592,NA
9,"SoftImpute (oracle)",1,23,23,0.552558754985432,NA
9,"SoftImpute (oracle)",1,24,24,0.563723765168851,NA
9,"SoftImpute (oracle)",1,25,25,0.574527991780538,NA
9,"SoftImpute (oracle)",1,26,26,0.585077272204327,NA
9,"SoftImpute (oracle)",1,27,27,0.595361171794461,NA
9,"SoftImpute (oracle)",1,28,28,0.605372848478452,NA
9,"SoftImpute (oracle)",1,29,29,0.615111862126517,NA
9,"SoftImpute (oracle)",1,30,30,0.624688121970446,NA
10,"PCA (oracle)",NA,0,0,0.76044190194313,NA
10,"PCA (oracle)",NA,1,1,0.467179818034845,NA
10,"PCA (oracle)",NA,2,2,0.332432852881062,NA
10,"PCA (oracle)",NA,3,3,0.175953704245393,NA
10,"PCA (oracle)",NA,4,4,0.216780011559392,NA
10,"PCA (oracle)",NA,5,5,0.250490565060568,NA
10,"PCA (oracle)",NA,6,6,0.279797815791973,NA
10,"PCA (oracle)",NA,7,7,0.306118111843023,NA
10,"PCA (oracle)",NA,8,8,0.329870944980115,NA
10,"PCA (oracle)",NA,9,9,0.35177941388375,NA
10,"PCA (oracle)",NA,10,10,0.372087606334281,NA
10,"PCA (oracle)",NA,11,11,0.391167019013843,NA
10,"PCA (oracle)",NA,12,12,0.409300092827756,NA
10,"PCA (oracle)",NA,13,13,0.42640417517968,NA
10,"PCA (oracle)",NA,14,14,0.442666450937743,NA
10,"PCA (oracle)",NA,15,15,0.458334809603659,NA
10,"PCA (oracle)",NA,16,16,0.473339197772579,NA
10,"PCA (oracle)",NA,17,17,0.48773795771357,NA
10,"PCA (oracle)",NA,18,18,0.501621310035352,NA
10,"PCA (oracle)",NA,19,19,0.514997160073675,NA
10,"PCA (oracle)",NA,20,20,0.527862989474488,NA
10,"PCA (oracle)",NA,21,21,0.540304199985662,NA
10,"PCA (oracle)",NA,22,22,0.552326586948403,NA
10,"PCA (oracle)",NA,23,23,0.564053852437476,NA
10,"PCA (oracle)",NA,24,24,0.575500100752225,NA
10,"PCA (oracle)",NA,25,25,0.586648423412953,NA
10,"PCA (oracle)",NA,26,26,0.597463468800456,NA
10,"PCA (oracle)",NA,27,27,0.608008214128979,NA
10,"PCA (oracle)",NA,28,28,0.618343754083401,NA
10,"PCA (oracle)",NA,29,29,0.628355684920782,NA
10,"PCA (oracle)",NA,30,30,0.638066754944567,NA
10,"ICA (oracle)",NA,0,0,0.76044190194313,NA
10,"ICA (oracle)",NA,1,1,0.467179818034845,TRUE
10,"ICA (oracle)",NA,2,2,0.332432852881062,TRUE
10,"ICA (oracle)",NA,3,3,0.175953704245393,TRUE
10,"ICA (oracle)",NA,4,4,0.216780011559392,TRUE
10,"ICA (oracle)",NA,5,5,0.250490565060568,TRUE
10,"ICA (oracle)",NA,6,6,0.279797815791973,FALSE
10,"ICA (oracle)",NA,7,7,0.306118111843023,TRUE
10,"ICA (oracle)",NA,8,8,0.329870944980115,FALSE
10,"ICA (oracle)",NA,9,9,0.351779413883751,FALSE
10,"ICA (oracle)",NA,10,10,0.372087606334282,FALSE
10,"ICA (oracle)",NA,11,11,0.391167019013844,FALSE
10,"ICA (oracle)",NA,12,12,0.409300092827756,FALSE
10,"ICA (oracle)",NA,13,13,0.42640417517968,FALSE
10,"ICA (oracle)",NA,14,14,0.442666450937744,FALSE
10,"ICA (oracle)",NA,15,15,0.458334809603659,FALSE
10,"ICA (oracle)",NA,16,16,0.473339197772579,FALSE
10,"ICA (oracle)",NA,17,17,0.487737957713571,FALSE
10,"ICA (oracle)",NA,18,18,0.501621310035352,FALSE
10,"ICA (oracle)",NA,19,19,0.514997160073675,FALSE
10,"ICA (oracle)",NA,20,20,0.527862989474489,FALSE
10,"ICA (oracle)",NA,21,21,0.540304199985662,FALSE
10,"ICA (oracle)",NA,22,22,0.552326586948403,FALSE
10,"ICA (oracle)",NA,23,23,0.564053852437476,FALSE
10,"ICA (oracle)",NA,24,24,0.575500100752226,FALSE
10,"ICA (oracle)",NA,25,25,0.586648423412953,FALSE
10,"ICA (oracle)",NA,26,26,0.597463468800456,FALSE
10,"ICA (oracle)",NA,27,27,0.608008214128979,FALSE
10,"ICA (oracle)",NA,28,28,0.618343754083401,FALSE
10,"ICA (oracle)",NA,29,29,0.628355684920782,FALSE
10,"ICA (oracle)",NA,30,30,0.638066754944567,FALSE
10,"SoftImpute (oracle)",1,0,0,0.76044190194313,NA
10,"SoftImpute (oracle)",1,1,1,0.467134345471711,NA
10,"SoftImpute (oracle)",1,2,2,0.332176596392404,NA
10,"SoftImpute (oracle)",1,3,3,0.175084699361101,NA
10,"SoftImpute (oracle)",1,4,4,0.214772520180602,NA
10,"SoftImpute (oracle)",1,5,5,0.247634613228956,NA
10,"SoftImpute (oracle)",1,6,6,0.276245685077625,NA
10,"SoftImpute (oracle)",1,7,7,0.301964889931242,NA
10,"SoftImpute (oracle)",1,8,8,0.325184059245962,NA
10,"SoftImpute (oracle)",1,9,9,0.34660795342192,NA
10,"SoftImpute (oracle)",1,10,10,0.36647002400112,NA
10,"SoftImpute (oracle)",1,11,11,0.385133812463759,NA
10,"SoftImpute (oracle)",1,12,12,0.402876145996464,NA
10,"SoftImpute (oracle)",1,13,13,0.419611090185826,NA
10,"SoftImpute (oracle)",1,14,14,0.43552252951261,NA
10,"SoftImpute (oracle)",1,15,15,0.45085554639077,NA
10,"SoftImpute (oracle)",1,16,16,0.465538574825561,NA
10,"SoftImpute (oracle)",1,17,17,0.47962839572345,NA
10,"SoftImpute (oracle)",1,18,18,0.493213838989433,NA
10,"SoftImpute (oracle)",1,19,19,0.506301813502479,NA
10,"SoftImpute (oracle)",1,20,20,0.518888973179999,NA
10,"SoftImpute (oracle)",1,21,21,0.531059803633513,NA
10,"SoftImpute (oracle)",1,22,22,0.542819474665672,NA
10,"SoftImpute (oracle)",1,23,23,0.554290868647265,NA
10,"SoftImpute (oracle)",1,24,24,0.565487601779222,NA
10,"SoftImpute (oracle)",1,25,25,0.576392397327182,NA
10,"SoftImpute (oracle)",1,26,26,0.586969617680086,NA
10,"SoftImpute (oracle)",1,27,27,0.597281770911327,NA
10,"SoftImpute (oracle)",1,28,28,0.607389525373535,NA
10,"SoftImpute (oracle)",1,29,29,0.617178472293707,NA
10,"SoftImpute (oracle)",1,30,30,0.626671072987344,NA
11,"PCA (oracle)",NA,0,0,0.714462216142844,NA
11,"PCA (oracle)",NA,1,1,0.451516928132883,NA
11,"PCA (oracle)",NA,2,2,0.343488994493816,NA
11,"PCA (oracle)",NA,3,3,0.174904958282107,NA
11,"PCA (oracle)",NA,4,4,0.215313021354908,NA
11,"PCA (oracle)",NA,5,5,0.248501263439973,NA
11,"PCA (oracle)",NA,6,6,0.277488908592679,NA
11,"PCA (oracle)",NA,7,7,0.303167107602126,NA
11,"PCA (oracle)",NA,8,8,0.326623308112261,NA
11,"PCA (oracle)",NA,9,9,0.348329638236261,NA
11,"PCA (oracle)",NA,10,10,0.36860937006336,NA
11,"PCA (oracle)",NA,11,11,0.387593094168906,NA
11,"PCA (oracle)",NA,12,12,0.405487959169536,NA
11,"PCA (oracle)",NA,13,13,0.422420871339274,NA
11,"PCA (oracle)",NA,14,14,0.438505268976471,NA
11,"PCA (oracle)",NA,15,15,0.453726347769686,NA
11,"PCA (oracle)",NA,16,16,0.468409626926624,NA
11,"PCA (oracle)",NA,17,17,0.482503180888218,NA
11,"PCA (oracle)",NA,18,18,0.496109508184653,NA
11,"PCA (oracle)",NA,19,19,0.509272180677092,NA
11,"PCA (oracle)",NA,20,20,0.522051384439782,NA
11,"PCA (oracle)",NA,21,21,0.534318019001973,NA
11,"PCA (oracle)",NA,22,22,0.546123126689697,NA
11,"PCA (oracle)",NA,23,23,0.557724678427226,NA
11,"PCA (oracle)",NA,24,24,0.568919028531025,NA
11,"PCA (oracle)",NA,25,25,0.579820128024783,NA
11,"PCA (oracle)",NA,26,26,0.590442306459185,NA
11,"PCA (oracle)",NA,27,27,0.600830216408491,NA
11,"PCA (oracle)",NA,28,28,0.610982796512181,NA
11,"PCA (oracle)",NA,29,29,0.620715891741533,NA
11,"PCA (oracle)",NA,30,30,0.630286785053025,NA
11,"ICA (oracle)",NA,0,0,0.714462216142844,NA
11,"ICA (oracle)",NA,1,1,0.451516928132883,TRUE
11,"ICA (oracle)",NA,2,2,0.343488994493816,TRUE
11,"ICA (oracle)",NA,3,3,0.174904958282107,TRUE
11,"ICA (oracle)",NA,4,4,0.215313021354908,TRUE
11,"ICA (oracle)",NA,5,5,0.248501263439972,TRUE
11,"ICA (oracle)",NA,6,6,0.277488908592679,TRUE
11,"ICA (oracle)",NA,7,7,0.303167107602126,FALSE
11,"ICA (oracle)",NA,8,8,0.326623308112261,FALSE
11,"ICA (oracle)",NA,9,9,0.348329638236261,FALSE
11,"ICA (oracle)",NA,10,10,0.368609370063359,FALSE
11,"ICA (oracle)",NA,11,11,0.387593094168906,FALSE
11,"ICA (oracle)",NA,12,12,0.405487959169535,FALSE
11,"ICA (oracle)",NA,13,13,0.422420871339274,FALSE
11,"ICA (oracle)",NA,14,14,0.438505268976471,FALSE
11,"ICA (oracle)",NA,15,15,0.453726347769686,FALSE
11,"ICA (oracle)",NA,16,16,0.468409626926624,FALSE
11,"ICA (oracle)",NA,17,17,0.482503180888218,FALSE
11,"ICA (oracle)",NA,18,18,0.496109508184653,FALSE
11,"ICA (oracle)",NA,19,19,0.509272180677092,FALSE
11,"ICA (oracle)",NA,20,20,0.522051384439781,FALSE
11,"ICA (oracle)",NA,21,21,0.534318019001973,FALSE
11,"ICA (oracle)",NA,22,22,0.546123126689697,FALSE
11,"ICA (oracle)",NA,23,23,0.557724678427226,FALSE
11,"ICA (oracle)",NA,24,24,0.568919028531025,FALSE
11,"ICA (oracle)",NA,25,25,0.579820128024783,FALSE
11,"ICA (oracle)",NA,26,26,0.590442306459185,FALSE
11,"ICA (oracle)",NA,27,27,0.60083021640849,FALSE
11,"ICA (oracle)",NA,28,28,0.61098279651218,FALSE
11,"ICA (oracle)",NA,29,29,0.620715891741533,FALSE
11,"ICA (oracle)",NA,30,30,0.630286785053025,FALSE
11,"SoftImpute (oracle)",1,0,0,0.714462216142844,NA
11,"SoftImpute (oracle)",1,1,1,0.451442014545001,NA
11,"SoftImpute (oracle)",1,2,2,0.343193822332808,NA
11,"SoftImpute (oracle)",1,3,3,0.173975793706885,NA
11,"SoftImpute (oracle)",1,4,4,0.213257968384348,NA
11,"SoftImpute (oracle)",1,5,5,0.24560595931079,NA
11,"SoftImpute (oracle)",1,6,6,0.273901964224479,NA
11,"SoftImpute (oracle)",1,7,7,0.298983955884446,NA
11,"SoftImpute (oracle)",1,8,8,0.321908905070135,NA
11,"SoftImpute (oracle)",1,9,9,0.343132315191664,NA
11,"SoftImpute (oracle)",1,10,10,0.362966761764316,NA
11,"SoftImpute (oracle)",1,11,11,0.381535819929062,NA
11,"SoftImpute (oracle)",1,12,12,0.39904121639496,NA
11,"SoftImpute (oracle)",1,13,13,0.415605933888824,NA
11,"SoftImpute (oracle)",1,14,14,0.431340365098731,NA
11,"SoftImpute (oracle)",1,15,15,0.446227600389312,NA
11,"SoftImpute (oracle)",1,16,16,0.460590563141791,NA
11,"SoftImpute (oracle)",1,17,17,0.474376102791779,NA
11,"SoftImpute (oracle)",1,18,18,0.487685310904987,NA
11,"SoftImpute (oracle)",1,19,19,0.50056069660096,NA
11,"SoftImpute (oracle)",1,20,20,0.513061492284114,NA
11,"SoftImpute (oracle)",1,21,21,0.52505819922844,NA
11,"SoftImpute (oracle)",1,22,22,0.536601123762205,NA
11,"SoftImpute (oracle)",1,23,23,0.547947099214249,NA
11,"SoftImpute (oracle)",1,24,24,0.558892504429802,NA
11,"SoftImpute (oracle)",1,25,25,0.569550613204907,NA
11,"SoftImpute (oracle)",1,26,26,0.579935361948403,NA
11,"SoftImpute (oracle)",1,27,27,0.59009098051776,NA
11,"SoftImpute (oracle)",1,28,28,0.600016123950785,NA
11,"SoftImpute (oracle)",1,29,29,0.60952680970668,NA
11,"SoftImpute (oracle)",1,30,30,0.618879466443508,NA
12,"PCA (oracle)",NA,0,0,0.860808969767653,NA
12,"PCA (oracle)",NA,1,1,0.562007868812442,NA
12,"PCA (oracle)",NA,2,2,0.401555254661548,NA
12,"PCA (oracle)",NA,3,3,0.176288998940308,NA
12,"PCA (oracle)",NA,4,4,0.216585337649972,NA
12,"PCA (oracle)",NA,5,5,0.249832410919612,NA
12,"PCA (oracle)",NA,6,6,0.278870949036322,NA
12,"PCA (oracle)",NA,7,7,0.304789975139397,NA
12,"PCA (oracle)",NA,8,8,0.328459574376109,NA
12,"PCA (oracle)",NA,9,9,0.350204720705278,NA
12,"PCA (oracle)",NA,10,10,0.370438785262432,NA
12,"PCA (oracle)",NA,11,11,0.38956543647334,NA
12,"PCA (oracle)",NA,12,12,0.407424319630457,NA
12,"PCA (oracle)",NA,13,13,0.42442992434387,NA
12,"PCA (oracle)",NA,14,14,0.440566409951636,NA
12,"PCA (oracle)",NA,15,15,0.456126132276668,NA
12,"PCA (oracle)",NA,16,16,0.471050159734226,NA
12,"PCA (oracle)",NA,17,17,0.485234576641078,NA
12,"PCA (oracle)",NA,18,18,0.499023671186575,NA
12,"PCA (oracle)",NA,19,19,0.512179655930481,NA
12,"PCA (oracle)",NA,20,20,0.524879479862301,NA
12,"PCA (oracle)",NA,21,21,0.537313840839087,NA
12,"PCA (oracle)",NA,22,22,0.549316289292376,NA
12,"PCA (oracle)",NA,23,23,0.560946109257782,NA
12,"PCA (oracle)",NA,24,24,0.572210620264366,NA
12,"PCA (oracle)",NA,25,25,0.583204145264215,NA
12,"PCA (oracle)",NA,26,26,0.593896880152834,NA
12,"PCA (oracle)",NA,27,27,0.604384993018569,NA
12,"PCA (oracle)",NA,28,28,0.614616965183068,NA
12,"PCA (oracle)",NA,29,29,0.624592335835316,NA
12,"PCA (oracle)",NA,30,30,0.634349803870284,NA
12,"ICA (oracle)",NA,0,0,0.860808969767653,NA
12,"ICA (oracle)",NA,1,1,0.562007868812442,TRUE
12,"ICA (oracle)",NA,2,2,0.401555254661547,TRUE
12,"ICA (oracle)",NA,3,3,0.176288998940309,TRUE
12,"ICA (oracle)",NA,4,4,0.216585337649972,TRUE
12,"ICA (oracle)",NA,5,5,0.249832410919612,TRUE
12,"ICA (oracle)",NA,6,6,0.278870949036322,TRUE
12,"ICA (oracle)",NA,7,7,0.304789975139397,FALSE
12,"ICA (oracle)",NA,8,8,0.32845957437611,FALSE
12,"ICA (oracle)",NA,9,9,0.350204720705278,FALSE
12,"ICA (oracle)",NA,10,10,0.370438785262432,FALSE
12,"ICA (oracle)",NA,11,11,0.38956543647334,FALSE
12,"ICA (oracle)",NA,12,12,0.407424319630457,FALSE
12,"ICA (oracle)",NA,13,13,0.424429924343871,FALSE
12,"ICA (oracle)",NA,14,14,0.440566409951636,FALSE
12,"ICA (oracle)",NA,15,15,0.456126132276668,FALSE
12,"ICA (oracle)",NA,16,16,0.471050159734226,FALSE
12,"ICA (oracle)",NA,17,17,0.485234576641078,FALSE
12,"ICA (oracle)",NA,18,18,0.499023671186575,FALSE
12,"ICA (oracle)",NA,19,19,0.512179655930481,FALSE
12,"ICA (oracle)",NA,20,20,0.524879479862301,FALSE
12,"ICA (oracle)",NA,21,21,0.537313840839087,FALSE
12,"ICA (oracle)",NA,22,22,0.549316289292377,FALSE
12,"ICA (oracle)",NA,23,23,0.560946109257782,FALSE
12,"ICA (oracle)",NA,24,24,0.572210620264365,FALSE
12,"ICA (oracle)",NA,25,25,0.583204145264215,FALSE
12,"ICA (oracle)",NA,26,26,0.593896880152834,FALSE
12,"ICA (oracle)",NA,27,27,0.604384993018569,FALSE
12,"ICA (oracle)",NA,28,28,0.614616965183068,FALSE
12,"ICA (oracle)",NA,29,29,0.624592335835316,FALSE
12,"ICA (oracle)",NA,30,30,0.634349803870284,FALSE
12,"SoftImpute (oracle)",1,0,0,0.860808969767653,NA
12,"SoftImpute (oracle)",1,1,1,0.561977611436193,NA
12,"SoftImpute (oracle)",1,2,2,0.401379370055367,NA
12,"SoftImpute (oracle)",1,3,3,0.175572654505475,NA
12,"SoftImpute (oracle)",1,4,4,0.214707841626602,NA
12,"SoftImpute (oracle)",1,5,5,0.247092249220981,NA
12,"SoftImpute (oracle)",1,6,6,0.275423719845005,NA
12,"SoftImpute (oracle)",1,7,7,0.300734259344257,NA
12,"SoftImpute (oracle)",1,8,8,0.323863150694218,NA
12,"SoftImpute (oracle)",1,9,9,0.345118406935089,NA
12,"SoftImpute (oracle)",1,10,10,0.364901676102239,NA
12,"SoftImpute (oracle)",1,11,11,0.38360836545401,NA
12,"SoftImpute (oracle)",1,12,12,0.401073787596496,NA
12,"SoftImpute (oracle)",1,13,13,0.417707387670642,NA
12,"SoftImpute (oracle)",1,14,14,0.433490607265472,NA
12,"SoftImpute (oracle)",1,15,15,0.448712765300987,NA
12,"SoftImpute (oracle)",1,16,16,0.463313377161707,NA
12,"SoftImpute (oracle)",1,17,17,0.477187355836033,NA
12,"SoftImpute (oracle)",1,18,18,0.490676882467323,NA
12,"SoftImpute (oracle)",1,19,19,0.503543802296353,NA
12,"SoftImpute (oracle)",1,20,20,0.515963753004571,NA
12,"SoftImpute (oracle)",1,21,21,0.528126244831707,NA
12,"SoftImpute (oracle)",1,22,22,0.539864633916249,NA
12,"SoftImpute (oracle)",1,23,23,0.551237514378809,NA
12,"SoftImpute (oracle)",1,24,24,0.562251716104776,NA
12,"SoftImpute (oracle)",1,25,25,0.573000914421472,NA
12,"SoftImpute (oracle)",1,26,26,0.58345501064026,NA
12,"SoftImpute (oracle)",1,27,27,0.593709619671595,NA
12,"SoftImpute (oracle)",1,28,28,0.603713053513732,NA
12,"SoftImpute (oracle)",1,29,29,0.613464586844013,NA
12,"SoftImpute (oracle)",1,30,30,0.623002587199441,NA
13,"PCA (oracle)",NA,0,0,0.780785439818883,NA
13,"PCA (oracle)",NA,1,1,0.518469248742723,NA
13,"PCA (oracle)",NA,2,2,0.363662979996116,NA
13,"PCA (oracle)",NA,3,3,0.173307690693416,NA
13,"PCA (oracle)",NA,4,4,0.214927307297602,NA
13,"PCA (oracle)",NA,5,5,0.248737066883193,NA
13,"PCA (oracle)",NA,6,6,0.278032952501742,NA
13,"PCA (oracle)",NA,7,7,0.304230117565128,NA
13,"PCA (oracle)",NA,8,8,0.328067111747615,NA
13,"PCA (oracle)",NA,9,9,0.35015897618069,NA
13,"PCA (oracle)",NA,10,10,0.370727837115654,NA
13,"PCA (oracle)",NA,11,11,0.38994620300159,NA
13,"PCA (oracle)",NA,12,12,0.40812424871461,NA
13,"PCA (oracle)",NA,13,13,0.425449224047547,NA
13,"PCA (oracle)",NA,14,14,0.44189115640691,NA
13,"PCA (oracle)",NA,15,15,0.457579276050177,NA
13,"PCA (oracle)",NA,16,16,0.472588118318052,NA
13,"PCA (oracle)",NA,17,17,0.48699072014781,NA
13,"PCA (oracle)",NA,18,18,0.500768417607048,NA
13,"PCA (oracle)",NA,19,19,0.51403159676653,NA
13,"PCA (oracle)",NA,20,20,0.526848104447723,NA
13,"PCA (oracle)",NA,21,21,0.539261806914552,NA
13,"PCA (oracle)",NA,22,22,0.55125295832327,NA
13,"PCA (oracle)",NA,23,23,0.562901268616424,NA
13,"PCA (oracle)",NA,24,24,0.574230799526657,NA
13,"PCA (oracle)",NA,25,25,0.585240413902537,NA
13,"PCA (oracle)",NA,26,26,0.595921014348873,NA
13,"PCA (oracle)",NA,27,27,0.606352476738732,NA
13,"PCA (oracle)",NA,28,28,0.61657226337403,NA
13,"PCA (oracle)",NA,29,29,0.626497104767173,NA
13,"PCA (oracle)",NA,30,30,0.636231658469746,NA
13,"ICA (oracle)",NA,0,0,0.780785439818883,NA
13,"ICA (oracle)",NA,1,1,0.518469248742723,TRUE
13,"ICA (oracle)",NA,2,2,0.363662979996116,TRUE
13,"ICA (oracle)",NA,3,3,0.173307690693416,TRUE
13,"ICA (oracle)",NA,4,4,0.214927307297602,TRUE
13,"ICA (oracle)",NA,5,5,0.248737066883193,TRUE
13,"ICA (oracle)",NA,6,6,0.278032952501742,TRUE
13,"ICA (oracle)",NA,7,7,0.304230117565128,FALSE
13,"ICA (oracle)",NA,8,8,0.328067111747615,FALSE
13,"ICA (oracle)",NA,9,9,0.35015897618069,TRUE
13,"ICA (oracle)",NA,10,10,0.370727837115653,FALSE
13,"ICA (oracle)",NA,11,11,0.38994620300159,FALSE
13,"ICA (oracle)",NA,12,12,0.40812424871461,FALSE
13,"ICA (oracle)",NA,13,13,0.425449224047547,FALSE
13,"ICA (oracle)",NA,14,14,0.441891156406909,FALSE
13,"ICA (oracle)",NA,15,15,0.457579276050176,FALSE
13,"ICA (oracle)",NA,16,16,0.472588118318052,FALSE
13,"ICA (oracle)",NA,17,17,0.486990720147809,FALSE
13,"ICA (oracle)",NA,18,18,0.500768417607048,FALSE
13,"ICA (oracle)",NA,19,19,0.51403159676653,FALSE
13,"ICA (oracle)",NA,20,20,0.526848104447723,FALSE
13,"ICA (oracle)",NA,21,21,0.539261806914552,FALSE
13,"ICA (oracle)",NA,22,22,0.55125295832327,FALSE
13,"ICA (oracle)",NA,23,23,0.562901268616424,FALSE
13,"ICA (oracle)",NA,24,24,0.574230799526656,FALSE
13,"ICA (oracle)",NA,25,25,0.585240413902536,FALSE
13,"ICA (oracle)",NA,26,26,0.595921014348873,FALSE
13,"ICA (oracle)",NA,27,27,0.606352476738732,FALSE
13,"ICA (oracle)",NA,28,28,0.61657226337403,FALSE
13,"ICA (oracle)",NA,29,29,0.626497104767173,FALSE
13,"ICA (oracle)",NA,30,30,0.636231658469746,FALSE
13,"SoftImpute (oracle)",1,0,0,0.780785439818883,NA
13,"SoftImpute (oracle)",1,1,1,0.518422805340681,NA
13,"SoftImpute (oracle)",1,2,2,0.363480474819668,NA
13,"SoftImpute (oracle)",1,3,3,0.172625027068145,NA
13,"SoftImpute (oracle)",1,4,4,0.213058950822479,NA
13,"SoftImpute (oracle)",1,5,5,0.245999110095237,NA
13,"SoftImpute (oracle)",1,6,6,0.274585499135461,NA
13,"SoftImpute (oracle)",1,7,7,0.300172457264484,NA
13,"SoftImpute (oracle)",1,8,8,0.323467977648454,NA
13,"SoftImpute (oracle)",1,9,9,0.345068680353404,NA
13,"SoftImpute (oracle)",1,10,10,0.365185767550369,NA
13,"SoftImpute (oracle)",1,11,11,0.383984162080645,NA
13,"SoftImpute (oracle)",1,12,12,0.401768023514215,NA
13,"SoftImpute (oracle)",1,13,13,0.418720375521404,NA
13,"SoftImpute (oracle)",1,14,14,0.43480851978198,NA
13,"SoftImpute (oracle)",1,15,15,0.450159088315373,NA
13,"SoftImpute (oracle)",1,16,16,0.464844632741978,NA
13,"SoftImpute (oracle)",1,17,17,0.47893654974004,NA
13,"SoftImpute (oracle)",1,18,18,0.492415023614831,NA
13,"SoftImpute (oracle)",1,19,19,0.50538915206351,NA
13,"SoftImpute (oracle)",1,20,20,0.517925769078855,NA
13,"SoftImpute (oracle)",1,21,21,0.530067915964004,NA
13,"SoftImpute (oracle)",1,22,22,0.541795277213126,NA
13,"SoftImpute (oracle)",1,23,23,0.553186826973161,NA
13,"SoftImpute (oracle)",1,24,24,0.564266100607344,NA
13,"SoftImpute (oracle)",1,25,25,0.57503155080565,NA
13,"SoftImpute (oracle)",1,26,26,0.585473733585251,NA
13,"SoftImpute (oracle)",1,27,27,0.595672002566032,NA
13,"SoftImpute (oracle)",1,28,28,0.605663441155155,NA
13,"SoftImpute (oracle)",1,29,29,0.615364717475345,NA
13,"SoftImpute (oracle)",1,30,30,0.624879997912094,NA
14,"PCA (oracle)",NA,0,0,0.808874684148119,NA
14,"PCA (oracle)",NA,1,1,0.515707299138653,NA
14,"PCA (oracle)",NA,2,2,0.372501865774408,NA
14,"PCA (oracle)",NA,3,3,0.175293334707683,NA
14,"PCA (oracle)",NA,4,4,0.215036733165867,NA
14,"PCA (oracle)",NA,5,5,0.248166817319932,NA
14,"PCA (oracle)",NA,6,6,0.276828938581312,NA
14,"PCA (oracle)",NA,7,7,0.302564159276727,NA
14,"PCA (oracle)",NA,8,8,0.325996140479561,NA
14,"PCA (oracle)",NA,9,9,0.347742781573527,NA
14,"PCA (oracle)",NA,10,10,0.368044041440071,NA
14,"PCA (oracle)",NA,11,11,0.387166362351425,NA
14,"PCA (oracle)",NA,12,12,0.405096542249655,NA
14,"PCA (oracle)",NA,13,13,0.422142640411734,NA
14,"PCA (oracle)",NA,14,14,0.438246616761609,NA
14,"PCA (oracle)",NA,15,15,0.453694373318704,NA
14,"PCA (oracle)",NA,16,16,0.468481378739264,NA
14,"PCA (oracle)",NA,17,17,0.482543477243825,NA
14,"PCA (oracle)",NA,18,18,0.496181905558709,NA
14,"PCA (oracle)",NA,19,19,0.509416185800397,NA
14,"PCA (oracle)",NA,20,20,0.522247001838804,NA
14,"PCA (oracle)",NA,21,21,0.534681002257505,NA
14,"PCA (oracle)",NA,22,22,0.546761891072129,NA
14,"PCA (oracle)",NA,23,23,0.558496180454923,NA
14,"PCA (oracle)",NA,24,24,0.569808355377393,NA
14,"PCA (oracle)",NA,25,25,0.58079126360741,NA
14,"PCA (oracle)",NA,26,26,0.59147198953073,NA
14,"PCA (oracle)",NA,27,27,0.601923515032718,NA
14,"PCA (oracle)",NA,28,28,0.612027940296974,NA
14,"PCA (oracle)",NA,29,29,0.621950161766426,NA
14,"PCA (oracle)",NA,30,30,0.631666680029898,NA
14,"ICA (oracle)",NA,0,0,0.808874684148119,NA
14,"ICA (oracle)",NA,1,1,0.515707299138653,TRUE
14,"ICA (oracle)",NA,2,2,0.372501865774408,TRUE
14,"ICA (oracle)",NA,3,3,0.175293334707683,TRUE
14,"ICA (oracle)",NA,4,4,0.215036733165867,TRUE
14,"ICA (oracle)",NA,5,5,0.248166817319932,TRUE
14,"ICA (oracle)",NA,6,6,0.276828938581312,TRUE
14,"ICA (oracle)",NA,7,7,0.302564159276727,TRUE
14,"ICA (oracle)",NA,8,8,0.325996140479561,FALSE
14,"ICA (oracle)",NA,9,9,0.347742781573527,FALSE
14,"ICA (oracle)",NA,10,10,0.368044041440071,FALSE
14,"ICA (oracle)",NA,11,11,0.387166362351425,FALSE
14,"ICA (oracle)",NA,12,12,0.405096542249655,FALSE
14,"ICA (oracle)",NA,13,13,0.422142640411735,FALSE
14,"ICA (oracle)",NA,14,14,0.438246616761609,FALSE
14,"ICA (oracle)",NA,15,15,0.453694373318704,FALSE
14,"ICA (oracle)",NA,16,16,0.468481378739264,FALSE
14,"ICA (oracle)",NA,17,17,0.482543477243824,FALSE
14,"ICA (oracle)",NA,18,18,0.496181905558709,FALSE
14,"ICA (oracle)",NA,19,19,0.509416185800396,FALSE
14,"ICA (oracle)",NA,20,20,0.522247001838805,FALSE
14,"ICA (oracle)",NA,21,21,0.534681002257506,FALSE
14,"ICA (oracle)",NA,22,22,0.546761891072129,FALSE
14,"ICA (oracle)",NA,23,23,0.558496180454923,FALSE
14,"ICA (oracle)",NA,24,24,0.569808355377393,FALSE
14,"ICA (oracle)",NA,25,25,0.58079126360741,FALSE
14,"ICA (oracle)",NA,26,26,0.591471989530731,FALSE
14,"ICA (oracle)",NA,27,27,0.601923515032718,FALSE
14,"ICA (oracle)",NA,28,28,0.612027940296974,FALSE
14,"ICA (oracle)",NA,29,29,0.621950161766427,FALSE
14,"ICA (oracle)",NA,30,30,0.631666680029899,FALSE
14,"SoftImpute (oracle)",1,0,0,0.808874684148119,NA
14,"SoftImpute (oracle)",1,1,1,0.515651184797641,NA
14,"SoftImpute (oracle)",1,2,2,0.372295304357558,NA
14,"SoftImpute (oracle)",1,3,3,0.174540607370645,NA
14,"SoftImpute (oracle)",1,4,4,0.213132485231213,NA
14,"SoftImpute (oracle)",1,5,5,0.245402578928036,NA
14,"SoftImpute (oracle)",1,6,6,0.273361168923567,NA
14,"SoftImpute (oracle)",1,7,7,0.298489607598271,NA
14,"SoftImpute (oracle)",1,8,8,0.321382509085823,NA
14,"SoftImpute (oracle)",1,9,9,0.342639682649266,NA
14,"SoftImpute (oracle)",1,10,10,0.362490313871177,NA
14,"SoftImpute (oracle)",1,11,11,0.381193095916166,NA
14,"SoftImpute (oracle)",1,12,12,0.398729952033068,NA
14,"SoftImpute (oracle)",1,13,13,0.415404279553065,NA
14,"SoftImpute (oracle)",1,14,14,0.431155404053818,NA
14,"SoftImpute (oracle)",1,15,15,0.446266201217135,NA
14,"SoftImpute (oracle)",1,16,16,0.460730409089566,NA
14,"SoftImpute (oracle)",1,17,17,0.474482603489467,NA
14,"SoftImpute (oracle)",1,18,18,0.487822026172709,NA
14,"SoftImpute (oracle)",1,19,19,0.500767193487337,NA
14,"SoftImpute (oracle)",1,20,20,0.513317963355525,NA
14,"SoftImpute (oracle)",1,21,21,0.525480255144341,NA
14,"SoftImpute (oracle)",1,22,22,0.537297048987141,NA
14,"SoftImpute (oracle)",1,23,23,0.548774302475388,NA
14,"SoftImpute (oracle)",1,24,24,0.55983619859411,NA
14,"SoftImpute (oracle)",1,25,25,0.570574944687883,NA
14,"SoftImpute (oracle)",1,26,26,0.581017192226957,NA
14,"SoftImpute (oracle)",1,27,27,0.591235422725407,NA
14,"SoftImpute (oracle)",1,28,28,0.601111722491389,NA
14,"SoftImpute (oracle)",1,29,29,0.610810328256849,NA
14,"SoftImpute (oracle)",1,30,30,0.620307563479779,NA
15,"PCA (oracle)",NA,0,0,0.798181277563721,NA
15,"PCA (oracle)",NA,1,1,0.508851319840815,NA
15,"PCA (oracle)",NA,2,2,0.35537168469453,NA
15,"PCA (oracle)",NA,3,3,0.175517100373403,NA
15,"PCA (oracle)",NA,4,4,0.216692988025148,NA
15,"PCA (oracle)",NA,5,5,0.250424542825297,NA
15,"PCA (oracle)",NA,6,6,0.279432372022727,NA
15,"PCA (oracle)",NA,7,7,0.305327484907075,NA
15,"PCA (oracle)",NA,8,8,0.328929603636905,NA
15,"PCA (oracle)",NA,9,9,0.350853400491566,NA
15,"PCA (oracle)",NA,10,10,0.371249029222267,NA
15,"PCA (oracle)",NA,11,11,0.390363333266026,NA
15,"PCA (oracle)",NA,12,12,0.40830919778589,NA
15,"PCA (oracle)",NA,13,13,0.425471396258781,NA
15,"PCA (oracle)",NA,14,14,0.441812819769032,NA
15,"PCA (oracle)",NA,15,15,0.457253430515948,NA
15,"PCA (oracle)",NA,16,16,0.472104966997339,NA
15,"PCA (oracle)",NA,17,17,0.486408445711712,NA
15,"PCA (oracle)",NA,18,18,0.50001782911766,NA
15,"PCA (oracle)",NA,19,19,0.51315971693862,NA
15,"PCA (oracle)",NA,20,20,0.525937120680625,NA
15,"PCA (oracle)",NA,21,21,0.53832989751755,NA
15,"PCA (oracle)",NA,22,22,0.550361969572936,NA
15,"PCA (oracle)",NA,23,23,0.562069859876622,NA
15,"PCA (oracle)",NA,24,24,0.57335630078311,NA
15,"PCA (oracle)",NA,25,25,0.584293191351298,NA
15,"PCA (oracle)",NA,26,26,0.594987582195481,NA
15,"PCA (oracle)",NA,27,27,0.605375371498807,NA
15,"PCA (oracle)",NA,28,28,0.615529297058596,NA
15,"PCA (oracle)",NA,29,29,0.625426128522779,NA
15,"PCA (oracle)",NA,30,30,0.63509554312868,NA
15,"ICA (oracle)",NA,0,0,0.798181277563721,NA
15,"ICA (oracle)",NA,1,1,0.508851319840815,TRUE
15,"ICA (oracle)",NA,2,2,0.35537168469453,TRUE
15,"ICA (oracle)",NA,3,3,0.175517100373403,TRUE
15,"ICA (oracle)",NA,4,4,0.216692988025148,TRUE
15,"ICA (oracle)",NA,5,5,0.250424542825297,FALSE
15,"ICA (oracle)",NA,6,6,0.279432372022727,TRUE
15,"ICA (oracle)",NA,7,7,0.305327484907075,FALSE
15,"ICA (oracle)",NA,8,8,0.328929603636905,FALSE
15,"ICA (oracle)",NA,9,9,0.350853400491566,FALSE
15,"ICA (oracle)",NA,10,10,0.371249029222267,FALSE
15,"ICA (oracle)",NA,11,11,0.390363333266026,FALSE
15,"ICA (oracle)",NA,12,12,0.40830919778589,FALSE
15,"ICA (oracle)",NA,13,13,0.425471396258781,FALSE
15,"ICA (oracle)",NA,14,14,0.441812819769032,FALSE
15,"ICA (oracle)",NA,15,15,0.457253430515948,FALSE
15,"ICA (oracle)",NA,16,16,0.472104966997339,FALSE
15,"ICA (oracle)",NA,17,17,0.486408445711712,FALSE
15,"ICA (oracle)",NA,18,18,0.50001782911766,FALSE
15,"ICA (oracle)",NA,19,19,0.513159716938621,FALSE
15,"ICA (oracle)",NA,20,20,0.525937120680625,FALSE
15,"ICA (oracle)",NA,21,21,0.53832989751755,FALSE
15,"ICA (oracle)",NA,22,22,0.550361969572936,FALSE
15,"ICA (oracle)",NA,23,23,0.562069859876622,FALSE
15,"ICA (oracle)",NA,24,24,0.573356300783111,FALSE
15,"ICA (oracle)",NA,25,25,0.584293191351298,FALSE
15,"ICA (oracle)",NA,26,26,0.594987582195481,FALSE
15,"ICA (oracle)",NA,27,27,0.605375371498807,FALSE
15,"ICA (oracle)",NA,28,28,0.615529297058596,FALSE
15,"ICA (oracle)",NA,29,29,0.62542612852278,FALSE
15,"ICA (oracle)",NA,30,30,0.63509554312868,FALSE
15,"SoftImpute (oracle)",1,0,0,0.798181277563721,NA
15,"SoftImpute (oracle)",1,1,1,0.508786202991471,NA
15,"SoftImpute (oracle)",1,2,2,0.35516516392938,NA
15,"SoftImpute (oracle)",1,3,3,0.174719847707682,NA
15,"SoftImpute (oracle)",1,4,4,0.214740074975038,NA
15,"SoftImpute (oracle)",1,5,5,0.247615698516985,NA
15,"SoftImpute (oracle)",1,6,6,0.275924077232594,NA
15,"SoftImpute (oracle)",1,7,7,0.301216205069095,NA
15,"SoftImpute (oracle)",1,8,8,0.324282040999569,NA
15,"SoftImpute (oracle)",1,9,9,0.345718541398261,NA
15,"SoftImpute (oracle)",1,10,10,0.365665576337851,NA
15,"SoftImpute (oracle)",1,11,11,0.384362351281151,NA
15,"SoftImpute (oracle)",1,12,12,0.401916511097,NA
15,"SoftImpute (oracle)",1,13,13,0.418708039619678,NA
15,"SoftImpute (oracle)",1,14,14,0.434697225485494,NA
15,"SoftImpute (oracle)",1,15,15,0.4498020550923,NA
15,"SoftImpute (oracle)",1,16,16,0.464331655347639,NA
15,"SoftImpute (oracle)",1,17,17,0.478325537471937,NA
15,"SoftImpute (oracle)",1,18,18,0.491636868030434,NA
15,"SoftImpute (oracle)",1,19,19,0.504490665484093,NA
15,"SoftImpute (oracle)",1,20,20,0.5169888648933,NA
15,"SoftImpute (oracle)",1,21,21,0.529110678900666,NA
15,"SoftImpute (oracle)",1,22,22,0.540879363036274,NA
15,"SoftImpute (oracle)",1,23,23,0.552330823094618,NA
15,"SoftImpute (oracle)",1,24,24,0.563367552472494,NA
15,"SoftImpute (oracle)",1,25,25,0.574060862166548,NA
15,"SoftImpute (oracle)",1,26,26,0.584517180366001,NA
15,"SoftImpute (oracle)",1,27,27,0.59467223711614,NA
15,"SoftImpute (oracle)",1,28,28,0.60459830404702,NA
15,"SoftImpute (oracle)",1,29,29,0.614271946843411,NA
15,"SoftImpute (oracle)",1,30,30,0.623722534720326,NA
16,"PCA (oracle)",NA,0,0,0.727845553973033,NA
16,"PCA (oracle)",NA,1,1,0.483416048063575,NA
16,"PCA (oracle)",NA,2,2,0.3600229828838,NA
16,"PCA (oracle)",NA,3,3,0.173450213677051,NA
16,"PCA (oracle)",NA,4,4,0.214493603130931,NA
16,"PCA (oracle)",NA,5,5,0.248364033359255,NA
16,"PCA (oracle)",NA,6,6,0.277898948335604,NA
16,"PCA (oracle)",NA,7,7,0.304185502842565,NA
16,"PCA (oracle)",NA,8,8,0.328138888012888,NA
16,"PCA (oracle)",NA,9,9,0.349988583231817,NA
16,"PCA (oracle)",NA,10,10,0.370493694074321,NA
16,"PCA (oracle)",NA,11,11,0.389462228507109,NA
16,"PCA (oracle)",NA,12,12,0.407426470362043,NA
16,"PCA (oracle)",NA,13,13,0.424482900073596,NA
16,"PCA (oracle)",NA,14,14,0.440692872161619,NA
16,"PCA (oracle)",NA,15,15,0.456187355477766,NA
16,"PCA (oracle)",NA,16,16,0.471125673405679,NA
16,"PCA (oracle)",NA,17,17,0.485445854583215,NA
16,"PCA (oracle)",NA,18,18,0.499262491507411,NA
16,"PCA (oracle)",NA,19,19,0.512616116252257,NA
16,"PCA (oracle)",NA,20,20,0.525378189430933,NA
16,"PCA (oracle)",NA,21,21,0.537812984813162,NA
16,"PCA (oracle)",NA,22,22,0.5498364531681,NA
16,"PCA (oracle)",NA,23,23,0.5615945340125,NA
16,"PCA (oracle)",NA,24,24,0.572946279188873,NA
16,"PCA (oracle)",NA,25,25,0.58400539719239,NA
16,"PCA (oracle)",NA,26,26,0.594822312433456,NA
16,"PCA (oracle)",NA,27,27,0.605332486906952,NA
16,"PCA (oracle)",NA,28,28,0.615504449855042,NA
16,"PCA (oracle)",NA,29,29,0.625471816671708,NA
16,"PCA (oracle)",NA,30,30,0.635201245448157,NA
16,"ICA (oracle)",NA,0,0,0.727845553973033,NA
16,"ICA (oracle)",NA,1,1,0.483416048063575,TRUE
16,"ICA (oracle)",NA,2,2,0.3600229828838,TRUE
16,"ICA (oracle)",NA,3,3,0.173450213677051,TRUE
16,"ICA (oracle)",NA,4,4,0.214493603130931,TRUE
16,"ICA (oracle)",NA,5,5,0.248364033359255,TRUE
16,"ICA (oracle)",NA,6,6,0.277898948335604,FALSE
16,"ICA (oracle)",NA,7,7,0.304185502842565,FALSE
16,"ICA (oracle)",NA,8,8,0.328138888012888,FALSE
16,"ICA (oracle)",NA,9,9,0.349988583231816,FALSE
16,"ICA (oracle)",NA,10,10,0.370493694074321,FALSE
16,"ICA (oracle)",NA,11,11,0.389462228507109,FALSE
16,"ICA (oracle)",NA,12,12,0.407426470362043,FALSE
16,"ICA (oracle)",NA,13,13,0.424482900073596,FALSE
16,"ICA (oracle)",NA,14,14,0.440692872161619,FALSE
16,"ICA (oracle)",NA,15,15,0.456187355477766,FALSE
16,"ICA (oracle)",NA,16,16,0.471125673405678,FALSE
16,"ICA (oracle)",NA,17,17,0.485445854583214,FALSE
16,"ICA (oracle)",NA,18,18,0.499262491507411,FALSE
16,"ICA (oracle)",NA,19,19,0.512616116252257,FALSE
16,"ICA (oracle)",NA,20,20,0.525378189430933,FALSE
16,"ICA (oracle)",NA,21,21,0.537812984813162,FALSE
16,"ICA (oracle)",NA,22,22,0.5498364531681,FALSE
16,"ICA (oracle)",NA,23,23,0.561594534012501,FALSE
16,"ICA (oracle)",NA,24,24,0.572946279188873,FALSE
16,"ICA (oracle)",NA,25,25,0.58400539719239,FALSE
16,"ICA (oracle)",NA,26,26,0.594822312433456,FALSE
16,"ICA (oracle)",NA,27,27,0.605332486906952,FALSE
16,"ICA (oracle)",NA,28,28,0.615504449855042,FALSE
16,"ICA (oracle)",NA,29,29,0.625471816671708,FALSE
16,"ICA (oracle)",NA,30,30,0.635201245448157,FALSE
16,"SoftImpute (oracle)",1,0,0,0.727845553973033,NA
16,"SoftImpute (oracle)",1,1,1,0.483355011117905,NA
16,"SoftImpute (oracle)",1,2,2,0.359783462488987,NA
16,"SoftImpute (oracle)",1,3,3,0.172603461048738,NA
16,"SoftImpute (oracle)",1,4,4,0.212497457498959,NA
16,"SoftImpute (oracle)",1,5,5,0.24551457398831,NA
16,"SoftImpute (oracle)",1,6,6,0.274350119106952,NA
16,"SoftImpute (oracle)",1,7,7,0.30003465016046,NA
16,"SoftImpute (oracle)",1,8,8,0.323452799641354,NA
16,"SoftImpute (oracle)",1,9,9,0.344817665301798,NA
16,"SoftImpute (oracle)",1,10,10,0.364875620468199,NA
16,"SoftImpute (oracle)",1,11,11,0.383428647685594,NA
16,"SoftImpute (oracle)",1,12,12,0.401002430859644,NA
16,"SoftImpute (oracle)",1,13,13,0.417689640097689,NA
16,"SoftImpute (oracle)",1,14,14,0.433548726160989,NA
16,"SoftImpute (oracle)",1,15,15,0.448708144146143,NA
16,"SoftImpute (oracle)",1,16,16,0.463325090775704,NA
16,"SoftImpute (oracle)",1,17,17,0.477336358930197,NA
16,"SoftImpute (oracle)",1,18,18,0.490855088933159,NA
16,"SoftImpute (oracle)",1,19,19,0.503920742417298,NA
16,"SoftImpute (oracle)",1,20,20,0.516404251159186,NA
16,"SoftImpute (oracle)",1,21,21,0.528568544159865,NA
16,"SoftImpute (oracle)",1,22,22,0.54032916658113,NA
16,"SoftImpute (oracle)",1,23,23,0.551831191643272,NA
16,"SoftImpute (oracle)",1,24,24,0.562933529351836,NA
16,"SoftImpute (oracle)",1,25,25,0.573749214025024,NA
16,"SoftImpute (oracle)",1,26,26,0.584328194864938,NA
16,"SoftImpute (oracle)",1,27,27,0.594605755152205,NA
16,"SoftImpute (oracle)",1,28,28,0.604550202164044,NA
16,"SoftImpute (oracle)",1,29,29,0.614294582455203,NA
16,"SoftImpute (oracle)",1,30,30,0.623805396257833,NA
17,"PCA (oracle)",NA,0,0,0.79926446222534,NA
17,"PCA (oracle)",NA,1,1,0.544339958542583,NA
17,"PCA (oracle)",NA,2,2,0.368530508985371,NA
17,"PCA (oracle)",NA,3,3,0.173539066219112,NA
17,"PCA (oracle)",NA,4,4,0.214749013016025,NA
17,"PCA (oracle)",NA,5,5,0.248994596616288,NA
17,"PCA (oracle)",NA,6,6,0.278876528896255,NA
17,"PCA (oracle)",NA,7,7,0.305367488426155,NA
17,"PCA (oracle)",NA,8,8,0.329124301997445,NA
17,"PCA (oracle)",NA,9,9,0.351009967513727,NA
17,"PCA (oracle)",NA,10,10,0.371439171471045,NA
17,"PCA (oracle)",NA,11,11,0.390396930041873,NA
17,"PCA (oracle)",NA,12,12,0.408433216061661,NA
17,"PCA (oracle)",NA,13,13,0.425651958641265,NA
17,"PCA (oracle)",NA,14,14,0.442057490424242,NA
17,"PCA (oracle)",NA,15,15,0.457683036212225,NA
17,"PCA (oracle)",NA,16,16,0.47237918653707,NA
17,"PCA (oracle)",NA,17,17,0.486652733661342,NA
17,"PCA (oracle)",NA,18,18,0.500422388150248,NA
17,"PCA (oracle)",NA,19,19,0.513700830334814,NA
17,"PCA (oracle)",NA,20,20,0.526628740573501,NA
17,"PCA (oracle)",NA,21,21,0.539039880838171,NA
17,"PCA (oracle)",NA,22,22,0.551170237238063,NA
17,"PCA (oracle)",NA,23,23,0.562835351491179,NA
17,"PCA (oracle)",NA,24,24,0.57411886061345,NA
17,"PCA (oracle)",NA,25,25,0.585186772889363,NA
17,"PCA (oracle)",NA,26,26,0.595912139612315,NA
17,"PCA (oracle)",NA,27,27,0.606368433146935,NA
17,"PCA (oracle)",NA,28,28,0.616569077082039,NA
17,"PCA (oracle)",NA,29,29,0.626573939872176,NA
17,"PCA (oracle)",NA,30,30,0.636345149637766,NA
17,"ICA (oracle)",NA,0,0,0.79926446222534,NA
17,"ICA (oracle)",NA,1,1,0.544339958542583,TRUE
17,"ICA (oracle)",NA,2,2,0.368530508985371,TRUE
17,"ICA (oracle)",NA,3,3,0.173539066219112,TRUE
17,"ICA (oracle)",NA,4,4,0.214749013016025,TRUE
17,"ICA (oracle)",NA,5,5,0.248994596616288,TRUE
17,"ICA (oracle)",NA,6,6,0.278876528896255,FALSE
17,"ICA (oracle)",NA,7,7,0.305367488426155,FALSE
17,"ICA (oracle)",NA,8,8,0.329124301997446,FALSE
17,"ICA (oracle)",NA,9,9,0.351009967513727,FALSE
17,"ICA (oracle)",NA,10,10,0.371439171471045,FALSE
17,"ICA (oracle)",NA,11,11,0.390396930041873,FALSE
17,"ICA (oracle)",NA,12,12,0.408433216061661,FALSE
17,"ICA (oracle)",NA,13,13,0.425651958641266,FALSE
17,"ICA (oracle)",NA,14,14,0.442057490424242,FALSE
17,"ICA (oracle)",NA,15,15,0.457683036212225,FALSE
17,"ICA (oracle)",NA,16,16,0.47237918653707,FALSE
17,"ICA (oracle)",NA,17,17,0.486652733661342,FALSE
17,"ICA (oracle)",NA,18,18,0.500422388150248,FALSE
17,"ICA (oracle)",NA,19,19,0.513700830334815,FALSE
17,"ICA (oracle)",NA,20,20,0.526628740573501,FALSE
17,"ICA (oracle)",NA,21,21,0.539039880838171,FALSE
17,"ICA (oracle)",NA,22,22,0.551170237238063,FALSE
17,"ICA (oracle)",NA,23,23,0.562835351491179,FALSE
17,"ICA (oracle)",NA,24,24,0.57411886061345,FALSE
17,"ICA (oracle)",NA,25,25,0.585186772889363,FALSE
17,"ICA (oracle)",NA,26,26,0.595912139612315,FALSE
17,"ICA (oracle)",NA,27,27,0.606368433146935,FALSE
17,"ICA (oracle)",NA,28,28,0.616569077082039,FALSE
17,"ICA (oracle)",NA,29,29,0.626573939872176,FALSE
17,"ICA (oracle)",NA,30,30,0.636345149637766,FALSE
17,"SoftImpute (oracle)",1,0,0,0.79926446222534,NA
17,"SoftImpute (oracle)",1,1,1,0.544262067441355,NA
17,"SoftImpute (oracle)",1,2,2,0.368276876908024,NA
17,"SoftImpute (oracle)",1,3,3,0.172664356385398,NA
17,"SoftImpute (oracle)",1,4,4,0.212728939704697,NA
17,"SoftImpute (oracle)",1,5,5,0.246122309849148,NA
17,"SoftImpute (oracle)",1,6,6,0.275305880705477,NA
17,"SoftImpute (oracle)",1,7,7,0.301196191972611,NA
17,"SoftImpute (oracle)",1,8,8,0.324420385114794,NA
17,"SoftImpute (oracle)",1,9,9,0.345822432547458,NA
17,"SoftImpute (oracle)",1,10,10,0.365805836161656,NA
17,"SoftImpute (oracle)",1,11,11,0.384349011925805,NA
17,"SoftImpute (oracle)",1,12,12,0.401995382931644,NA
17,"SoftImpute (oracle)",1,13,13,0.418845126413061,NA
17,"SoftImpute (oracle)",1,14,14,0.434899870763922,NA
17,"SoftImpute (oracle)",1,15,15,0.450190592928318,NA
17,"SoftImpute (oracle)",1,16,16,0.464566522196798,NA
17,"SoftImpute (oracle)",1,17,17,0.478531717555614,NA
17,"SoftImpute (oracle)",1,18,18,0.492003974598297,NA
17,"SoftImpute (oracle)",1,19,19,0.504994977674211,NA
17,"SoftImpute (oracle)",1,20,20,0.517644256602381,NA
17,"SoftImpute (oracle)",1,21,21,0.529785258193721,NA
17,"SoftImpute (oracle)",1,22,22,0.541652811540452,NA
17,"SoftImpute (oracle)",1,23,23,0.553062353349992,NA
17,"SoftImpute (oracle)",1,24,24,0.564096858159423,NA
17,"SoftImpute (oracle)",1,25,25,0.574921542296666,NA
17,"SoftImpute (oracle)",1,26,26,0.585409391417549,NA
17,"SoftImpute (oracle)",1,27,27,0.595633384055404,NA
17,"SoftImpute (oracle)",1,28,28,0.605606624422274,NA
17,"SoftImpute (oracle)",1,29,29,0.615388585268322,NA
17,"SoftImpute (oracle)",1,30,30,0.624941248073199,NA
18,"PCA (oracle)",NA,0,0,0.777083779267591,NA
18,"PCA (oracle)",NA,1,1,0.519488321806592,NA
18,"PCA (oracle)",NA,2,2,0.372572628337035,NA
18,"PCA (oracle)",NA,3,3,0.173103524897586,NA
18,"PCA (oracle)",NA,4,4,0.214375524924313,NA
18,"PCA (oracle)",NA,5,5,0.248435182845705,NA
18,"PCA (oracle)",NA,6,6,0.277772145027771,NA
18,"PCA (oracle)",NA,7,7,0.304060338771323,NA
18,"PCA (oracle)",NA,8,8,0.328075185551524,NA
18,"PCA (oracle)",NA,9,9,0.349988587313067,NA
18,"PCA (oracle)",NA,10,10,0.370406639935045,NA
18,"PCA (oracle)",NA,11,11,0.389545787399014,NA
18,"PCA (oracle)",NA,12,12,0.40756798933784,NA
18,"PCA (oracle)",NA,13,13,0.424610787836516,NA
18,"PCA (oracle)",NA,14,14,0.440838223611693,NA
18,"PCA (oracle)",NA,15,15,0.456335032079852,NA
18,"PCA (oracle)",NA,16,16,0.471195584698248,NA
18,"PCA (oracle)",NA,17,17,0.485481865559123,NA
18,"PCA (oracle)",NA,18,18,0.499248614082042,NA
18,"PCA (oracle)",NA,19,19,0.512507721334596,NA
18,"PCA (oracle)",NA,20,20,0.525318773490217,NA
18,"PCA (oracle)",NA,21,21,0.537697550397691,NA
18,"PCA (oracle)",NA,22,22,0.5497284632132,NA
18,"PCA (oracle)",NA,23,23,0.561373644403576,NA
18,"PCA (oracle)",NA,24,24,0.572708986992816,NA
18,"PCA (oracle)",NA,25,25,0.583714035288322,NA
18,"PCA (oracle)",NA,26,26,0.594439839874216,NA
18,"PCA (oracle)",NA,27,27,0.604914364474722,NA
18,"PCA (oracle)",NA,28,28,0.615088077618511,NA
18,"PCA (oracle)",NA,29,29,0.625029577427044,NA
18,"PCA (oracle)",NA,30,30,0.634770500427751,NA
18,"ICA (oracle)",NA,0,0,0.777083779267591,NA
18,"ICA (oracle)",NA,1,1,0.519488321806592,TRUE
18,"ICA (oracle)",NA,2,2,0.372572628337035,TRUE
18,"ICA (oracle)",NA,3,3,0.173103524897586,TRUE
18,"ICA (oracle)",NA,4,4,0.214375524924313,TRUE
18,"ICA (oracle)",NA,5,5,0.248435182845705,TRUE
18,"ICA (oracle)",NA,6,6,0.277772145027771,TRUE
18,"ICA (oracle)",NA,7,7,0.304060338771323,FALSE
18,"ICA (oracle)",NA,8,8,0.328075185551524,FALSE
18,"ICA (oracle)",NA,9,9,0.349988587313067,FALSE
18,"ICA (oracle)",NA,10,10,0.370406639935045,TRUE
18,"ICA (oracle)",NA,11,11,0.389545787399014,TRUE
18,"ICA (oracle)",NA,12,12,0.40756798933784,FALSE
18,"ICA (oracle)",NA,13,13,0.424610787836516,FALSE
18,"ICA (oracle)",NA,14,14,0.440838223611693,FALSE
18,"ICA (oracle)",NA,15,15,0.456335032079852,FALSE
18,"ICA (oracle)",NA,16,16,0.471195584698248,FALSE
18,"ICA (oracle)",NA,17,17,0.485481865559123,FALSE
18,"ICA (oracle)",NA,18,18,0.499248614082042,FALSE
18,"ICA (oracle)",NA,19,19,0.512507721334596,FALSE
18,"ICA (oracle)",NA,20,20,0.525318773490217,FALSE
18,"ICA (oracle)",NA,21,21,0.537697550397691,FALSE
18,"ICA (oracle)",NA,22,22,0.5497284632132,FALSE
18,"ICA (oracle)",NA,23,23,0.561373644403576,FALSE
18,"ICA (oracle)",NA,24,24,0.572708986992816,FALSE
18,"ICA (oracle)",NA,25,25,0.583714035288321,FALSE
18,"ICA (oracle)",NA,26,26,0.594439839874215,FALSE
18,"ICA (oracle)",NA,27,27,0.604914364474722,FALSE
18,"ICA (oracle)",NA,28,28,0.615088077618511,FALSE
18,"ICA (oracle)",NA,29,29,0.625029577427043,FALSE
18,"ICA (oracle)",NA,30,30,0.634770500427751,FALSE
18,"SoftImpute (oracle)",1,0,0,0.777083779267591,NA
18,"SoftImpute (oracle)",1,1,1,0.5194289599458,NA
18,"SoftImpute (oracle)",1,2,2,0.372372583376726,NA
18,"SoftImpute (oracle)",1,3,3,0.172323281344232,NA
18,"SoftImpute (oracle)",1,4,4,0.212430704059281,NA
18,"SoftImpute (oracle)",1,5,5,0.245628773525415,NA
18,"SoftImpute (oracle)",1,6,6,0.274262956329748,NA
18,"SoftImpute (oracle)",1,7,7,0.299945671800945,NA
18,"SoftImpute (oracle)",1,8,8,0.323422375674738,NA
18,"SoftImpute (oracle)",1,9,9,0.344848633892761,NA
18,"SoftImpute (oracle)",1,10,10,0.364818123202312,NA
18,"SoftImpute (oracle)",1,11,11,0.383539771125006,NA
18,"SoftImpute (oracle)",1,12,12,0.401170143118361,NA
18,"SoftImpute (oracle)",1,13,13,0.417842731135325,NA
18,"SoftImpute (oracle)",1,14,14,0.433718324163765,NA
18,"SoftImpute (oracle)",1,15,15,0.448879256248132,NA
18,"SoftImpute (oracle)",1,16,16,0.463417909552563,NA
18,"SoftImpute (oracle)",1,17,17,0.477394695627888,NA
18,"SoftImpute (oracle)",1,18,18,0.490863046168277,NA
18,"SoftImpute (oracle)",1,19,19,0.503833840860573,NA
18,"SoftImpute (oracle)",1,20,20,0.516365685345578,NA
18,"SoftImpute (oracle)",1,21,21,0.528473608872463,NA
18,"SoftImpute (oracle)",1,22,22,0.540241206333085,NA
18,"SoftImpute (oracle)",1,23,23,0.551630167698591,NA
18,"SoftImpute (oracle)",1,24,24,0.562715738544758,NA
18,"SoftImpute (oracle)",1,25,25,0.573477099701316,NA
18,"SoftImpute (oracle)",1,26,26,0.583964816093491,NA
18,"SoftImpute (oracle)",1,27,27,0.594206462052369,NA
18,"SoftImpute (oracle)",1,28,28,0.604152330490099,NA
18,"SoftImpute (oracle)",1,29,29,0.613870594725609,NA
18,"SoftImpute (oracle)",1,30,30,0.623392581953145,NA
19,"PCA (oracle)",NA,0,0,0.767798667143483,NA
19,"PCA (oracle)",NA,1,1,0.468483197409243,NA
19,"PCA (oracle)",NA,2,2,0.346657470002951,NA
19,"PCA (oracle)",NA,3,3,0.17847839712817,NA
19,"PCA (oracle)",NA,4,4,0.218894669470378,NA
19,"PCA (oracle)",NA,5,5,0.252166379985538,NA
19,"PCA (oracle)",NA,6,6,0.280711907385868,NA
19,"PCA (oracle)",NA,7,7,0.306508759468041,NA
19,"PCA (oracle)",NA,8,8,0.329951378332595,NA
19,"PCA (oracle)",NA,9,9,0.351698054282069,NA
19,"PCA (oracle)",NA,10,10,0.372068983496209,NA
19,"PCA (oracle)",NA,11,11,0.391034311836093,NA
19,"PCA (oracle)",NA,12,12,0.408910129876378,NA
19,"PCA (oracle)",NA,13,13,0.425752678378389,NA
19,"PCA (oracle)",NA,14,14,0.441947908392986,NA
19,"PCA (oracle)",NA,15,15,0.457270078612461,NA
19,"PCA (oracle)",NA,16,16,0.472059012007184,NA
19,"PCA (oracle)",NA,17,17,0.486322859543842,NA
19,"PCA (oracle)",NA,18,18,0.499971634347921,NA
19,"PCA (oracle)",NA,19,19,0.513182707595594,NA
19,"PCA (oracle)",NA,20,20,0.52595840324084,NA
19,"PCA (oracle)",NA,21,21,0.538409850188154,NA
19,"PCA (oracle)",NA,22,22,0.550434439160688,NA
19,"PCA (oracle)",NA,23,23,0.562043457634461,NA
19,"PCA (oracle)",NA,24,24,0.573376701934348,NA
19,"PCA (oracle)",NA,25,25,0.584417539911532,NA
19,"PCA (oracle)",NA,26,26,0.595203905526783,NA
19,"PCA (oracle)",NA,27,27,0.605691410935728,NA
19,"PCA (oracle)",NA,28,28,0.615931497192684,NA
19,"PCA (oracle)",NA,29,29,0.625947459102833,NA
19,"PCA (oracle)",NA,30,30,0.635748609610471,NA
19,"ICA (oracle)",NA,0,0,0.767798667143483,NA
19,"ICA (oracle)",NA,1,1,0.468483197409243,TRUE
19,"ICA (oracle)",NA,2,2,0.346657470002951,TRUE
19,"ICA (oracle)",NA,3,3,0.17847839712817,TRUE
19,"ICA (oracle)",NA,4,4,0.218894669470378,TRUE
19,"ICA (oracle)",NA,5,5,0.252166379985537,TRUE
19,"ICA (oracle)",NA,6,6,0.280711907385868,FALSE
19,"ICA (oracle)",NA,7,7,0.306508759468041,FALSE
19,"ICA (oracle)",NA,8,8,0.329951378332595,FALSE
19,"ICA (oracle)",NA,9,9,0.351698054282069,FALSE
19,"ICA (oracle)",NA,10,10,0.372068983496209,FALSE
19,"ICA (oracle)",NA,11,11,0.391034311836093,TRUE
19,"ICA (oracle)",NA,12,12,0.408910129876378,FALSE
19,"ICA (oracle)",NA,13,13,0.425752678378389,FALSE
19,"ICA (oracle)",NA,14,14,0.441947908392986,FALSE
19,"ICA (oracle)",NA,15,15,0.457270078612461,FALSE
19,"ICA (oracle)",NA,16,16,0.472059012007184,FALSE
19,"ICA (oracle)",NA,17,17,0.486322859543842,FALSE
19,"ICA (oracle)",NA,18,18,0.499971634347921,FALSE
19,"ICA (oracle)",NA,19,19,0.513182707595594,FALSE
19,"ICA (oracle)",NA,20,20,0.52595840324084,FALSE
19,"ICA (oracle)",NA,21,21,0.538409850188154,FALSE
19,"ICA (oracle)",NA,22,22,0.550434439160688,FALSE
19,"ICA (oracle)",NA,23,23,0.562043457634461,FALSE
19,"ICA (oracle)",NA,24,24,0.573376701934349,FALSE
19,"ICA (oracle)",NA,25,25,0.584417539911532,FALSE
19,"ICA (oracle)",NA,26,26,0.595203905526783,FALSE
19,"ICA (oracle)",NA,27,27,0.605691410935728,FALSE
19,"ICA (oracle)",NA,28,28,0.615931497192684,FALSE
19,"ICA (oracle)",NA,29,29,0.625947459102833,FALSE
19,"ICA (oracle)",NA,30,30,0.635748609610472,FALSE
19,"SoftImpute (oracle)",1,0,0,0.767798667143483,NA
19,"SoftImpute (oracle)",1,1,1,0.468417626481148,NA
19,"SoftImpute (oracle)",1,2,2,0.346379856112995,NA
19,"SoftImpute (oracle)",1,3,3,0.177570337449271,NA
19,"SoftImpute (oracle)",1,4,4,0.216863578567359,NA
19,"SoftImpute (oracle)",1,5,5,0.249294884217279,NA
19,"SoftImpute (oracle)",1,6,6,0.277150976855797,NA
19,"SoftImpute (oracle)",1,7,7,0.302350264678546,NA
19,"SoftImpute (oracle)",1,8,8,0.325260986666774,NA
19,"SoftImpute (oracle)",1,9,9,0.346523918223789,NA
19,"SoftImpute (oracle)",1,10,10,0.366448643058036,NA
19,"SoftImpute (oracle)",1,11,11,0.384998840104612,NA
19,"SoftImpute (oracle)",1,12,12,0.40248476343393,NA
19,"SoftImpute (oracle)",1,13,13,0.418958937006322,NA
19,"SoftImpute (oracle)",1,14,14,0.43480347041578,NA
19,"SoftImpute (oracle)",1,15,15,0.449791163493781,NA
19,"SoftImpute (oracle)",1,16,16,0.464259185007646,NA
19,"SoftImpute (oracle)",1,17,17,0.478214306555373,NA
19,"SoftImpute (oracle)",1,18,18,0.491565617720599,NA
19,"SoftImpute (oracle)",1,19,19,0.504489066443436,NA
19,"SoftImpute (oracle)",1,20,20,0.516986157527388,NA
19,"SoftImpute (oracle)",1,21,21,0.529167056359657,NA
19,"SoftImpute (oracle)",1,22,22,0.540928791494801,NA
19,"SoftImpute (oracle)",1,23,23,0.552282089235231,NA
19,"SoftImpute (oracle)",1,24,24,0.563365950009748,NA
19,"SoftImpute (oracle)",1,25,25,0.574163377075613,NA
19,"SoftImpute (oracle)",1,26,26,0.58471185644142,NA
19,"SoftImpute (oracle)",1,27,27,0.594966777729757,NA
19,"SoftImpute (oracle)",1,28,28,0.604979173267835,NA
19,"SoftImpute (oracle)",1,29,29,0.614772024141361,NA
19,"SoftImpute (oracle)",1,30,30,0.62435438669177,NA
20,"PCA (oracle)",NA,0,0,0.796737139688262,NA
20,"PCA (oracle)",NA,1,1,0.498699317445383,NA
20,"PCA (oracle)",NA,2,2,0.371855823441705,NA
20,"PCA (oracle)",NA,3,3,0.178493220540617,NA
20,"PCA (oracle)",NA,4,4,0.218810170042021,NA
20,"PCA (oracle)",NA,5,5,0.252192230018335,NA
20,"PCA (oracle)",NA,6,6,0.281283548868539,NA
20,"PCA (oracle)",NA,7,7,0.307188435056997,NA
20,"PCA (oracle)",NA,8,8,0.331068992883712,NA
20,"PCA (oracle)",NA,9,9,0.353012595270164,NA
20,"PCA (oracle)",NA,10,10,0.373296651470661,NA
20,"PCA (oracle)",NA,11,11,0.39231448003458,NA
20,"PCA (oracle)",NA,12,12,0.410295188232509,NA
20,"PCA (oracle)",NA,13,13,0.427213684389019,NA
20,"PCA (oracle)",NA,14,14,0.443414490621494,NA
20,"PCA (oracle)",NA,15,15,0.458927035502095,NA
20,"PCA (oracle)",NA,16,16,0.47373357067865,NA
20,"PCA (oracle)",NA,17,17,0.488066688335375,NA
20,"PCA (oracle)",NA,18,18,0.501833187823696,NA
20,"PCA (oracle)",NA,19,19,0.515134891034718,NA
20,"PCA (oracle)",NA,20,20,0.52785743403835,NA
20,"PCA (oracle)",NA,21,21,0.540192014377408,NA
20,"PCA (oracle)",NA,22,22,0.552096611585452,NA
20,"PCA (oracle)",NA,23,23,0.563690319179986,NA
20,"PCA (oracle)",NA,24,24,0.575017444068443,NA
20,"PCA (oracle)",NA,25,25,0.586061155422741,NA
20,"PCA (oracle)",NA,26,26,0.596815686946785,NA
20,"PCA (oracle)",NA,27,27,0.607258682390888,NA
20,"PCA (oracle)",NA,28,28,0.617489505369624,NA
20,"PCA (oracle)",NA,29,29,0.627311201998926,NA
20,"PCA (oracle)",NA,30,30,0.636934716281139,NA
20,"ICA (oracle)",NA,0,0,0.796737139688262,NA
20,"ICA (oracle)",NA,1,1,0.498699317445383,TRUE
20,"ICA (oracle)",NA,2,2,0.371855823441705,TRUE
20,"ICA (oracle)",NA,3,3,0.178493220540617,TRUE
20,"ICA (oracle)",NA,4,4,0.218810170042021,TRUE
20,"ICA (oracle)",NA,5,5,0.252192230018335,FALSE
20,"ICA (oracle)",NA,6,6,0.281283548868539,FALSE
20,"ICA (oracle)",NA,7,7,0.307188435056997,FALSE
20,"ICA (oracle)",NA,8,8,0.331068992883712,FALSE
20,"ICA (oracle)",NA,9,9,0.353012595270164,FALSE
20,"ICA (oracle)",NA,10,10,0.373296651470661,FALSE
20,"ICA (oracle)",NA,11,11,0.39231448003458,FALSE
20,"ICA (oracle)",NA,12,12,0.41029518823251,FALSE
20,"ICA (oracle)",NA,13,13,0.427213684389019,FALSE
20,"ICA (oracle)",NA,14,14,0.443414490621495,FALSE
20,"ICA (oracle)",NA,15,15,0.458927035502095,FALSE
20,"ICA (oracle)",NA,16,16,0.47373357067865,FALSE
20,"ICA (oracle)",NA,17,17,0.488066688335375,FALSE
20,"ICA (oracle)",NA,18,18,0.501833187823696,FALSE
20,"ICA (oracle)",NA,19,19,0.515134891034718,FALSE
20,"ICA (oracle)",NA,20,20,0.52785743403835,FALSE
20,"ICA (oracle)",NA,21,21,0.540192014377408,FALSE
20,"ICA (oracle)",NA,22,22,0.552096611585452,FALSE
20,"ICA (oracle)",NA,23,23,0.563690319179986,FALSE
20,"ICA (oracle)",NA,24,24,0.575017444068443,FALSE
20,"ICA (oracle)",NA,25,25,0.586061155422741,FALSE
20,"ICA (oracle)",NA,26,26,0.596815686946785,FALSE
20,"ICA (oracle)",NA,27,27,0.607258682390888,FALSE
20,"ICA (oracle)",NA,28,28,0.617489505369624,FALSE
20,"ICA (oracle)",NA,29,29,0.627311201998927,FALSE
20,"ICA (oracle)",NA,30,30,0.636934716281139,FALSE
20,"SoftImpute (oracle)",1,0,0,0.796737139688262,NA
20,"SoftImpute (oracle)",1,1,1,0.498630387578304,NA
20,"SoftImpute (oracle)",1,2,2,0.371626270311796,NA
20,"SoftImpute (oracle)",1,3,3,0.177709067404948,NA
20,"SoftImpute (oracle)",1,4,4,0.216881462057103,NA
20,"SoftImpute (oracle)",1,5,5,0.249408963480371,NA
20,"SoftImpute (oracle)",1,6,6,0.277798880882222,NA
20,"SoftImpute (oracle)",1,7,7,0.303099574584382,NA
20,"SoftImpute (oracle)",1,8,8,0.32644168430543,NA
20,"SoftImpute (oracle)",1,9,9,0.347897197972861,NA
20,"SoftImpute (oracle)",1,10,10,0.367732431040733,NA
20,"SoftImpute (oracle)",1,11,11,0.386332457395933,NA
20,"SoftImpute (oracle)",1,12,12,0.403920802951088,NA
20,"SoftImpute (oracle)",1,13,13,0.420468861401617,NA
20,"SoftImpute (oracle)",1,14,14,0.436317330808559,NA
20,"SoftImpute (oracle)",1,15,15,0.451493434244017,NA
20,"SoftImpute (oracle)",1,16,16,0.465977741832657,NA
20,"SoftImpute (oracle)",1,17,17,0.480000801406061,NA
20,"SoftImpute (oracle)",1,18,18,0.493468502656426,NA
20,"SoftImpute (oracle)",1,19,19,0.506481419368037,NA
20,"SoftImpute (oracle)",1,20,20,0.518924640403867,NA
20,"SoftImpute (oracle)",1,21,21,0.530988156263535,NA
20,"SoftImpute (oracle)",1,22,22,0.542629442707244,NA
20,"SoftImpute (oracle)",1,23,23,0.553966760840083,NA
20,"SoftImpute (oracle)",1,24,24,0.565043851030873,NA
20,"SoftImpute (oracle)",1,25,25,0.575843519758416,NA
20,"SoftImpute (oracle)",1,26,26,0.586359649858413,NA
20,"SoftImpute (oracle)",1,27,27,0.596569610575371,NA
20,"SoftImpute (oracle)",1,28,28,0.60657223709521,NA
20,"SoftImpute (oracle)",1,29,29,0.616170790066229,NA
20,"SoftImpute (oracle)",1,30,30,0.625575451341298,NA
21,"PCA (oracle)",NA,0,0,0.872386880196409,NA
21,"PCA (oracle)",NA,1,1,0.599138698148358,NA
21,"PCA (oracle)",NA,2,2,0.40986740908739,NA
21,"PCA (oracle)",NA,3,3,0.176238090612075,NA
21,"PCA (oracle)",NA,4,4,0.216626011187221,NA
21,"PCA (oracle)",NA,5,5,0.25023308384297,NA
21,"PCA (oracle)",NA,6,6,0.27931088493591,NA
21,"PCA (oracle)",NA,7,7,0.305195979813673,NA
21,"PCA (oracle)",NA,8,8,0.328849032377065,NA
21,"PCA (oracle)",NA,9,9,0.350674730085869,NA
21,"PCA (oracle)",NA,10,10,0.371120605451238,NA
21,"PCA (oracle)",NA,11,11,0.390335298154822,NA
21,"PCA (oracle)",NA,12,12,0.408536052938956,NA
21,"PCA (oracle)",NA,13,13,0.425711705106027,NA
21,"PCA (oracle)",NA,14,14,0.44214542470271,NA
21,"PCA (oracle)",NA,15,15,0.457748521173546,NA
21,"PCA (oracle)",NA,16,16,0.472709430686733,NA
21,"PCA (oracle)",NA,17,17,0.487106847060593,NA
21,"PCA (oracle)",NA,18,18,0.500948062993396,NA
21,"PCA (oracle)",NA,19,19,0.514370024557922,NA
21,"PCA (oracle)",NA,20,20,0.527409554384972,NA
21,"PCA (oracle)",NA,21,21,0.540025347427847,NA
21,"PCA (oracle)",NA,22,22,0.552141108094381,NA
21,"PCA (oracle)",NA,23,23,0.563850707548215,NA
21,"PCA (oracle)",NA,24,24,0.575234533187702,NA
21,"PCA (oracle)",NA,25,25,0.586300660857316,NA
21,"PCA (oracle)",NA,26,26,0.597052523481241,NA
21,"PCA (oracle)",NA,27,27,0.607378758639325,NA
21,"PCA (oracle)",NA,28,28,0.617520212170375,NA
21,"PCA (oracle)",NA,29,29,0.627428745261348,NA
21,"PCA (oracle)",NA,30,30,0.637094761201295,NA
21,"ICA (oracle)",NA,0,0,0.872386880196409,NA
21,"ICA (oracle)",NA,1,1,0.599138698148358,TRUE
21,"ICA (oracle)",NA,2,2,0.40986740908739,TRUE
21,"ICA (oracle)",NA,3,3,0.176238090612075,TRUE
21,"ICA (oracle)",NA,4,4,0.216626011187221,TRUE
21,"ICA (oracle)",NA,5,5,0.25023308384297,TRUE
21,"ICA (oracle)",NA,6,6,0.27931088493591,TRUE
21,"ICA (oracle)",NA,7,7,0.305195979813673,FALSE
21,"ICA (oracle)",NA,8,8,0.328849032377064,FALSE
21,"ICA (oracle)",NA,9,9,0.350674730085869,FALSE
21,"ICA (oracle)",NA,10,10,0.371120605451238,FALSE
21,"ICA (oracle)",NA,11,11,0.390335298154822,FALSE
21,"ICA (oracle)",NA,12,12,0.408536052938956,FALSE
21,"ICA (oracle)",NA,13,13,0.425711705106027,FALSE
21,"ICA (oracle)",NA,14,14,0.44214542470271,FALSE
21,"ICA (oracle)",NA,15,15,0.457748521173546,FALSE
21,"ICA (oracle)",NA,16,16,0.472709430686733,FALSE
21,"ICA (oracle)",NA,17,17,0.487106847060593,FALSE
21,"ICA (oracle)",NA,18,18,0.500948062993396,FALSE
21,"ICA (oracle)",NA,19,19,0.514370024557922,FALSE
21,"ICA (oracle)",NA,20,20,0.527409554384972,FALSE
21,"ICA (oracle)",NA,21,21,0.540025347427846,FALSE
21,"ICA (oracle)",NA,22,22,0.552141108094381,FALSE
21,"ICA (oracle)",NA,23,23,0.563850707548215,FALSE
21,"ICA (oracle)",NA,24,24,0.575234533187703,FALSE
21,"ICA (oracle)",NA,25,25,0.586300660857316,FALSE
21,"ICA (oracle)",NA,26,26,0.597052523481241,FALSE
21,"ICA (oracle)",NA,27,27,0.607378758639325,FALSE
21,"ICA (oracle)",NA,28,28,0.617520212170375,FALSE
21,"ICA (oracle)",NA,29,29,0.627428745261347,FALSE
21,"ICA (oracle)",NA,30,30,0.637094761201295,FALSE
21,"SoftImpute (oracle)",1,0,0,0.872386880196409,NA
21,"SoftImpute (oracle)",1,1,1,0.599085145273424,NA
21,"SoftImpute (oracle)",1,2,2,0.409658382204611,NA
21,"SoftImpute (oracle)",1,3,3,0.175475253201807,NA
21,"SoftImpute (oracle)",1,4,4,0.214709570887575,NA
21,"SoftImpute (oracle)",1,5,5,0.247456648636373,NA
21,"SoftImpute (oracle)",1,6,6,0.275831154286777,NA
21,"SoftImpute (oracle)",1,7,7,0.301110858794722,NA
21,"SoftImpute (oracle)",1,8,8,0.324225507437594,NA
21,"SoftImpute (oracle)",1,9,9,0.345562771747797,NA
21,"SoftImpute (oracle)",1,10,10,0.365558593352533,NA
21,"SoftImpute (oracle)",1,11,11,0.384354367818624,NA
21,"SoftImpute (oracle)",1,12,12,0.402161760645262,NA
21,"SoftImpute (oracle)",1,13,13,0.418965993904642,NA
21,"SoftImpute (oracle)",1,14,14,0.43504659959502,NA
21,"SoftImpute (oracle)",1,15,15,0.450312945233699,NA
21,"SoftImpute (oracle)",1,16,16,0.464951180068295,NA
21,"SoftImpute (oracle)",1,17,17,0.479038367994503,NA
21,"SoftImpute (oracle)",1,18,18,0.492580602788251,NA
21,"SoftImpute (oracle)",1,19,19,0.505713502111625,NA
21,"SoftImpute (oracle)",1,20,20,0.51847297580209,NA
21,"SoftImpute (oracle)",1,21,21,0.530817099932649,NA
21,"SoftImpute (oracle)",1,22,22,0.542669126549718,NA
21,"SoftImpute (oracle)",1,23,23,0.554122158979873,NA
21,"SoftImpute (oracle)",1,24,24,0.565255922169347,NA
21,"SoftImpute (oracle)",1,25,25,0.576078058611595,NA
21,"SoftImpute (oracle)",1,26,26,0.586591625604695,NA
21,"SoftImpute (oracle)",1,27,27,0.596685201302885,NA
21,"SoftImpute (oracle)",1,28,28,0.606598749355181,NA
21,"SoftImpute (oracle)",1,29,29,0.616283992283214,NA
21,"SoftImpute (oracle)",1,30,30,0.625731121316593,NA
22,"PCA (oracle)",NA,0,0,0.853843363264895,NA
22,"PCA (oracle)",NA,1,1,0.516988396211942,NA
22,"PCA (oracle)",NA,2,2,0.375883955564619,NA
22,"PCA (oracle)",NA,3,3,0.176756258236187,NA
22,"PCA (oracle)",NA,4,4,0.217257429927933,NA
22,"PCA (oracle)",NA,5,5,0.251178730305294,NA
22,"PCA (oracle)",NA,6,6,0.280446665110487,NA
22,"PCA (oracle)",NA,7,7,0.306575133158072,NA
22,"PCA (oracle)",NA,8,8,0.330157822781856,NA
22,"PCA (oracle)",NA,9,9,0.351855168638971,NA
22,"PCA (oracle)",NA,10,10,0.372084700057043,NA
22,"PCA (oracle)",NA,11,11,0.390996389854894,NA
22,"PCA (oracle)",NA,12,12,0.408903013932133,NA
22,"PCA (oracle)",NA,13,13,0.425969734428367,NA
22,"PCA (oracle)",NA,14,14,0.442159721060676,NA
22,"PCA (oracle)",NA,15,15,0.457666898201224,NA
22,"PCA (oracle)",NA,16,16,0.472510751919311,NA
22,"PCA (oracle)",NA,17,17,0.486673004111497,NA
22,"PCA (oracle)",NA,18,18,0.500324045306211,NA
22,"PCA (oracle)",NA,19,19,0.513525590749585,NA
22,"PCA (oracle)",NA,20,20,0.526297855803091,NA
22,"PCA (oracle)",NA,21,21,0.538668418533858,NA
22,"PCA (oracle)",NA,22,22,0.550704230427184,NA
22,"PCA (oracle)",NA,23,23,0.562346722709165,NA
22,"PCA (oracle)",NA,24,24,0.57369226580129,NA
22,"PCA (oracle)",NA,25,25,0.584721875484191,NA
22,"PCA (oracle)",NA,26,26,0.595565683853196,NA
22,"PCA (oracle)",NA,27,27,0.605972958861936,NA
22,"PCA (oracle)",NA,28,28,0.616164077119325,NA
22,"PCA (oracle)",NA,29,29,0.626178648559567,NA
22,"PCA (oracle)",NA,30,30,0.635902241150357,NA
22,"ICA (oracle)",NA,0,0,0.853843363264895,NA
22,"ICA (oracle)",NA,1,1,0.516988396211942,TRUE
22,"ICA (oracle)",NA,2,2,0.375883955564619,TRUE
22,"ICA (oracle)",NA,3,3,0.176756258236187,TRUE
22,"ICA (oracle)",NA,4,4,0.217257429927933,TRUE
22,"ICA (oracle)",NA,5,5,0.251178730305294,TRUE
22,"ICA (oracle)",NA,6,6,0.280446665110487,TRUE
22,"ICA (oracle)",NA,7,7,0.306575133158072,TRUE
22,"ICA (oracle)",NA,8,8,0.330157822781856,FALSE
22,"ICA (oracle)",NA,9,9,0.351855168638972,FALSE
22,"ICA (oracle)",NA,10,10,0.372084700057043,FALSE
22,"ICA (oracle)",NA,11,11,0.390996389854894,FALSE
22,"ICA (oracle)",NA,12,12,0.408903013932133,TRUE
22,"ICA (oracle)",NA,13,13,0.425969734428367,FALSE
22,"ICA (oracle)",NA,14,14,0.442159721060676,FALSE
22,"ICA (oracle)",NA,15,15,0.457666898201224,FALSE
22,"ICA (oracle)",NA,16,16,0.472510751919311,FALSE
22,"ICA (oracle)",NA,17,17,0.486673004111497,FALSE
22,"ICA (oracle)",NA,18,18,0.500324045306211,FALSE
22,"ICA (oracle)",NA,19,19,0.513525590749586,FALSE
22,"ICA (oracle)",NA,20,20,0.526297855803092,FALSE
22,"ICA (oracle)",NA,21,21,0.538668418533858,FALSE
22,"ICA (oracle)",NA,22,22,0.550704230427184,FALSE
22,"ICA (oracle)",NA,23,23,0.562346722709165,FALSE
22,"ICA (oracle)",NA,24,24,0.57369226580129,FALSE
22,"ICA (oracle)",NA,25,25,0.584721875484191,FALSE
22,"ICA (oracle)",NA,26,26,0.595565683853196,FALSE
22,"ICA (oracle)",NA,27,27,0.605972958861937,FALSE
22,"ICA (oracle)",NA,28,28,0.616164077119326,FALSE
22,"ICA (oracle)",NA,29,29,0.626178648559567,FALSE
22,"ICA (oracle)",NA,30,30,0.635902241150358,FALSE
22,"SoftImpute (oracle)",1,0,0,0.853843363264895,NA
22,"SoftImpute (oracle)",1,1,1,0.516931424168668,NA
22,"SoftImpute (oracle)",1,2,2,0.375650865835692,NA
22,"SoftImpute (oracle)",1,3,3,0.175889650326594,NA
22,"SoftImpute (oracle)",1,4,4,0.215256224813023,NA
22,"SoftImpute (oracle)",1,5,5,0.248327342494255,NA
22,"SoftImpute (oracle)",1,6,6,0.276899261400258,NA
22,"SoftImpute (oracle)",1,7,7,0.302427381116741,NA
22,"SoftImpute (oracle)",1,8,8,0.325476855711644,NA
22,"SoftImpute (oracle)",1,9,9,0.346690114224881,NA
22,"SoftImpute (oracle)",1,10,10,0.366473461393943,NA
22,"SoftImpute (oracle)",1,11,11,0.384969757593738,NA
22,"SoftImpute (oracle)",1,12,12,0.40248600382595,NA
22,"SoftImpute (oracle)",1,13,13,0.419183368637587,NA
22,"SoftImpute (oracle)",1,14,14,0.435022427071689,NA
22,"SoftImpute (oracle)",1,15,15,0.450194409250842,NA
22,"SoftImpute (oracle)",1,16,16,0.46471704120898,NA
22,"SoftImpute (oracle)",1,17,17,0.478570681765154,NA
22,"SoftImpute (oracle)",1,18,18,0.49192410909266,NA
22,"SoftImpute (oracle)",1,19,19,0.50483792028558,NA
22,"SoftImpute (oracle)",1,20,20,0.517331465298385,NA
22,"SoftImpute (oracle)",1,21,21,0.529431552259101,NA
22,"SoftImpute (oracle)",1,22,22,0.541204369075422,NA
22,"SoftImpute (oracle)",1,23,23,0.552590956441148,NA
22,"SoftImpute (oracle)",1,24,24,0.563686991556935,NA
22,"SoftImpute (oracle)",1,25,25,0.574473126514095,NA
22,"SoftImpute (oracle)",1,26,26,0.585078835929133,NA
22,"SoftImpute (oracle)",1,27,27,0.595253636780017,NA
22,"SoftImpute (oracle)",1,28,28,0.605217099109714,NA
22,"SoftImpute (oracle)",1,29,29,0.615008485817281,NA
22,"SoftImpute (oracle)",1,30,30,0.624513394409122,NA
23,"PCA (oracle)",NA,0,0,0.774842696323258,NA
23,"PCA (oracle)",NA,1,1,0.457712078593078,NA
23,"PCA (oracle)",NA,2,2,0.341828817705499,NA
23,"PCA (oracle)",NA,3,3,0.175067982252799,NA
23,"PCA (oracle)",NA,4,4,0.21511345649612,NA
23,"PCA (oracle)",NA,5,5,0.248653496144129,NA
23,"PCA (oracle)",NA,6,6,0.277678810011343,NA
23,"PCA (oracle)",NA,7,7,0.303826073853295,NA
23,"PCA (oracle)",NA,8,8,0.327485650416125,NA
23,"PCA (oracle)",NA,9,9,0.349287640836887,NA
23,"PCA (oracle)",NA,10,10,0.36973269676354,NA
23,"PCA (oracle)",NA,11,11,0.388887887939012,NA
23,"PCA (oracle)",NA,12,12,0.406991986155846,NA
23,"PCA (oracle)",NA,13,13,0.424215440389096,NA
23,"PCA (oracle)",NA,14,14,0.440535370010612,NA
23,"PCA (oracle)",NA,15,15,0.455929977270256,NA
23,"PCA (oracle)",NA,16,16,0.47072253534057,NA
23,"PCA (oracle)",NA,17,17,0.484892822609206,NA
23,"PCA (oracle)",NA,18,18,0.498598540975504,NA
23,"PCA (oracle)",NA,19,19,0.511838166351985,NA
23,"PCA (oracle)",NA,20,20,0.524598485838517,NA
23,"PCA (oracle)",NA,21,21,0.536951352866612,NA
23,"PCA (oracle)",NA,22,22,0.548955217516408,NA
23,"PCA (oracle)",NA,23,23,0.560677719360979,NA
23,"PCA (oracle)",NA,24,24,0.572089529673058,NA
23,"PCA (oracle)",NA,25,25,0.58317467932124,NA
23,"PCA (oracle)",NA,26,26,0.593975851800069,NA
23,"PCA (oracle)",NA,27,27,0.604474426027485,NA
23,"PCA (oracle)",NA,28,28,0.614732293840598,NA
23,"PCA (oracle)",NA,29,29,0.624768047738899,NA
23,"PCA (oracle)",NA,30,30,0.634506035644174,NA
23,"ICA (oracle)",NA,0,0,0.774842696323258,NA
23,"ICA (oracle)",NA,1,1,0.457712078593078,TRUE
23,"ICA (oracle)",NA,2,2,0.341828817705499,TRUE
23,"ICA (oracle)",NA,3,3,0.175067982252799,TRUE
23,"ICA (oracle)",NA,4,4,0.21511345649612,TRUE
23,"ICA (oracle)",NA,5,5,0.248653496144129,TRUE
23,"ICA (oracle)",NA,6,6,0.277678810011343,FALSE
23,"ICA (oracle)",NA,7,7,0.303826073853295,FALSE
23,"ICA (oracle)",NA,8,8,0.327485650416125,FALSE
23,"ICA (oracle)",NA,9,9,0.349287640836887,FALSE
23,"ICA (oracle)",NA,10,10,0.369732696763539,FALSE
23,"ICA (oracle)",NA,11,11,0.388887887939012,FALSE
23,"ICA (oracle)",NA,12,12,0.406991986155846,FALSE
23,"ICA (oracle)",NA,13,13,0.424215440389096,FALSE
23,"ICA (oracle)",NA,14,14,0.440535370010612,FALSE
23,"ICA (oracle)",NA,15,15,0.455929977270256,FALSE
23,"ICA (oracle)",NA,16,16,0.47072253534057,FALSE
23,"ICA (oracle)",NA,17,17,0.484892822609206,FALSE
23,"ICA (oracle)",NA,18,18,0.498598540975504,FALSE
23,"ICA (oracle)",NA,19,19,0.511838166351984,FALSE
23,"ICA (oracle)",NA,20,20,0.524598485838517,FALSE
23,"ICA (oracle)",NA,21,21,0.536951352866612,FALSE
23,"ICA (oracle)",NA,22,22,0.548955217516408,FALSE
23,"ICA (oracle)",NA,23,23,0.560677719360979,FALSE
23,"ICA (oracle)",NA,24,24,0.572089529673058,FALSE
23,"ICA (oracle)",NA,25,25,0.58317467932124,FALSE
23,"ICA (oracle)",NA,26,26,0.593975851800069,FALSE
23,"ICA (oracle)",NA,27,27,0.604474426027485,FALSE
23,"ICA (oracle)",NA,28,28,0.614732293840598,FALSE
23,"ICA (oracle)",NA,29,29,0.624768047738899,FALSE
23,"ICA (oracle)",NA,30,30,0.634506035644174,FALSE
23,"SoftImpute (oracle)",1,0,0,0.774842696323258,NA
23,"SoftImpute (oracle)",1,1,1,0.457652702677779,NA
23,"SoftImpute (oracle)",1,2,2,0.341565894354958,NA
23,"SoftImpute (oracle)",1,3,3,0.174253149457378,NA
23,"SoftImpute (oracle)",1,4,4,0.213155203468413,NA
23,"SoftImpute (oracle)",1,5,5,0.245839670545576,NA
23,"SoftImpute (oracle)",1,6,6,0.274164818658547,NA
23,"SoftImpute (oracle)",1,7,7,0.299707625440899,NA
23,"SoftImpute (oracle)",1,8,8,0.322830705384916,NA
23,"SoftImpute (oracle)",1,9,9,0.344145953408343,NA
23,"SoftImpute (oracle)",1,10,10,0.364142311395731,NA
23,"SoftImpute (oracle)",1,11,11,0.382879933858948,NA
23,"SoftImpute (oracle)",1,12,12,0.400591953204931,NA
23,"SoftImpute (oracle)",1,13,13,0.417444705309948,NA
23,"SoftImpute (oracle)",1,14,14,0.43341259666662,NA
23,"SoftImpute (oracle)",1,15,15,0.448471671179822,NA
23,"SoftImpute (oracle)",1,16,16,0.462942550851227,NA
23,"SoftImpute (oracle)",1,17,17,0.476803669452612,NA
23,"SoftImpute (oracle)",1,18,18,0.490211153608099,NA
23,"SoftImpute (oracle)",1,19,19,0.503162518843362,NA
23,"SoftImpute (oracle)",1,20,20,0.515643755281502,NA
23,"SoftImpute (oracle)",1,21,21,0.527725827289696,NA
23,"SoftImpute (oracle)",1,22,22,0.539466435384785,NA
23,"SoftImpute (oracle)",1,23,23,0.550932533629158,NA
23,"SoftImpute (oracle)",1,24,24,0.562094400149624,NA
23,"SoftImpute (oracle)",1,25,25,0.572935688141395,NA
23,"SoftImpute (oracle)",1,26,26,0.583498615932084,NA
23,"SoftImpute (oracle)",1,27,27,0.593764276703448,NA
23,"SoftImpute (oracle)",1,28,28,0.603794127380709,NA
23,"SoftImpute (oracle)",1,29,29,0.61360645670228,NA
23,"SoftImpute (oracle)",1,30,30,0.623125546100714,NA
24,"PCA (oracle)",NA,0,0,0.864055425255499,NA
24,"PCA (oracle)",NA,1,1,0.53385513482414,NA
24,"PCA (oracle)",NA,2,2,0.370065814741567,NA
24,"PCA (oracle)",NA,3,3,0.175313734761332,NA
24,"PCA (oracle)",NA,4,4,0.216188976328025,NA
24,"PCA (oracle)",NA,5,5,0.24939819817494,NA
24,"PCA (oracle)",NA,6,6,0.278347163255776,NA
24,"PCA (oracle)",NA,7,7,0.304186903607415,NA
24,"PCA (oracle)",NA,8,8,0.327665283342114,NA
24,"PCA (oracle)",NA,9,9,0.349382409754178,NA
24,"PCA (oracle)",NA,10,10,0.369707274627167,NA
24,"PCA (oracle)",NA,11,11,0.388906200836675,NA
24,"PCA (oracle)",NA,12,12,0.406870603460285,NA
24,"PCA (oracle)",NA,13,13,0.423807515670936,NA
24,"PCA (oracle)",NA,14,14,0.439943296439935,NA
24,"PCA (oracle)",NA,15,15,0.455422495978637,NA
24,"PCA (oracle)",NA,16,16,0.470288753664924,NA
24,"PCA (oracle)",NA,17,17,0.484452431393671,NA
24,"PCA (oracle)",NA,18,18,0.498100115135854,NA
24,"PCA (oracle)",NA,19,19,0.511312981261808,NA
24,"PCA (oracle)",NA,20,20,0.524130612463498,NA
24,"PCA (oracle)",NA,21,21,0.536514823279077,NA
24,"PCA (oracle)",NA,22,22,0.548317312506022,NA
24,"PCA (oracle)",NA,23,23,0.559812228133971,NA
24,"PCA (oracle)",NA,24,24,0.571028376891319,NA
24,"PCA (oracle)",NA,25,25,0.581939701109984,NA
24,"PCA (oracle)",NA,26,26,0.592647673350601,NA
24,"PCA (oracle)",NA,27,27,0.603100912460509,NA
24,"PCA (oracle)",NA,28,28,0.613255617863882,NA
24,"PCA (oracle)",NA,29,29,0.623196145920602,NA
24,"PCA (oracle)",NA,30,30,0.632969347883003,NA
24,"ICA (oracle)",NA,0,0,0.864055425255499,NA
24,"ICA (oracle)",NA,1,1,0.53385513482414,TRUE
24,"ICA (oracle)",NA,2,2,0.370065814741567,TRUE
24,"ICA (oracle)",NA,3,3,0.175313734761332,TRUE
24,"ICA (oracle)",NA,4,4,0.216188976328025,TRUE
24,"ICA (oracle)",NA,5,5,0.24939819817494,TRUE
24,"ICA (oracle)",NA,6,6,0.278347163255776,TRUE
24,"ICA (oracle)",NA,7,7,0.304186903607415,FALSE
24,"ICA (oracle)",NA,8,8,0.327665283342114,FALSE
24,"ICA (oracle)",NA,9,9,0.349382409754178,FALSE
24,"ICA (oracle)",NA,10,10,0.369707274627167,FALSE
24,"ICA (oracle)",NA,11,11,0.388906200836675,FALSE
24,"ICA (oracle)",NA,12,12,0.406870603460285,FALSE
24,"ICA (oracle)",NA,13,13,0.423807515670936,FALSE
24,"ICA (oracle)",NA,14,14,0.439943296439935,FALSE
24,"ICA (oracle)",NA,15,15,0.455422495978637,FALSE
24,"ICA (oracle)",NA,16,16,0.470288753664925,FALSE
24,"ICA (oracle)",NA,17,17,0.484452431393671,FALSE
24,"ICA (oracle)",NA,18,18,0.498100115135854,FALSE
24,"ICA (oracle)",NA,19,19,0.511312981261807,FALSE
24,"ICA (oracle)",NA,20,20,0.524130612463499,FALSE
24,"ICA (oracle)",NA,21,21,0.536514823279078,FALSE
24,"ICA (oracle)",NA,22,22,0.548317312506022,FALSE
24,"ICA (oracle)",NA,23,23,0.559812228133972,FALSE
24,"ICA (oracle)",NA,24,24,0.571028376891318,FALSE
24,"ICA (oracle)",NA,25,25,0.581939701109984,FALSE
24,"ICA (oracle)",NA,26,26,0.5926476733506,FALSE
24,"ICA (oracle)",NA,27,27,0.603100912460509,FALSE
24,"ICA (oracle)",NA,28,28,0.613255617863883,FALSE
24,"ICA (oracle)",NA,29,29,0.623196145920602,FALSE
24,"ICA (oracle)",NA,30,30,0.632969347883002,FALSE
24,"SoftImpute (oracle)",1,0,0,0.864055425255499,NA
24,"SoftImpute (oracle)",1,1,1,0.533806906313066,NA
24,"SoftImpute (oracle)",1,2,2,0.369876817843516,NA
24,"SoftImpute (oracle)",1,3,3,0.174593528407856,NA
24,"SoftImpute (oracle)",1,4,4,0.214301034927447,NA
24,"SoftImpute (oracle)",1,5,5,0.24664880211604,NA
24,"SoftImpute (oracle)",1,6,6,0.274891877941105,NA
24,"SoftImpute (oracle)",1,7,7,0.300123962433777,NA
24,"SoftImpute (oracle)",1,8,8,0.32306277848046,NA
24,"SoftImpute (oracle)",1,9,9,0.344290293193013,NA
24,"SoftImpute (oracle)",1,10,10,0.364164181866775,NA
24,"SoftImpute (oracle)",1,11,11,0.382943078450806,NA
24,"SoftImpute (oracle)",1,12,12,0.400513854519226,NA
24,"SoftImpute (oracle)",1,13,13,0.41707914542975,NA
24,"SoftImpute (oracle)",1,14,14,0.432861805663845,NA
24,"SoftImpute (oracle)",1,15,15,0.448003793727438,NA
24,"SoftImpute (oracle)",1,16,16,0.462546895549508,NA
24,"SoftImpute (oracle)",1,17,17,0.476400278500679,NA
24,"SoftImpute (oracle)",1,18,18,0.489748833126302,NA
24,"SoftImpute (oracle)",1,19,19,0.502672543708821,NA
24,"SoftImpute (oracle)",1,20,20,0.515210066756675,NA
24,"SoftImpute (oracle)",1,21,21,0.52732259746012,NA
24,"SoftImpute (oracle)",1,22,22,0.5388615730749,NA
24,"SoftImpute (oracle)",1,23,23,0.550099913655965,NA
24,"SoftImpute (oracle)",1,24,24,0.56106588824297,NA
24,"SoftImpute (oracle)",1,25,25,0.571733095282687,NA
24,"SoftImpute (oracle)",1,26,26,0.582202399918045,NA
24,"SoftImpute (oracle)",1,27,27,0.592422223696991,NA
24,"SoftImpute (oracle)",1,28,28,0.602348576002605,NA
24,"SoftImpute (oracle)",1,29,29,0.612065346465774,NA
24,"SoftImpute (oracle)",1,30,30,0.621619041170719,NA
25,"PCA (oracle)",NA,0,0,0.756939834930038,NA
25,"PCA (oracle)",NA,1,1,0.482858065166567,NA
25,"PCA (oracle)",NA,2,2,0.334753695990488,NA
25,"PCA (oracle)",NA,3,3,0.171698933461956,NA
25,"PCA (oracle)",NA,4,4,0.213486352343807,NA
25,"PCA (oracle)",NA,5,5,0.247562796710252,NA
25,"PCA (oracle)",NA,6,6,0.277156413353542,NA
25,"PCA (oracle)",NA,7,7,0.303794496854428,NA
25,"PCA (oracle)",NA,8,8,0.327352481001774,NA
25,"PCA (oracle)",NA,9,9,0.349042637003049,NA
25,"PCA (oracle)",NA,10,10,0.369413221524134,NA
25,"PCA (oracle)",NA,11,11,0.388692441690439,NA
25,"PCA (oracle)",NA,12,12,0.406817732972125,NA
25,"PCA (oracle)",NA,13,13,0.423956732377385,NA
25,"PCA (oracle)",NA,14,14,0.440128333127837,NA
25,"PCA (oracle)",NA,15,15,0.455620143223618,NA
25,"PCA (oracle)",NA,16,16,0.470554872241128,NA
25,"PCA (oracle)",NA,17,17,0.484933127194581,NA
25,"PCA (oracle)",NA,18,18,0.498739219751347,NA
25,"PCA (oracle)",NA,19,19,0.512111038893414,NA
25,"PCA (oracle)",NA,20,20,0.524933741265763,NA
25,"PCA (oracle)",NA,21,21,0.537373259647829,NA
25,"PCA (oracle)",NA,22,22,0.549420596522805,NA
25,"PCA (oracle)",NA,23,23,0.561141439231299,NA
25,"PCA (oracle)",NA,24,24,0.572454727273304,NA
25,"PCA (oracle)",NA,25,25,0.58343558181449,NA
25,"PCA (oracle)",NA,26,26,0.59415527731222,NA
25,"PCA (oracle)",NA,27,27,0.604601171520146,NA
25,"PCA (oracle)",NA,28,28,0.614856770254306,NA
25,"PCA (oracle)",NA,29,29,0.624823799341388,NA
25,"PCA (oracle)",NA,30,30,0.634565407825426,NA
25,"ICA (oracle)",NA,0,0,0.756939834930038,NA
25,"ICA (oracle)",NA,1,1,0.482858065166567,TRUE
25,"ICA (oracle)",NA,2,2,0.334753695990488,TRUE
25,"ICA (oracle)",NA,3,3,0.171698933461956,TRUE
25,"ICA (oracle)",NA,4,4,0.213486352343807,TRUE
25,"ICA (oracle)",NA,5,5,0.247562796710252,TRUE
25,"ICA (oracle)",NA,6,6,0.277156413353543,TRUE
25,"ICA (oracle)",NA,7,7,0.303794496854427,FALSE
25,"ICA (oracle)",NA,8,8,0.327352481001774,TRUE
25,"ICA (oracle)",NA,9,9,0.349042637003049,FALSE
25,"ICA (oracle)",NA,10,10,0.369413221524135,FALSE
25,"ICA (oracle)",NA,11,11,0.38869244169044,FALSE
25,"ICA (oracle)",NA,12,12,0.406817732972125,FALSE
25,"ICA (oracle)",NA,13,13,0.423956732377385,FALSE
25,"ICA (oracle)",NA,14,14,0.440128333127837,FALSE
25,"ICA (oracle)",NA,15,15,0.455620143223618,FALSE
25,"ICA (oracle)",NA,16,16,0.470554872241127,FALSE
25,"ICA (oracle)",NA,17,17,0.484933127194581,FALSE
25,"ICA (oracle)",NA,18,18,0.498739219751347,FALSE
25,"ICA (oracle)",NA,19,19,0.512111038893414,FALSE
25,"ICA (oracle)",NA,20,20,0.524933741265764,FALSE
25,"ICA (oracle)",NA,21,21,0.537373259647829,FALSE
25,"ICA (oracle)",NA,22,22,0.549420596522805,FALSE
25,"ICA (oracle)",NA,23,23,0.561141439231299,FALSE
25,"ICA (oracle)",NA,24,24,0.572454727273304,FALSE
25,"ICA (oracle)",NA,25,25,0.583435581814491,FALSE
25,"ICA (oracle)",NA,26,26,0.59415527731222,FALSE
25,"ICA (oracle)",NA,27,27,0.604601171520146,FALSE
25,"ICA (oracle)",NA,28,28,0.614856770254306,FALSE
25,"ICA (oracle)",NA,29,29,0.624823799341388,FALSE
25,"ICA (oracle)",NA,30,30,0.634565407825426,FALSE
25,"SoftImpute (oracle)",1,0,0,0.756939834930038,NA
25,"SoftImpute (oracle)",1,1,1,0.482789888690851,NA
25,"SoftImpute (oracle)",1,2,2,0.334501693829392,NA
25,"SoftImpute (oracle)",1,3,3,0.170849180080249,NA
25,"SoftImpute (oracle)",1,4,4,0.211478042958975,NA
25,"SoftImpute (oracle)",1,5,5,0.244700483135972,NA
25,"SoftImpute (oracle)",1,6,6,0.273595283580442,NA
25,"SoftImpute (oracle)",1,7,7,0.299630544537039,NA
25,"SoftImpute (oracle)",1,8,8,0.322655692779077,NA
25,"SoftImpute (oracle)",1,9,9,0.343862074615695,NA
25,"SoftImpute (oracle)",1,10,10,0.363786293460628,NA
25,"SoftImpute (oracle)",1,11,11,0.382649307895857,NA
25,"SoftImpute (oracle)",1,12,12,0.400383988463749,NA
25,"SoftImpute (oracle)",1,13,13,0.4171538566631,NA
25,"SoftImpute (oracle)",1,14,14,0.43297497225617,NA
25,"SoftImpute (oracle)",1,15,15,0.448131984248418,NA
25,"SoftImpute (oracle)",1,16,16,0.462745587496392,NA
25,"SoftImpute (oracle)",1,17,17,0.476815004240797,NA
25,"SoftImpute (oracle)",1,18,18,0.490323418037644,NA
25,"SoftImpute (oracle)",1,19,19,0.503407410135678,NA
25,"SoftImpute (oracle)",1,20,20,0.515951576736191,NA
25,"SoftImpute (oracle)",1,21,21,0.528120747355659,NA
25,"SoftImpute (oracle)",1,22,22,0.539905337493276,NA
25,"SoftImpute (oracle)",1,23,23,0.551370353011274,NA
25,"SoftImpute (oracle)",1,24,24,0.5624344527654,NA
25,"SoftImpute (oracle)",1,25,25,0.573172171282209,NA
25,"SoftImpute (oracle)",1,26,26,0.583654256328703,NA
25,"SoftImpute (oracle)",1,27,27,0.593867772862539,NA
25,"SoftImpute (oracle)",1,28,28,0.603895750550542,NA
25,"SoftImpute (oracle)",1,29,29,0.613639877373718,NA
25,"SoftImpute (oracle)",1,30,30,0.623162922170185,NA
26,"PCA (oracle)",NA,0,0,0.773780129624472,NA
26,"PCA (oracle)",NA,1,1,0.523464312954446,NA
26,"PCA (oracle)",NA,2,2,0.372254232859536,NA
26,"PCA (oracle)",NA,3,3,0.175933203242887,NA
26,"PCA (oracle)",NA,4,4,0.217211397635693,NA
26,"PCA (oracle)",NA,5,5,0.250441932875819,NA
26,"PCA (oracle)",NA,6,6,0.279443322161938,NA
26,"PCA (oracle)",NA,7,7,0.305372717140758,NA
26,"PCA (oracle)",NA,8,8,0.328873261973217,NA
26,"PCA (oracle)",NA,9,9,0.350474856521823,NA
26,"PCA (oracle)",NA,10,10,0.370666581292518,NA
26,"PCA (oracle)",NA,11,11,0.38950573139897,NA
26,"PCA (oracle)",NA,12,12,0.407379446394981,NA
26,"PCA (oracle)",NA,13,13,0.424227579015237,NA
26,"PCA (oracle)",NA,14,14,0.440354614230146,NA
26,"PCA (oracle)",NA,15,15,0.455799506328895,NA
26,"PCA (oracle)",NA,16,16,0.470666431191925,NA
26,"PCA (oracle)",NA,17,17,0.484838588440587,NA
26,"PCA (oracle)",NA,18,18,0.498514700281166,NA
26,"PCA (oracle)",NA,19,19,0.51165329538262,NA
26,"PCA (oracle)",NA,20,20,0.524407163957118,NA
26,"PCA (oracle)",NA,21,21,0.536815632371021,NA
26,"PCA (oracle)",NA,22,22,0.548822341115014,NA
26,"PCA (oracle)",NA,23,23,0.560423522471169,NA
26,"PCA (oracle)",NA,24,24,0.571708066309109,NA
26,"PCA (oracle)",NA,25,25,0.582688150141516,NA
26,"PCA (oracle)",NA,26,26,0.593453969877743,NA
26,"PCA (oracle)",NA,27,27,0.603904296314727,NA
26,"PCA (oracle)",NA,28,28,0.61406461723219,NA
26,"PCA (oracle)",NA,29,29,0.623965483579755,NA
26,"PCA (oracle)",NA,30,30,0.633643831685312,NA
26,"ICA (oracle)",NA,0,0,0.773780129624472,NA
26,"ICA (oracle)",NA,1,1,0.523464312954446,TRUE
26,"ICA (oracle)",NA,2,2,0.372254232859536,TRUE
26,"ICA (oracle)",NA,3,3,0.175933203242887,TRUE
26,"ICA (oracle)",NA,4,4,0.217211397635692,TRUE
26,"ICA (oracle)",NA,5,5,0.250441932875819,TRUE
26,"ICA (oracle)",NA,6,6,0.279443322161938,TRUE
26,"ICA (oracle)",NA,7,7,0.305372717140758,FALSE
26,"ICA (oracle)",NA,8,8,0.328873261973217,FALSE
26,"ICA (oracle)",NA,9,9,0.350474856521823,FALSE
26,"ICA (oracle)",NA,10,10,0.370666581292518,FALSE
26,"ICA (oracle)",NA,11,11,0.38950573139897,FALSE
26,"ICA (oracle)",NA,12,12,0.407379446394981,FALSE
26,"ICA (oracle)",NA,13,13,0.424227579015237,FALSE
26,"ICA (oracle)",NA,14,14,0.440354614230146,FALSE
26,"ICA (oracle)",NA,15,15,0.455799506328894,FALSE
26,"ICA (oracle)",NA,16,16,0.470666431191925,FALSE
26,"ICA (oracle)",NA,17,17,0.484838588440587,FALSE
26,"ICA (oracle)",NA,18,18,0.498514700281166,FALSE
26,"ICA (oracle)",NA,19,19,0.511653295382619,FALSE
26,"ICA (oracle)",NA,20,20,0.524407163957118,FALSE
26,"ICA (oracle)",NA,21,21,0.536815632371021,FALSE
26,"ICA (oracle)",NA,22,22,0.548822341115014,FALSE
26,"ICA (oracle)",NA,23,23,0.560423522471169,FALSE
26,"ICA (oracle)",NA,24,24,0.571708066309108,FALSE
26,"ICA (oracle)",NA,25,25,0.582688150141516,FALSE
26,"ICA (oracle)",NA,26,26,0.593453969877743,FALSE
26,"ICA (oracle)",NA,27,27,0.603904296314727,FALSE
26,"ICA (oracle)",NA,28,28,0.61406461723219,FALSE
26,"ICA (oracle)",NA,29,29,0.623965483579755,FALSE
26,"ICA (oracle)",NA,30,30,0.633643831685312,FALSE
26,"SoftImpute (oracle)",1,0,0,0.773780129624472,NA
26,"SoftImpute (oracle)",1,1,1,0.523398664971961,NA
26,"SoftImpute (oracle)",1,2,2,0.372020927066014,NA
26,"SoftImpute (oracle)",1,3,3,0.175059129139674,NA
26,"SoftImpute (oracle)",1,4,4,0.215195936347499,NA
26,"SoftImpute (oracle)",1,5,5,0.247582633547871,NA
26,"SoftImpute (oracle)",1,6,6,0.275889794919087,NA
26,"SoftImpute (oracle)",1,7,7,0.301219849454097,NA
26,"SoftImpute (oracle)",1,8,8,0.324187500358498,NA
26,"SoftImpute (oracle)",1,9,9,0.345305345342005,NA
26,"SoftImpute (oracle)",1,10,10,0.365050984460848,NA
26,"SoftImpute (oracle)",1,11,11,0.383474952692479,NA
26,"SoftImpute (oracle)",1,12,12,0.400958363778275,NA
26,"SoftImpute (oracle)",1,13,13,0.417437751349952,NA
26,"SoftImpute (oracle)",1,14,14,0.433213975584284,NA
26,"SoftImpute (oracle)",1,15,15,0.448323782838561,NA
26,"SoftImpute (oracle)",1,16,16,0.462869374143254,NA
26,"SoftImpute (oracle)",1,17,17,0.476732849874559,NA
26,"SoftImpute (oracle)",1,18,18,0.490111249016735,NA
26,"SoftImpute (oracle)",1,19,19,0.502962236854727,NA
26,"SoftImpute (oracle)",1,20,20,0.515437399913742,NA
26,"SoftImpute (oracle)",1,21,21,0.527575277792639,NA
26,"SoftImpute (oracle)",1,22,22,0.539319039139201,NA
26,"SoftImpute (oracle)",1,23,23,0.550664389815199,NA
26,"SoftImpute (oracle)",1,24,24,0.561699543379562,NA
26,"SoftImpute (oracle)",1,25,25,0.572436240191275,NA
26,"SoftImpute (oracle)",1,26,26,0.582964107725474,NA
26,"SoftImpute (oracle)",1,27,27,0.593181827085241,NA
26,"SoftImpute (oracle)",1,28,28,0.603114534854316,NA
26,"SoftImpute (oracle)",1,29,29,0.612792448488871,NA
26,"SoftImpute (oracle)",1,30,30,0.622252179857526,NA
27,"PCA (oracle)",NA,0,0,0.750498366439557,NA
27,"PCA (oracle)",NA,1,1,0.47553311727096,NA
27,"PCA (oracle)",NA,2,2,0.353931778551386,NA
27,"PCA (oracle)",NA,3,3,0.173360267586281,NA
27,"PCA (oracle)",NA,4,4,0.215057454297419,NA
27,"PCA (oracle)",NA,5,5,0.248665836258988,NA
27,"PCA (oracle)",NA,6,6,0.277739348813905,NA
27,"PCA (oracle)",NA,7,7,0.303450758279125,NA
27,"PCA (oracle)",NA,8,8,0.327018877246018,NA
27,"PCA (oracle)",NA,9,9,0.348793036060796,NA
27,"PCA (oracle)",NA,10,10,0.368998658531077,NA
27,"PCA (oracle)",NA,11,11,0.388016042168111,NA
27,"PCA (oracle)",NA,12,12,0.405831893523851,NA
27,"PCA (oracle)",NA,13,13,0.422905616423759,NA
27,"PCA (oracle)",NA,14,14,0.439105032370315,NA
27,"PCA (oracle)",NA,15,15,0.454678834720574,NA
27,"PCA (oracle)",NA,16,16,0.469619242145324,NA
27,"PCA (oracle)",NA,17,17,0.484042902447941,NA
27,"PCA (oracle)",NA,18,18,0.497840629122355,NA
27,"PCA (oracle)",NA,19,19,0.511172088254552,NA
27,"PCA (oracle)",NA,20,20,0.523997056755086,NA
27,"PCA (oracle)",NA,21,21,0.536471306536808,NA
27,"PCA (oracle)",NA,22,22,0.548464374229231,NA
27,"PCA (oracle)",NA,23,23,0.560153906444142,NA
27,"PCA (oracle)",NA,24,24,0.571460107238061,NA
27,"PCA (oracle)",NA,25,25,0.582496459277451,NA
27,"PCA (oracle)",NA,26,26,0.593212833536129,NA
27,"PCA (oracle)",NA,27,27,0.603711147663955,NA
27,"PCA (oracle)",NA,28,28,0.613903350746961,NA
27,"PCA (oracle)",NA,29,29,0.623836672190689,NA
27,"PCA (oracle)",NA,30,30,0.63354382598906,NA
27,"ICA (oracle)",NA,0,0,0.750498366439557,NA
27,"ICA (oracle)",NA,1,1,0.47553311727096,TRUE
27,"ICA (oracle)",NA,2,2,0.353931778551386,TRUE
27,"ICA (oracle)",NA,3,3,0.173360267586282,TRUE
27,"ICA (oracle)",NA,4,4,0.215057454297419,TRUE
27,"ICA (oracle)",NA,5,5,0.248665836258988,TRUE
27,"ICA (oracle)",NA,6,6,0.277739348813905,TRUE
27,"ICA (oracle)",NA,7,7,0.303450758279125,TRUE
27,"ICA (oracle)",NA,8,8,0.327018877246018,FALSE
27,"ICA (oracle)",NA,9,9,0.348793036060796,FALSE
27,"ICA (oracle)",NA,10,10,0.368998658531077,FALSE
27,"ICA (oracle)",NA,11,11,0.388016042168111,FALSE
27,"ICA (oracle)",NA,12,12,0.405831893523851,FALSE
27,"ICA (oracle)",NA,13,13,0.422905616423759,FALSE
27,"ICA (oracle)",NA,14,14,0.439105032370315,FALSE
27,"ICA (oracle)",NA,15,15,0.454678834720574,FALSE
27,"ICA (oracle)",NA,16,16,0.469619242145323,FALSE
27,"ICA (oracle)",NA,17,17,0.484042902447942,FALSE
27,"ICA (oracle)",NA,18,18,0.497840629122355,FALSE
27,"ICA (oracle)",NA,19,19,0.511172088254553,FALSE
27,"ICA (oracle)",NA,20,20,0.523997056755086,FALSE
27,"ICA (oracle)",NA,21,21,0.536471306536808,FALSE
27,"ICA (oracle)",NA,22,22,0.548464374229232,FALSE
27,"ICA (oracle)",NA,23,23,0.560153906444142,FALSE
27,"ICA (oracle)",NA,24,24,0.571460107238061,FALSE
27,"ICA (oracle)",NA,25,25,0.582496459277452,FALSE
27,"ICA (oracle)",NA,26,26,0.593212833536129,FALSE
27,"ICA (oracle)",NA,27,27,0.603711147663956,FALSE
27,"ICA (oracle)",NA,28,28,0.613903350746961,FALSE
27,"ICA (oracle)",NA,29,29,0.62383667219069,FALSE
27,"ICA (oracle)",NA,30,30,0.63354382598906,FALSE
27,"SoftImpute (oracle)",1,0,0,0.750498366439557,NA
27,"SoftImpute (oracle)",1,1,1,0.475456483244854,NA
27,"SoftImpute (oracle)",1,2,2,0.353662917633917,NA
27,"SoftImpute (oracle)",1,3,3,0.172486140912371,NA
27,"SoftImpute (oracle)",1,4,4,0.213033463540526,NA
27,"SoftImpute (oracle)",1,5,5,0.245794518243775,NA
27,"SoftImpute (oracle)",1,6,6,0.274173557897572,NA
27,"SoftImpute (oracle)",1,7,7,0.299286938191456,NA
27,"SoftImpute (oracle)",1,8,8,0.322322063836515,NA
27,"SoftImpute (oracle)",1,9,9,0.343612063488826,NA
27,"SoftImpute (oracle)",1,10,10,0.363371845284501,NA
27,"SoftImpute (oracle)",1,11,11,0.381973751650556,NA
27,"SoftImpute (oracle)",1,12,12,0.399399769482774,NA
27,"SoftImpute (oracle)",1,13,13,0.416104361716823,NA
27,"SoftImpute (oracle)",1,14,14,0.43195305041658,NA
27,"SoftImpute (oracle)",1,15,15,0.447191705892251,NA
27,"SoftImpute (oracle)",1,16,16,0.461810865965487,NA
27,"SoftImpute (oracle)",1,17,17,0.475925487110079,NA
27,"SoftImpute (oracle)",1,18,18,0.489425475706294,NA
27,"SoftImpute (oracle)",1,19,19,0.502469128250168,NA
27,"SoftImpute (oracle)",1,20,20,0.515015484545311,NA
27,"SoftImpute (oracle)",1,21,21,0.527219244069668,NA
27,"SoftImpute (oracle)",1,22,22,0.538949632914902,NA
27,"SoftImpute (oracle)",1,23,23,0.550383351957102,NA
27,"SoftImpute (oracle)",1,24,24,0.561440324925476,NA
27,"SoftImpute (oracle)",1,25,25,0.572233363119445,NA
27,"SoftImpute (oracle)",1,26,26,0.582712089958541,NA
27,"SoftImpute (oracle)",1,27,27,0.592977867773815,NA
27,"SoftImpute (oracle)",1,28,28,0.602942555463048,NA
27,"SoftImpute (oracle)",1,29,29,0.612653012861552,NA
27,"SoftImpute (oracle)",1,30,30,0.622141642537731,NA
28,"PCA (oracle)",NA,0,0,0.776850770746216,NA
28,"PCA (oracle)",NA,1,1,0.555388727748107,NA
28,"PCA (oracle)",NA,2,2,0.401468855850859,NA
28,"PCA (oracle)",NA,3,3,0.172541517330406,NA
28,"PCA (oracle)",NA,4,4,0.214081083451565,NA
28,"PCA (oracle)",NA,5,5,0.247715525192405,NA
28,"PCA (oracle)",NA,6,6,0.276801729017009,NA
28,"PCA (oracle)",NA,7,7,0.30259063590715,NA
28,"PCA (oracle)",NA,8,8,0.326121173294816,NA
28,"PCA (oracle)",NA,9,9,0.347783306831815,NA
28,"PCA (oracle)",NA,10,10,0.368095066840069,NA
28,"PCA (oracle)",NA,11,11,0.38733963649016,NA
28,"PCA (oracle)",NA,12,12,0.405478872619437,NA
28,"PCA (oracle)",NA,13,13,0.422654517946464,NA
28,"PCA (oracle)",NA,14,14,0.438983573320051,NA
28,"PCA (oracle)",NA,15,15,0.454730557102736,NA
28,"PCA (oracle)",NA,16,16,0.469665979614208,NA
28,"PCA (oracle)",NA,17,17,0.484034231485377,NA
28,"PCA (oracle)",NA,18,18,0.497899938513664,NA
28,"PCA (oracle)",NA,19,19,0.511132865652667,NA
28,"PCA (oracle)",NA,20,20,0.523914415106404,NA
28,"PCA (oracle)",NA,21,21,0.536231896011298,NA
28,"PCA (oracle)",NA,22,22,0.54826852447038,NA
28,"PCA (oracle)",NA,23,23,0.559959650428078,NA
28,"PCA (oracle)",NA,24,24,0.57129772394382,NA
28,"PCA (oracle)",NA,25,25,0.582262575707405,NA
28,"PCA (oracle)",NA,26,26,0.592935117923645,NA
28,"PCA (oracle)",NA,27,27,0.603351471495499,NA
28,"PCA (oracle)",NA,28,28,0.61350595689383,NA
28,"PCA (oracle)",NA,29,29,0.623443568060533,NA
28,"PCA (oracle)",NA,30,30,0.633180915064897,NA
28,"ICA (oracle)",NA,0,0,0.776850770746216,NA
28,"ICA (oracle)",NA,1,1,0.555388727748107,TRUE
28,"ICA (oracle)",NA,2,2,0.401468855850859,TRUE
28,"ICA (oracle)",NA,3,3,0.172541517330406,TRUE
28,"ICA (oracle)",NA,4,4,0.214081083451565,TRUE
28,"ICA (oracle)",NA,5,5,0.247715525192405,TRUE
28,"ICA (oracle)",NA,6,6,0.276801729017009,TRUE
28,"ICA (oracle)",NA,7,7,0.30259063590715,TRUE
28,"ICA (oracle)",NA,8,8,0.326121173294816,FALSE
28,"ICA (oracle)",NA,9,9,0.347783306831815,FALSE
28,"ICA (oracle)",NA,10,10,0.368095066840069,FALSE
28,"ICA (oracle)",NA,11,11,0.38733963649016,FALSE
28,"ICA (oracle)",NA,12,12,0.405478872619437,FALSE
28,"ICA (oracle)",NA,13,13,0.422654517946464,FALSE
28,"ICA (oracle)",NA,14,14,0.438983573320051,FALSE
28,"ICA (oracle)",NA,15,15,0.454730557102736,FALSE
28,"ICA (oracle)",NA,16,16,0.469665979614207,FALSE
28,"ICA (oracle)",NA,17,17,0.484034231485377,FALSE
28,"ICA (oracle)",NA,18,18,0.497899938513664,FALSE
28,"ICA (oracle)",NA,19,19,0.511132865652666,FALSE
28,"ICA (oracle)",NA,20,20,0.523914415106404,FALSE
28,"ICA (oracle)",NA,21,21,0.536231896011299,FALSE
28,"ICA (oracle)",NA,22,22,0.54826852447038,FALSE
28,"ICA (oracle)",NA,23,23,0.559959650428078,FALSE
28,"ICA (oracle)",NA,24,24,0.57129772394382,FALSE
28,"ICA (oracle)",NA,25,25,0.582262575707405,FALSE
28,"ICA (oracle)",NA,26,26,0.592935117923646,FALSE
28,"ICA (oracle)",NA,27,27,0.603351471495499,FALSE
28,"ICA (oracle)",NA,28,28,0.61350595689383,FALSE
28,"ICA (oracle)",NA,29,29,0.623443568060533,FALSE
28,"ICA (oracle)",NA,30,30,0.633180915064897,FALSE
28,"SoftImpute (oracle)",1,0,0,0.776850770746216,NA
28,"SoftImpute (oracle)",1,1,1,0.555347137997346,NA
28,"SoftImpute (oracle)",1,2,2,0.4012748902915,NA
28,"SoftImpute (oracle)",1,3,3,0.171824835791587,NA
28,"SoftImpute (oracle)",1,4,4,0.212184263806757,NA
28,"SoftImpute (oracle)",1,5,5,0.244953214291569,NA
28,"SoftImpute (oracle)",1,6,6,0.273332969748292,NA
28,"SoftImpute (oracle)",1,7,7,0.298514900999763,NA
28,"SoftImpute (oracle)",1,8,8,0.321506027264858,NA
28,"SoftImpute (oracle)",1,9,9,0.342679146196712,NA
28,"SoftImpute (oracle)",1,10,10,0.362540307120919,NA
28,"SoftImpute (oracle)",1,11,11,0.381365006376008,NA
28,"SoftImpute (oracle)",1,12,12,0.399110367879058,NA
28,"SoftImpute (oracle)",1,13,13,0.415913992939346,NA
28,"SoftImpute (oracle)",1,14,14,0.431889706783482,NA
28,"SoftImpute (oracle)",1,15,15,0.447299102400196,NA
28,"SoftImpute (oracle)",1,16,16,0.461911531290725,NA
28,"SoftImpute (oracle)",1,17,17,0.475969284377216,NA
28,"SoftImpute (oracle)",1,18,18,0.489535639548793,NA
28,"SoftImpute (oracle)",1,19,19,0.502479682723663,NA
28,"SoftImpute (oracle)",1,20,20,0.514981510489505,NA
28,"SoftImpute (oracle)",1,21,21,0.527027743883379,NA
28,"SoftImpute (oracle)",1,22,22,0.538800535301797,NA
28,"SoftImpute (oracle)",1,23,23,0.550234863631177,NA
28,"SoftImpute (oracle)",1,24,24,0.561322724308958,NA
28,"SoftImpute (oracle)",1,25,25,0.572043577808965,NA
28,"SoftImpute (oracle)",1,26,26,0.582477772503666,NA
28,"SoftImpute (oracle)",1,27,27,0.592661016798902,NA
28,"SoftImpute (oracle)",1,28,28,0.602587353716264,NA
28,"SoftImpute (oracle)",1,29,29,0.612301407136357,NA
28,"SoftImpute (oracle)",1,30,30,0.621819512551122,NA
29,"PCA (oracle)",NA,0,0,0.79473158261836,NA
29,"PCA (oracle)",NA,1,1,0.528154670223944,NA
29,"PCA (oracle)",NA,2,2,0.355116847274246,NA
29,"PCA (oracle)",NA,3,3,0.173763816029036,NA
29,"PCA (oracle)",NA,4,4,0.215406269770734,NA
29,"PCA (oracle)",NA,5,5,0.249734981205184,NA
29,"PCA (oracle)",NA,6,6,0.279246306459814,NA
29,"PCA (oracle)",NA,7,7,0.305303773766145,NA
29,"PCA (oracle)",NA,8,8,0.329032394212965,NA
29,"PCA (oracle)",NA,9,9,0.350832218111054,NA
29,"PCA (oracle)",NA,10,10,0.371124738383007,NA
29,"PCA (oracle)",NA,11,11,0.390101137363121,NA
29,"PCA (oracle)",NA,12,12,0.40805378025864,NA
29,"PCA (oracle)",NA,13,13,0.424986984871781,NA
29,"PCA (oracle)",NA,14,14,0.44120254001818,NA
29,"PCA (oracle)",NA,15,15,0.456676462577851,NA
29,"PCA (oracle)",NA,16,16,0.471534360833778,NA
29,"PCA (oracle)",NA,17,17,0.485814617049222,NA
29,"PCA (oracle)",NA,18,18,0.499544451796329,NA
29,"PCA (oracle)",NA,19,19,0.512863680631489,NA
29,"PCA (oracle)",NA,20,20,0.525701295257854,NA
29,"PCA (oracle)",NA,21,21,0.538190519226067,NA
29,"PCA (oracle)",NA,22,22,0.5502460037155,NA
29,"PCA (oracle)",NA,23,23,0.561949668983012,NA
29,"PCA (oracle)",NA,24,24,0.573284259336112,NA
29,"PCA (oracle)",NA,25,25,0.584244469096849,NA
29,"PCA (oracle)",NA,26,26,0.594905572069582,NA
29,"PCA (oracle)",NA,27,27,0.605364399570983,NA
29,"PCA (oracle)",NA,28,28,0.615545323371545,NA
29,"PCA (oracle)",NA,29,29,0.625469006127476,NA
29,"PCA (oracle)",NA,30,30,0.635225614304263,NA
29,"ICA (oracle)",NA,0,0,0.79473158261836,NA
29,"ICA (oracle)",NA,1,1,0.528154670223944,TRUE
29,"ICA (oracle)",NA,2,2,0.355116847274246,TRUE
29,"ICA (oracle)",NA,3,3,0.173763816029036,TRUE
29,"ICA (oracle)",NA,4,4,0.215406269770733,TRUE
29,"ICA (oracle)",NA,5,5,0.249734981205184,TRUE
29,"ICA (oracle)",NA,6,6,0.279246306459814,TRUE
29,"ICA (oracle)",NA,7,7,0.305303773766145,FALSE
29,"ICA (oracle)",NA,8,8,0.329032394212966,FALSE
29,"ICA (oracle)",NA,9,9,0.350832218111054,FALSE
29,"ICA (oracle)",NA,10,10,0.371124738383007,FALSE
29,"ICA (oracle)",NA,11,11,0.390101137363121,FALSE
29,"ICA (oracle)",NA,12,12,0.40805378025864,FALSE
29,"ICA (oracle)",NA,13,13,0.424986984871781,FALSE
29,"ICA (oracle)",NA,14,14,0.44120254001818,FALSE
29,"ICA (oracle)",NA,15,15,0.456676462577851,FALSE
29,"ICA (oracle)",NA,16,16,0.471534360833778,FALSE
29,"ICA (oracle)",NA,17,17,0.485814617049222,FALSE
29,"ICA (oracle)",NA,18,18,0.499544451796329,FALSE
29,"ICA (oracle)",NA,19,19,0.512863680631489,FALSE
29,"ICA (oracle)",NA,20,20,0.525701295257854,FALSE
29,"ICA (oracle)",NA,21,21,0.538190519226066,FALSE
29,"ICA (oracle)",NA,22,22,0.550246003715499,FALSE
29,"ICA (oracle)",NA,23,23,0.561949668983011,FALSE
29,"ICA (oracle)",NA,24,24,0.573284259336112,FALSE
29,"ICA (oracle)",NA,25,25,0.584244469096849,FALSE
29,"ICA (oracle)",NA,26,26,0.594905572069582,FALSE
29,"ICA (oracle)",NA,27,27,0.605364399570983,FALSE
29,"ICA (oracle)",NA,28,28,0.615545323371545,FALSE
29,"ICA (oracle)",NA,29,29,0.625469006127476,FALSE
29,"ICA (oracle)",NA,30,30,0.635225614304263,FALSE
29,"SoftImpute (oracle)",1,0,0,0.79473158261836,NA
29,"SoftImpute (oracle)",1,1,1,0.528121051387749,NA
29,"SoftImpute (oracle)",1,2,2,0.354942178155024,NA
29,"SoftImpute (oracle)",1,3,3,0.173073913938461,NA
29,"SoftImpute (oracle)",1,4,4,0.213532811620656,NA
29,"SoftImpute (oracle)",1,5,5,0.246989567983181,NA
29,"SoftImpute (oracle)",1,6,6,0.275791624383186,NA
29,"SoftImpute (oracle)",1,7,7,0.301240725270504,NA
29,"SoftImpute (oracle)",1,8,8,0.324429078559306,NA
29,"SoftImpute (oracle)",1,9,9,0.345739370721884,NA
29,"SoftImpute (oracle)",1,10,10,0.365581369200076,NA
29,"SoftImpute (oracle)",1,11,11,0.384138729082109,NA
29,"SoftImpute (oracle)",1,12,12,0.401697923665853,NA
29,"SoftImpute (oracle)",1,13,13,0.418259633314964,NA
29,"SoftImpute (oracle)",1,14,14,0.434121930700936,NA
29,"SoftImpute (oracle)",1,15,15,0.449258748358064,NA
29,"SoftImpute (oracle)",1,16,16,0.463793589886471,NA
29,"SoftImpute (oracle)",1,17,17,0.477763312601933,NA
29,"SoftImpute (oracle)",1,18,18,0.491193882759903,NA
29,"SoftImpute (oracle)",1,19,19,0.504223768951714,NA
29,"SoftImpute (oracle)",1,20,20,0.516781308280197,NA
29,"SoftImpute (oracle)",1,21,21,0.528998677116049,NA
29,"SoftImpute (oracle)",1,22,22,0.540790114629145,NA
29,"SoftImpute (oracle)",1,23,23,0.552236799878515,NA
29,"SoftImpute (oracle)",1,24,24,0.563321044258316,NA
29,"SoftImpute (oracle)",1,25,25,0.574037137531413,NA
29,"SoftImpute (oracle)",1,26,26,0.584459798863182,NA
29,"SoftImpute (oracle)",1,27,27,0.594685299856874,NA
29,"SoftImpute (oracle)",1,28,28,0.604637905584351,NA
29,"SoftImpute (oracle)",1,29,29,0.614337964309159,NA
29,"SoftImpute (oracle)",1,30,30,0.623875189325367,NA
